Casetrackingid,Accidentdate,Accidenttime,Numberkilled,Numberinjured,Totalvehicles,Totalnonmotorists,Juvenilesinvolvedindicator,Secondarycrashindicator,Constructionzoneindicator,Schoolzoneindicator,Latitude,Longitude,Onroadaddress,_Primarystreet,_Crossstreet,Location,Numberoflanesblocked,Laneposition,Harmfulevent1,Harmfulevent2,Harmfulevent3,Harmfulevent4,Mostharmfulevent,Roadcontourcurves,Roadcontourgrade,Approachovertakingturn,Lightingcondition,Roaddescription,Roadcondition,Weathercondition1,Weathercondition2,Hitandrun_V1,Noncontact_V1,Parked_V1,Unlicenseddriver_V1,Duiindicator_V1,Vehicledefectcondition_V1,Positioninvehicle_D1,Drivingrestrictions_D1,Drivingendorsements_D1,Ejectionpath_D1,Safetyequipmentuse_D1,Safetyequipmenthelmet_D1,Age_D1,Airbagdeployment_D1,Injuryseverity_D1,Alcoholsuspected_D1,Marijuanasuspected_D1,Otherdrugssuspected_D1,Testedforotherdrugs_D1,Personsexcode_D1,Deadatscene_D1,Vehicletype_V1,Specialfunction_V1,Emergencylightsactivated_V1,Directionoftravel_V1,Vehiclemovement_V1,Roadwayspeedlimit_V1,Estimatedvehiclespeed_V1,Driverstatedspeed_V1,Driveraction1_V1,Driveraction2_V1,Mostapprthumancontrfactor1_V1,Mostapprthumancontrfactor2_V1,Mostapprthumancontrfactor3_V1,Autonomousvehiclecapability_V1,Drivercededcontrol_V1,Nonmotoristtype_V1,Nonmotoristmovement_V1,Nonmotoristlocation_V1,Nonmotoristlegofint_V1,Nonmotoristtypeoffacility_V1,Nonmotoristaction1_V1,Nonmotoristaction2_V1,Nonmotoristcontrfctr1_V1,Nonmotoristcontrfctr2_V1,Nonmotoristcontrfctr3_V1,Hitandrun_V2,Noncontact_V2,Parked_V2,Unlicenseddriver_V2,Duiindicator_V2,Vehicledefectcondition_V2,Positioninvehicle_D2,Drivingrestrictions_D2,Drivingendorsements_D2,Ejectionpath_D2,Safetyequipmentuse_D2,Safetyequipmenthelmet_D2,Age_D2,Airbagdeployment_D2,Injuryseverity_D2,Alcoholsuspected_D2,Marijuanasuspected_D2,Otherdrugssuspected_D2,Testedforotherdrugs_D2,Personsexcode_D2,Vehicletype_V2,Specialfunction_V2,Emergencylightsactivated_V2,Directionoftravel_V2,Vehiclemovement_V2,Roadwayspeedlimit_V2,Estimatedvehiclespeed_V2,Driverstatedspeed_V2,Driveraction1_V2,Driveraction2_V2,Mostapprthumancontrfactor1_V2,Mostapprthumancontrfactor2_V2,Mostapprthumancontrfactor3_V2,Autonomousvehiclecapability_V2,Drivercededcontrol_V2,Nonmotoristtype_V2,Nonmotoristmovement_V2,Nonmotoristlocation_V2,Nonmotoristlegofint_V2,Nonmotoristtypeoffacility_V2,Nonmotoristaction1_V2,Nonmotoristaction2_V2,Nonmotoristcontrfctr1_V2,Nonmotoristcontrfctr2_V2,Nonmotoristcontrfctr3_V2,Hitandrun_V3,Noncontact_V3,Parked_V3,Unlicenseddriver_V3,Duiindicator_V3,Positioninvehicle_D3,Drivingrestrictions_D3,Drivingendorsements_D3,Ejection_D3,Safetyequipmentuse_D3,Age_D3,Airbagdeployment_D3,Injuryseverity_D3,Alcoholsuspected_D3,Marijuanasuspected_D3,Otherdrugssuspected_D3,Testedforotherdrugs_D3,Personsexcode_D3,Vehicletype_V3,Specialfunction_V3,Emergencylightsactivated_V3,Directionoftravel_V3,Vehiclemovement_V3,Roadwayspeedlimit_V3,Estimatedvehiclespeed_V3,Driverstatedspeed_V3,Driveraction1_V3,Driveraction2_V3,Mostapprthumancontrfactor1_V3,Mostapprthumancontrfactor2_V3,Mostapprthumancontrfactor3_V3,Autonomousvehiclecapability_V3,Drivercededcontrol_V3,Nonmotoristtype_V3,Nonmotoristmovement_V3,Nonmotoristlocation_V3,Nonmotoristlegofint_V3,Nonmotoristtypeoffacility_V3,Nonmotoristaction1_V3,Nonmotoristaction2_V3,Nonmotoristcontrfctr1_V3,Nonmotoristcontrfctr2_V3,Nonmotoristcontrfctr3_V3
250000008,1/1/2025 3:12:00 AM,1/1/2025 3:12:00 AM,0.00,0.00,1.00,0.00,true,false,false,false,39.52,-105.00,,STONE MOUNTAIN DR,MEYERWOOD CIR,On-roadway,2.00,1,Overturning/Rollover,Curb,,,Overturning/Rollover,Curve Right,Level,Approach Turn,Dark-lighted,At Intersection,Dry,Clear,,false,false,false,false,false,No Vehicle Defects,Driver,None,None,Not Ejected/Not Applicable,Properly used,"N/A Cars, truck, etc.",17.00,Not Deployed,No Apparent Injury,Yes SFST,Marijuana Suspected,No Observed,Not Tested,m,,SUV,No Special Function,false,East,Making Right Turn,25.00,40.00,35.00,Over-Correcting / Over-Steering,,Other Factor,,,No Automation,,,,,,,,,,,,,,,,,,,,,,,,,,,,,,,,,,,,,,,,,,,,,,,,,,,,,,,,,,,,,,,,,,,,,,,,,,,,,,,,,,,,,,,,,,,,,,,,,,,
250000247,1/1/2025 10:15:00 PM,1/1/2025 10:15:00 PM,1.00,0.00,1.00,0.00,false,false,false,false,39.23,-104.77,9200.00,SPRING VALLEY RD,,Ran off right side,0.00,1,Embankment,Large Rocks or Boulder,,,Large Rocks or Boulder,Straight,Uphill,Not Applicable,Dark-unlighted,Non-intersection,Sand/Gravel,Clear,,false,false,false,false,false,No Vehicle Defects,Driver,Compliance Not Known,None,Not Ejected/Not Applicable,Unknown,"N/A Cars, truck, etc.",18.00,Unknown,Fatal Injury,No Other Method,Unknown,No Observed,Not Tested,m,true,Passenger Car/Passenger Van,No Special Function,false,North,Out of Control,35.00,90.00,,Reckless Driving,Speeding,Other Factor,,,No Automation,,,,,,,,,,,,,,,,,,,,,,,,,,,,,,,,,,,,,,,,,,,,,,,,,,,,,,,,,,,,,,,,,,,,,,,,,,,,,,,,,,,,,,,,,,,,,,,,,,,
250000286,1/1/2025 10:15:00 PM,1/1/2025 10:15:00 PM,0.00,0.00,2.00,0.00,false,false,false,false,39.47,-105.07,7664.00,ELMWOOD ST,,Ran off left side,0.00,,Parked Motor Vehicle,,,,Parked Motor Vehicle,Straight,Level,Not Applicable,Dark-unlighted,Non-intersection,Dry,Clear,,true,false,false,false,false,No Vehicle Defects,Driver,None,None,Not Ejected/Not Applicable,Unknown,"N/A Cars, truck, etc.",33.00,Unknown,No Apparent Injury,No Other Method,Unknown,No Other Method,Not Tested,m,,Passenger Car/Passenger Van,No Special Function,false,Northwest,Backing,25.00,25.00,,Other Contributing Action,,No apparent contributing factor,,,No Automation,,,,,,,,,,,,false,false,true,,,,,,,,,,,,,,,,,,Pickup Truck/Utility Van,No Special Function,false,West,Parked,,,,,,,,,,,,,,,,,,,,,,,,,,,,,,,,,,,,,,,,,,,,,,,,,,,,,,,,,,,,,,,
250000411,1/2/2025 12:32:00 PM,1/2/2025 12:32:00 PM,0.00,1.00,1.00,1.00,true,false,false,false,39.53,-105.02,10200.00,WESTRIDGE VILLAGE PKWY,,On-roadway,2.00,1,Pedestrian,,,,Pedestrian,Curve Left,Level,Not Applicable,Daylight,Non-intersection,Dry,Clear,,true,false,false,false,false,No Vehicle Defects,Driver,Complied With,None,Not Ejected/Not Applicable,Unknown,"N/A Cars, truck, etc.",20.00,Not Deployed,No Apparent Injury,No Observed,Marijuana Not Suspected,No Observed,Not Tested,m,,Passenger Car/Passenger Van,No Special Function,false,South,Going Straight,25.00,15.00,0.00,Other Contributing Action,,Other Factor,,,No Automation,,Pedestrian,Other,Marked Bicycle Lane,South,,Other,,Other Factor,,,,,,,,,,,,,,"N/A Cars, truck, etc.",15.00,,Suspected Serious Injury,No Observed,Marijuana Not Suspected,No Observed,Not Tested,f,,,,,,,,,,,,,,,,,,,,,,,,,,,,,,,,,,,,,,,,,,,,,,,,,,,,,,,,,,,,,,,,,,,,
250000424,1/2/2025 1:06:00 PM,1/2/2025 1:06:00 PM,0.00,0.00,2.00,0.00,false,false,false,false,39.54,-104.99,,KENDRICK CASTILLO WAY,BURGUNDY ST,On-roadway,0.00,1,Front to Rear,,,,Front to Rear,Curve Left,Downhill,Not Applicable,Daylight,Non-intersection,Dry,Clear,,false,false,false,false,false,No Vehicle Defects,Driver,None,None,Not Ejected/Not Applicable,Properly used,"N/A Cars, truck, etc.",30.00,Not Deployed,No Apparent Injury,No Observed,Marijuana Not Suspected,No Observed,Not Tested,m,,Passenger Car/Passenger Van,No Special Function,false,East,Making Left Turn,40.00,40.00,,Careless Driving,Followed Too Closely,Aggressive Driving,,,No Automation,,,,,,,,,,,,false,false,false,false,false,No Vehicle Defects,Driver,None,None,Not Ejected/Not Applicable,Properly used,"N/A Cars, truck, etc.",48.00,Not Deployed,No Apparent Injury,No Observed,Marijuana Not Suspected,No Observed,Not Tested,m,SUV,No Special Function,false,East,Making Left Turn,40.00,40.00,,Other Contributing Action,,Aggressive Driving,,,No Automation,,,,,,,,,,,,,,,,,,,,,,,,,,,,,,,,,,,,,,,,,,,,,,,,,,,,,,
250000514,1/2/2025 7:50:00 PM,1/2/2025 7:50:00 PM,0.00,0.00,1.00,0.00,false,false,false,false,39.44,-104.75,7100.00,SOUTH PINERY DR,,On-roadway,0.00,1,Wild Animal,,,,Wild Animal,Straight,Level,Not Applicable,Dark-unlighted,Non-intersection,Dry,Clear,,false,false,false,false,false,No Vehicle Defects,Driver,None,None,Not Ejected/Not Applicable,Properly used,"N/A Cars, truck, etc.",26.00,Not Deployed,No Apparent Injury,No Observed,Marijuana Not Suspected,No Observed,Not Tested,m,,Passenger Car/Passenger Van,No Special Function,false,South,Going Straight,25.00,25.00,25.00,No Contributing Action,,No apparent contributing factor,,,No Automation,,,,,,,,,,,,,,,,,,,,,,,,,,,,,,,,,,,,,,,,,,,,,,,,,,,,,,,,,,,,,,,,,,,,,,,,,,,,,,,,,,,,,,,,,,,,,,,,,,,
250000567,1/3/2025 9:00:00 AM,1/3/2025 9:00:00 AM,0.00,0.00,2.00,0.00,true,false,false,false,39.53,-104.94,,WILDCAT RESERVE PKWY,MCARTHUR RANCH RD,On-roadway,2.00,1,Front to Side,,,,Front to Side,Straight,Level,Approach Turn,Dark-lighted,At Intersection,Dry,Clear,,false,false,false,false,false,No Vehicle Defects,Driver,Complied With,None,Not Ejected/Not Applicable,Properly used,"N/A Cars, truck, etc.",16.00,Deployed at pos. and others,No Apparent Injury,No Observed,Marijuana Not Suspected,No Observed,Not Tested,f,,SUV,No Special Function,false,North,Making Left Turn,40.00,20.00,,Failed to Yield ROW,,Age / Driver Ability,,,No Automation,,,,,,,,,,,,false,false,false,false,false,No Vehicle Defects,Driver,Complied With,None,Not Ejected/Not Applicable,Properly used,"N/A Cars, truck, etc.",16.00,Not Deployed,No Apparent Injury,No Observed,Marijuana Not Suspected,No Observed,Not Tested,m,Passenger Car/Passenger Van,No Special Function,false,South,Going Straight,40.00,20.00,,No Contributing Action,,No apparent contributing factor,,,No Automation,,,,,,,,,,,,,,,,,,,,,,,,,,,,,,,,,,,,,,,,,,,,,,,,,,,,,,
250000741,1/3/2025 2:44:00 PM,1/3/2025 2:44:00 PM,0.00,3.00,4.00,0.00,false,false,false,false,39.54,-104.94,,COLORADO BLVD,UNIVERSITY BLVD,On-roadway,7.00,4,Front to Side,Side to Side - Same Direction,Side to Side - Same Direction,Front to Front,Front to Side,Straight,Level,Not Applicable,Daylight,At Intersection,Dry,Clear,,false,false,false,false,false,No Vehicle Defects,Driver,None,None,Not Ejected/Not Applicable,Properly used,"N/A Cars, truck, etc.",56.00,Not Equipped,Suspected Minor Injury,No Observed,Marijuana Not Suspected,No Observed,Not Tested,m,,SUV,No Special Function,false,East,Going Straight,45.00,30.00,,Failed to Stop at Signal,,Driver Unfamiliar With Area,Looked / Did Not See,,No Automation,,,,,,,,,,,,false,false,false,false,false,No Vehicle Defects,Driver,None,None,Not Ejected/Not Applicable,Properly used,"N/A Cars, truck, etc.",62.00,Not Deployed,Suspected Minor Injury,No Observed,Marijuana Not Suspected,No Observed,Not Tested,m,Pickup Truck/Utility Van,No Special Function,false,South,Going Straight,45.00,10.00,5.00,No Contributing Action,,No apparent contributing factor,,,No Automation,,,,,,,,,,,,false,false,false,false,false,Driver,None,None,No,Properly used,48.00,Deployed at pos. and others,Suspected Minor Injury,No Observed,Marijuana Not Suspected,No Observed,Not Tested,m,SUV,No Special Function,false,South,Going Straight,45.00,10.00,10.00,No Contributing Action,,No apparent contributing factor,,,No Automation,,,,,,,,,,,
250000788,1/3/2025 5:27:00 PM,1/3/2025 5:27:00 PM,0.00,0.00,2.00,0.00,false,false,false,false,39.42,-104.83,,CROWFOOT VALLEY RD,MACANTA BLVD,On-roadway,2.00,2,Front to Side,,,,Front to Side,Straight,Level,Approach Turn,Dark-unlighted,At Intersection,Dry,Clear,,false,false,false,false,false,No Vehicle Defects,Driver,None,None,Not Ejected/Not Applicable,Properly used,"N/A Cars, truck, etc.",46.00,Not Equipped,No Apparent Injury,No Observed,Marijuana Not Suspected,No Observed,Not Tested,m,,Pickup Truck/Utility Van,No Special Function,false,North,Making Left Turn,45.00,15.00,15.00,Failed to Yield ROW,,Looked / Did Not See,,,No Automation,,,,,,,,,,,,false,false,false,false,false,No Vehicle Defects,Driver,None,None,Not Ejected/Not Applicable,Properly used,"N/A Cars, truck, etc.",20.00,Deployed at pos. only,No Apparent Injury,No Observed,Marijuana Not Suspected,No Observed,Not Tested,f,Passenger Car/Passenger Van,No Special Function,false,East,Going Straight,45.00,50.00,50.00,No Contributing Action,,No apparent contributing factor,,,No Automation,,,,,,,,,,,,,,,,,,,,,,,,,,,,,,,,,,,,,,,,,,,,,,,,,,,,,,
250000827,1/3/2025 9:30:00 PM,1/3/2025 9:30:00 PM,0.00,0.00,2.00,0.00,false,false,false,false,39.56,-104.80,8651.00,ROSEBUD PL,,On-roadway,0.00,1,Side to Side - Same Direction,,,,Side to Side - Same Direction,Straight,Level,Not Applicable,Dark-unlighted,Non-intersection,Dry,Clear,,false,false,false,false,false,No Vehicle Defects,Driver,Complied With,Complied With,Not Ejected/Not Applicable,Properly used,"N/A Cars, truck, etc.",37.00,Not Deployed,No Apparent Injury,No Observed,Marijuana Not Suspected,No Observed,Not Tested,m,,Non-school Bus 9 occupants or more including driver in commerce,Taxi,false,North,Making Right Turn,25.00,5.00,5.00,Improper Passing on Right,,Driver Inexperience,Driver Unfamiliar With Area,,No Automation,,,,,,,,,,,,false,false,true,,,,,,,,,,,,,,,,,,Passenger Car/Passenger Van,No Special Function,false,North,Parked,,,,,,,,,,,,,,,,,,,,,,,,,,,,,,,,,,,,,,,,,,,,,,,,,,,,,,,,,,,,,,,
250000892,1/4/2025 5:50:00 AM,1/4/2025 5:50:00 AM,0.00,0.00,2.00,0.00,false,false,false,false,39.55,-104.76,1200.00,PINE DR,,On-roadway,1.00,1,Front to Rear,,,,Front to Rear,Straight,Level,Not Applicable,Dark-unlighted,Non-intersection,Dry,Fog,,false,false,false,false,false,No Vehicle Defects,Driver,None,None,Not Ejected/Not Applicable,Unknown,"N/A Cars, truck, etc.",36.00,Deployed at pos. only,No Apparent Injury,No Observed,Marijuana Not Suspected,No Observed,Not Tested,f,,SUV,No Special Function,false,South,Going Straight,40.00,30.00,,Careless Driving,Too Fast For Conditions,No apparent contributing factor,,,No Automation,,,,,,,,,,,,false,false,false,false,false,No Vehicle Defects,Driver,None,None,Not Ejected/Not Applicable,Unknown,"N/A Cars, truck, etc.",24.00,Not Deployed,No Apparent Injury,No Observed,Marijuana Not Suspected,No Observed,Not Tested,f,Passenger Car/Passenger Van,No Special Function,false,South,Going Straight,40.00,20.00,20.00,No Contributing Action,,No apparent contributing factor,,,No Automation,,,,,,,,,,,,,,,,,,,,,,,,,,,,,,,,,,,,,,,,,,,,,,,,,,,,,,
250001000,1/4/2025 5:21:00 PM,1/4/2025 5:21:00 PM,0.00,1.00,2.00,0.00,true,false,false,false,39.54,-104.91,,QUEBEC ST,LINCOLN AVE,On-roadway,1.00,2,Front to Side,,,,Front to Side,Straight,Level,Not Applicable,Dark-lighted,Intersection Related,Dry,Fog,,false,false,false,false,false,No Vehicle Defects,Driver,None,None,Not Ejected/Not Applicable,Properly used,"N/A Cars, truck, etc.",39.00,Not Deployed,No Apparent Injury,No Observed,Marijuana Not Suspected,No Observed,Not Tested,m,,Passenger Car/Passenger Van,No Special Function,false,South,Changing lanes,45.00,20.00,20.00,Lane Violation,,Looked / Did Not See,,,No Automation,,,,,,,,,,,,false,false,false,false,false,No Vehicle Defects,Driver,None,None,Not Ejected/Not Applicable,Properly used,"N/A Cars, truck, etc.",51.00,Not Deployed,No Apparent Injury,No Observed,Marijuana Not Suspected,No Observed,Not Tested,m,SUV,No Special Function,false,South,Going Straight,45.00,20.00,20.00,No Contributing Action,,No apparent contributing factor,,,No Automation,,,,,,,,,,,,,,,,,,,,,,,,,,,,,,,,,,,,,,,,,,,,,,,,,,,,,,
250001091,1/5/2025 6:36:00 AM,1/5/2025 6:36:00 AM,0.00,0.00,1.00,0.00,false,false,false,false,39.56,-104.98,,WILLOW CREEK ST,PRAIRIE RIDGE RD,Ran off right side,0.00,1,Traffic Signal Pole,,,,Traffic Signal Pole,Straight,Downhill,Not Applicable,Dawn or dusk,At Intersection,Icy,Clear,,true,false,false,,,,,,,,,,,,,,,,,,,Unknown Hit & Run Only,No Special Function,false,South,Going Straight,25.00,10.00,,Too Fast For Conditions,,Not Observed,,,Unknown,,,,,,,,,,,,,,,,,,,,,,,,,,,,,,,,,,,,,,,,,,,,,,,,,,,,,,,,,,,,,,,,,,,,,,,,,,,,,,,,,,,,,,,,,,,,,,,,,,,
250001109,1/4/2025 9:00:00 PM,1/4/2025 9:00:00 PM,0.00,0.00,1.00,0.00,false,false,false,false,39.37,-105.11,676.00,HWY 67,,Ran off right side,0.00,1,Tree,,,,Tree,Curve Left,Uphill,Approach Turn,Dark-unlighted,Non-intersection,Icy,Fog,Wind,false,false,false,false,false,No Vehicle Defects,Driver,None,None,Not Ejected/Not Applicable,Properly used,"N/A Cars, truck, etc.",35.00,Not Deployed,No Apparent Injury,No Other Method,Marijuana Not Suspected,No Other Method,Not Tested,m,,Pickup Truck/Utility Van,No Special Function,false,East,Negotiating a Curve,30.00,20.00,20.00,Too Fast For Conditions,,No apparent contributing factor,,,Driver Assistance,,,,,,,,,,,,,,,,,,,,,,,,,,,,,,,,,,,,,,,,,,,,,,,,,,,,,,,,,,,,,,,,,,,,,,,,,,,,,,,,,,,,,,,,,,,,,,,,,,,
250001119,1/5/2025 9:47:00 AM,1/5/2025 9:47:00 AM,0.00,0.00,2.00,0.00,false,false,false,false,39.54,-104.94,,WILDCAT RESERVE PKWY,UNIVERSITY BLVD,On-roadway,0.00,4,Front to Rear,,,,Front to Rear,Straight,Level,Approach Turn,Daylight,At Intersection,Dry,Clear,,false,false,false,false,false,No Vehicle Defects,Driver,None,None,Not Ejected/Not Applicable,Properly used,"N/A Cars, truck, etc.",19.00,Not Deployed,No Apparent Injury,No Observed,Marijuana Not Suspected,No Observed,Not Tested,f,,SUV,No Special Function,false,North,Making Right Turn,45.00,10.00,10.00,Followed Too Closely,,Looked / Did Not See,,,No Automation,,,,,,,,,,,,false,false,false,false,false,No Vehicle Defects,Driver,None,None,Not Ejected/Not Applicable,Properly used,"N/A Cars, truck, etc.",65.00,Not Deployed,No Apparent Injury,No Observed,Marijuana Not Suspected,No Observed,Not Tested,m,SUV,No Special Function,false,North,Making Right Turn,45.00,0.00,0.00,No Contributing Action,,No apparent contributing factor,,,No Automation,,,,,,,,,,,,,,,,,,,,,,,,,,,,,,,,,,,,,,,,,,,,,,,,,,,,,,
250001257,1/5/2025 8:05:00 PM,1/5/2025 8:05:00 PM,0.00,1.00,3.00,0.00,true,false,false,false,39.55,-104.99,,HIGHLANDS RANCH PKWY,BROADWAY,On-roadway,2.00,3,Side to Side - Same Direction,Side to Side - Same Direction,Curb,Light Pole/Utility Pole,Light Pole/Utility Pole,Straight,Level,Overtaking Turn,Dark-lighted,At Intersection,Dry,Clear,,false,false,false,false,true,No Vehicle Defects,Driver,None,None,Not Ejected/Not Applicable,Unknown,"N/A Cars, truck, etc.",38.00,Deployed at pos. and others,Suspected Minor Injury,Yes Observed,Marijuana Not Suspected,Yes Observed,Blood,m,,Passenger Car/Passenger Van,No Special Function,false,East,Making Left Turn,45.00,10.00,,Turned from Wrong Lane or Position,,Looked / Did Not See,,,No Automation,,,,,,,,,,,,false,false,false,false,false,No Vehicle Defects,Driver,Not Complied With,None,Not Ejected/Not Applicable,Properly used,"N/A Cars, truck, etc.",17.00,Not Deployed,No Apparent Injury,No Observed,Marijuana Not Suspected,No Observed,Not Tested,m,SUV,No Special Function,false,South,Going Straight,45.00,20.00,20.00,No Contributing Action,,No apparent contributing factor,,,No Automation,,,,,,,,,,,,false,false,false,false,false,Driver,None,None,No,Properly used,47.00,Not Deployed,No Apparent Injury,No Observed,Marijuana Not Suspected,No Observed,Not Tested,m,SUV,No Special Function,false,South,Going Straight,45.00,10.00,1.00,No Contributing Action,,No apparent contributing factor,,,No Automation,,,,,,,,,,,
250001317,1/6/2025 7:30:00 AM,1/6/2025 7:30:00 AM,0.00,0.00,1.00,0.00,false,false,false,false,39.42,-104.82,,FERVID ST,,Ran off left side,0.00,1,Curb,,,,Curb,Curve Right,Uphill,Not Applicable,Dark-unlighted,Non-intersection,Dry,Fog,,false,false,false,false,false,No Vehicle Defects,Driver,None,None,Not Ejected/Not Applicable,Properly used,"N/A Cars, truck, etc.",19.00,"Not deployed at pos., deployed at others",No Apparent Injury,No Observed,Marijuana Not Suspected,No Observed,Not Tested,m,,Passenger Car/Passenger Van,No Special Function,false,Southwest,Out of Control,25.00,50.00,30.00,Speeding,,Aggressive Driving,,,No Automation,,,,,,,,,,,,,,,,,,,,,,,,,,,,,,,,,,,,,,,,,,,,,,,,,,,,,,,,,,,,,,,,,,,,,,,,,,,,,,,,,,,,,,,,,,,,,,,,,,,
250001634,1/7/2025 6:37:00 AM,1/7/2025 6:37:00 AM,0.00,0.00,1.00,0.00,false,false,false,false,39.44,-104.68,5500.00,FLINTWOOD RD,,Ran off right side,0.00,1,Light Pole/Utility Pole,,,,Light Pole/Utility Pole,Straight,Downhill,Not Applicable,Dawn or dusk,Non-intersection,Snowy,Snow,,false,false,false,false,false,No Vehicle Defects,Driver,Complied With,None,Not Ejected/Not Applicable,Properly used,"N/A Cars, truck, etc.",22.00,Not Deployed,No Apparent Injury,No Observed,Marijuana Not Suspected,No Observed,Not Tested,f,,SUV,No Special Function,false,North,Going Straight,45.00,40.00,40.00,Over-Correcting / Over-Steering,,Driver Inexperience,,,No Automation,,,,,,,,,,,,,,,,,,,,,,,,,,,,,,,,,,,,,,,,,,,,,,,,,,,,,,,,,,,,,,,,,,,,,,,,,,,,,,,,,,,,,,,,,,,,,,,,,,,
250001796,1/7/2025 6:11:00 PM,1/7/2025 6:11:00 PM,0.00,0.00,2.00,0.00,true,false,false,false,39.55,-105.01,,HIGHLANDS RANCH PKWY,KENDRICK CASTILLO WAY,On-roadway,1.00,2,Front to Front,,,,Front to Front,Straight,Level,Not Applicable,Dark-lighted,At Intersection,Wet,Clear,,false,false,false,false,false,No Vehicle Defects,Driver,None,None,Not Ejected/Not Applicable,Properly used,"N/A Cars, truck, etc.",31.00,Deployed at pos. only,No Apparent Injury,No Observed,Marijuana Not Suspected,No Observed,Not Tested,f,,SUV,No Special Function,false,West,Going Straight,45.00,15.00,15.00,Failed to Stop at Signal,,Looked / Did Not See,,,No Automation,,,,,,,,,,,,false,false,false,false,false,No Vehicle Defects,Driver,None,None,Not Ejected/Not Applicable,Properly used,"N/A Cars, truck, etc.",44.00,Not Deployed,No Apparent Injury,No Observed,Marijuana Not Suspected,No Observed,Not Tested,m,Passenger Car/Passenger Van,No Special Function,false,East,Making Left Turn,45.00,15.00,15.00,No Contributing Action,,No apparent contributing factor,,,No Automation,,,,,,,,,,,,,,,,,,,,,,,,,,,,,,,,,,,,,,,,,,,,,,,,,,,,,,
250001863,1/8/2025 2:42:00 AM,1/8/2025 2:42:00 AM,0.00,0.00,1.00,0.00,false,false,false,false,39.50,-104.93,13000.00,GRIGS RD,,Ran off left side,0.00,1,Sign,,,,Sign,Curve Left,Downhill,Not Applicable,Dark-unlighted,Non-intersection,Icy,Clear,,false,false,false,false,false,No Vehicle Defects,Driver,None,None,Not Ejected/Not Applicable,Properly used,"N/A Cars, truck, etc.",18.00,Deployed at pos. and others,No Apparent Injury,No SFST,Marijuana Not Suspected,No Observed,Not Tested,m,,Passenger Car/Passenger Van,No Special Function,false,North,Going Straight,35.00,35.00,,Too Fast For Conditions,,Aggressive Driving,,,No Automation,,,,,,,,,,,,,,,,,,,,,,,,,,,,,,,,,,,,,,,,,,,,,,,,,,,,,,,,,,,,,,,,,,,,,,,,,,,,,,,,,,,,,,,,,,,,,,,,,,,
250001889,1/8/2025 7:49:00 AM,1/8/2025 7:49:00 AM,0.00,0.00,2.00,0.00,false,false,false,false,39.53,-104.76,,PINE DR,BALDWIN GULCH CIR,On-roadway,0.00,2,Side to Side - Same Direction,,,,Side to Side - Same Direction,Straight,Downhill,Not Applicable,Daylight,Non-intersection,Dry,Clear,,false,false,false,false,false,No Vehicle Defects,Driver,None,None,Not Ejected/Not Applicable,Properly used,"N/A Cars, truck, etc.",24.00,Not Deployed,No Apparent Injury,No Observed,Marijuana Not Suspected,No Observed,Not Tested,m,,SUV,No Special Function,false,North,Changing lanes,40.00,10.00,10.00,Lane Violation,,Looked / Did Not See,,,No Automation,,,,,,,,,,,,false,false,false,false,false,No Vehicle Defects,Driver,None,None,Not Ejected/Not Applicable,Properly used,"N/A Cars, truck, etc.",25.00,Not Deployed,No Apparent Injury,No Observed,Marijuana Not Suspected,No Observed,Not Tested,f,SUV,No Special Function,false,North,Going Straight,40.00,40.00,40.00,No Contributing Action,,No apparent contributing factor,,,No Automation,,,,,,,,,,,,,,,,,,,,,,,,,,,,,,,,,,,,,,,,,,,,,,,,,,,,,,
250002069,1/8/2025 3:05:00 PM,1/8/2025 3:05:00 PM,0.00,0.00,2.00,0.00,true,false,false,false,39.53,-104.76,11880.00,PINE DR,,On-roadway,0.00,1,Side to Side - Same Direction,,,,Side to Side - Same Direction,Straight,Level,Not Applicable,Daylight,Non-intersection,Dry,Clear,,false,false,false,false,false,No Vehicle Defects,Driver,None,None,Not Ejected/Not Applicable,Properly used,"N/A Cars, truck, etc.",46.00,Not Deployed,No Apparent Injury,No Observed,Marijuana Not Suspected,No Observed,Not Tested,m,,Passenger Car/Passenger Van,No Special Function,false,South,Passing,40.00,35.00,35.00,Lane Violation,,Looked / Did Not See,,,No Automation,,,,,,,,,,,,false,false,false,false,false,No Vehicle Defects,Driver,None,None,Not Ejected/Not Applicable,Properly used,"N/A Cars, truck, etc.",55.00,Not Deployed,No Apparent Injury,No Observed,Marijuana Not Suspected,No Observed,Not Tested,f,SUV,No Special Function,false,South,Going Straight,40.00,37.00,37.00,Lane Violation,,Other Factor,,,No Automation,,,,,,,,,,,,,,,,,,,,,,,,,,,,,,,,,,,,,,,,,,,,,,,,,,,,,,
250002241,1/9/2025 6:42:00 AM,1/9/2025 6:42:00 AM,0.00,0.00,1.00,0.00,false,false,false,false,39.44,-104.68,5000.00,FLINTWOOD RD,,Ran off right side,0.00,1,Mailbox,,,,Mailbox,Straight,Downhill,Not Applicable,Daylight,Non-intersection,Snowy,Snow,,false,false,false,false,false,No Vehicle Defects,Driver,Complied With,None,Not Ejected/Not Applicable,Properly used,"N/A Cars, truck, etc.",24.00,Not Deployed,No Apparent Injury,No Observed,Marijuana Not Suspected,No Observed,Not Tested,f,,SUV,No Special Function,false,North,Going Straight,45.00,15.00,15.00,Too Fast For Conditions,,No apparent contributing factor,,,No Automation,,,,,,,,,,,,,,,,,,,,,,,,,,,,,,,,,,,,,,,,,,,,,,,,,,,,,,,,,,,,,,,,,,,,,,,,,,,,,,,,,,,,,,,,,,,,,,,,,,,