Casetrackingid,Accidentdate,Accidenttime,Numberkilled,Numberinjured,Totalvehicles,Totalnonmotorists,Juvenilesinvolvedindicator,Secondarycrashindicator,Constructionzoneindicator,Schoolzoneindicator,Latitude,Longitude,Onroadaddress,_Primarystreet,_Crossstreet,Location,Numberoflanesblocked,Laneposition,Harmfulevent1,Harmfulevent2,Harmfulevent3,Harmfulevent4,Mostharmfulevent,Roadcontourcurves,Roadcontourgrade,Approachovertakingturn,Lightingcondition,Roaddescription,Roadcondition,Weathercondition1,Weathercondition2,Hitandrun_V1,Noncontact_V1,Parked_V1,Unlicenseddriver_V1,Duiindicator_V1,Vehicledefectcondition_V1,Positioninvehicle_D1,Drivingrestrictions_D1,Drivingendorsements_D1,Ejectionpath_D1,Safetyequipmentuse_D1,Safetyequipmenthelmet_D1,Age_D1,Airbagdeployment_D1,Injuryseverity_D1,Alcoholsuspected_D1,Marijuanasuspected_D1,Otherdrugssuspected_D1,Testedforotherdrugs_D1,Personsexcode_D1,Deadatscene_D1,Vehicletype_V1,Specialfunction_V1,Emergencylightsactivated_V1,Directionoftravel_V1,Vehiclemovement_V1,Roadwayspeedlimit_V1,Estimatedvehiclespeed_V1,Driverstatedspeed_V1,Driveraction1_V1,Driveraction2_V1,Mostapprthumancontrfactor1_V1,Mostapprthumancontrfactor2_V1,Mostapprthumancontrfactor3_V1,Autonomousvehiclecapability_V1,Drivercededcontrol_V1,Nonmotoristtype_V1,Nonmotoristmovement_V1,Nonmotoristlocation_V1,Nonmotoristlegofint_V1,Nonmotoristtypeoffacility_V1,Nonmotoristaction1_V1,Nonmotoristaction2_V1,Nonmotoristcontrfctr1_V1,Nonmotoristcontrfctr2_V1,Nonmotoristcontrfctr3_V1,Hitandrun_V2,Noncontact_V2,Parked_V2,Unlicenseddriver_V2,Duiindicator_V2,Vehicledefectcondition_V2,Positioninvehicle_D2,Drivingrestrictions_D2,Drivingendorsements_D2,Ejectionpath_D2,Safetyequipmentuse_D2,Safetyequipmenthelmet_D2,Age_D2,Airbagdeployment_D2,Injuryseverity_D2,Alcoholsuspected_D2,Marijuanasuspected_D2,Otherdrugssuspected_D2,Testedforotherdrugs_D2,Personsexcode_D2,Vehicletype_V2,Specialfunction_V2,Emergencylightsactivated_V2,Directionoftravel_V2,Vehiclemovement_V2,Roadwayspeedlimit_V2,Estimatedvehiclespeed_V2,Driverstatedspeed_V2,Driveraction1_V2,Driveraction2_V2,Mostapprthumancontrfactor1_V2,Mostapprthumancontrfactor2_V2,Mostapprthumancontrfactor3_V2,Autonomousvehiclecapability_V2,Drivercededcontrol_V2,Nonmotoristtype_V2,Nonmotoristmovement_V2,Nonmotoristlocation_V2,Nonmotoristlegofint_V2,Nonmotoristtypeoffacility_V2,Nonmotoristaction1_V2,Nonmotoristaction2_V2,Nonmotoristcontrfctr1_V2,Nonmotoristcontrfctr2_V2,Nonmotoristcontrfctr3_V2,Hitandrun_V3,Noncontact_V3,Parked_V3,Unlicenseddriver_V3,Duiindicator_V3,Positioninvehicle_D3,Drivingrestrictions_D3,Drivingendorsements_D3,Ejection_D3,Safetyequipmentuse_D3,Age_D3,Airbagdeployment_D3,Injuryseverity_D3,Alcoholsuspected_D3,Marijuanasuspected_D3,Otherdrugssuspected_D3,Testedforotherdrugs_D3,Personsexcode_D3,Vehicletype_V3,Specialfunction_V3,Emergencylightsactivated_V3,Directionoftravel_V3,Vehiclemovement_V3,Roadwayspeedlimit_V3,Estimatedvehiclespeed_V3,Driverstatedspeed_V3,Driveraction1_V3,Driveraction2_V3,Mostapprthumancontrfactor1_V3,Mostapprthumancontrfactor2_V3,Mostapprthumancontrfactor3_V3,Autonomousvehiclecapability_V3,Drivercededcontrol_V3,Nonmotoristtype_V3,Nonmotoristmovement_V3,Nonmotoristlocation_V3,Nonmotoristlegofint_V3,Nonmotoristtypeoffacility_V3,Nonmotoristaction1_V3,Nonmotoristaction2_V3,Nonmotoristcontrfctr1_V3,Nonmotoristcontrfctr2_V3,Nonmotoristcontrfctr3_V3
250002265,1/9/2025 8:51:00 AM,1/9/2025 8:51:00 AM,0.00,0.00,1.00,0.00,false,false,false,false,39.55,-104.68,,PINEY LAKE RD,INSPIRATION DR,Ran off right side,0.00,0,Sign,,,,Sign,Straight,Level,Approach Turn,Daylight,At Intersection,Snowy,Blowing Snow,,true,false,false,,,,,,,,,,,,,,,,,,,Unknown Hit & Run Only,No Special Function,false,South,Out of Control,40.00,10.00,,Too Fast For Conditions,,Not Observed,,,Unknown,,,,,,,,,,,,,,,,,,,,,,,,,,,,,,,,,,,,,,,,,,,,,,,,,,,,,,,,,,,,,,,,,,,,,,,,,,,,,,,,,,,,,,,,,,,,,,,,,,,
250002273,1/9/2025 9:25:00 AM,1/9/2025 9:25:00 AM,0.00,0.00,2.00,0.00,false,false,false,false,39.56,-104.86,,INVERNESS LN SOUTH,LIBERTY BLVD,On-roadway,0.00,1,Front to Side,,,,Front to Side,Straight,Downhill,Not Applicable,Daylight,At Intersection,Snowy,Snow,,true,false,false,,,,,,,,,,,,,,,,,,,Passenger Car/Passenger Van,No Special Function,false,West,Making Right Turn,35.00,15.00,,Too Fast For Conditions,,Driver Inexperience,,,No Automation,,,,,,,,,,,,false,false,false,false,false,No Vehicle Defects,Driver,None,None,Not Ejected/Not Applicable,Properly used,"N/A Cars, truck, etc.",49.00,Not Deployed,No Apparent Injury,No Observed,Marijuana Not Suspected,No Observed,Not Tested,f,SUV,No Special Function,false,South,Stopped in Traffic,25.00,0.00,0.00,No Contributing Action,,No apparent contributing factor,,,No Automation,,,,,,,,,,,,,,,,,,,,,,,,,,,,,,,,,,,,,,,,,,,,,,,,,,,,,,
250002292,1/9/2025 9:15:00 AM,1/9/2025 9:15:00 AM,0.00,0.00,1.00,0.00,false,false,false,false,39.54,-104.76,6590.00,PONDEROSA DR,,Ran off right side,1.00,1,Fence,,,,Fence,Curve Right,Level,Not Applicable,Daylight,Non-intersection,Snowy,Snow,,true,false,false,,,,,,,,,,,,,,,,,,,Unknown Hit & Run Only,No Special Function,false,West,Going Straight,30.00,20.00,,Too Fast For Conditions,,,,,No Automation,,,,,,,,,,,,,,,,,,,,,,,,,,,,,,,,,,,,,,,,,,,,,,,,,,,,,,,,,,,,,,,,,,,,,,,,,,,,,,,,,,,,,,,,,,,,,,,,,,,
250002585,1/10/2025 11:23:00 AM,1/10/2025 11:23:00 AM,0.00,0.00,1.00,0.00,false,false,false,false,39.24,-104.97,4360.00,RED ROCK DR,,Ran off left side,0.00,1,Ditch,Electrical/Utility Box,Tree,,Tree,Straight,Uphill,Not Applicable,Daylight,Non-intersection,Wet,Clear,,false,false,false,false,false,No Vehicle Defects,Driver,None,None,Not Ejected/Not Applicable,Properly used,"N/A Cars, truck, etc.",71.00,Not Deployed,No Apparent Injury,No Observed,Marijuana Not Suspected,No Observed,Not Tested,m,,Passenger Car/Passenger Van,No Special Function,false,West,Going Straight,30.00,45.00,30.00,Too Fast For Conditions,,Distracted/Other Interior,,,No Automation,,,,,,,,,,,,,,,,,,,,,,,,,,,,,,,,,,,,,,,,,,,,,,,,,,,,,,,,,,,,,,,,,,,,,,,,,,,,,,,,,,,,,,,,,,,,,,,,,,,
250002663,1/10/2025 2:49:00 PM,1/10/2025 2:49:00 PM,0.00,1.00,2.00,0.00,true,false,false,false,39.53,-104.99,,BROADWAY,WILDCAT RESERVE PKWY,On-roadway,1.00,2,Front to Front,,,,Front to Front,Straight,Level,Not Applicable,Daylight,At Intersection,Dry,Clear,,false,false,false,false,false,No Vehicle Defects,Driver,None,None,Not Ejected/Not Applicable,Properly used,"N/A Cars, truck, etc.",47.00,Not Deployed,Possible Injury,No Observed,Marijuana Not Suspected,No Observed,Not Tested,f,,Passenger Car/Passenger Van,No Special Function,false,East,Making Left Turn,45.00,15.00,5.00,Failed to Yield ROW,,No apparent contributing factor,,,No Automation,,,,,,,,,,,,false,false,false,false,false,No Vehicle Defects,Driver,None,None,Not Ejected/Not Applicable,Properly used,"N/A Cars, truck, etc.",16.00,Deployed at pos. only,Suspected Minor Injury,No Observed,Marijuana Not Suspected,No Observed,Not Tested,f,Passenger Car/Passenger Van,No Special Function,false,West,Going Straight,45.00,45.00,45.00,No Contributing Action,,No apparent contributing factor,,,No Automation,,,,,,,,,,,,,,,,,,,,,,,,,,,,,,,,,,,,,,,,,,,,,,,,,,,,,,
250002709,1/10/2025 5:34:00 PM,1/10/2025 5:34:00 PM,0.00,0.00,2.00,0.00,true,false,true,false,39.55,-104.99,,BURGUNDY ST,BROADWAY,On-roadway,0.00,2,Front to Side,,,,Front to Side,Straight,Uphill,Not Applicable,Dark-lighted,At Intersection,Icy,Clear,,true,false,false,false,false,No Vehicle Defects,Driver,None,None,Not Ejected/Not Applicable,Properly used,"N/A Cars, truck, etc.",82.00,Not Deployed,No Apparent Injury,No Other Method,Marijuana Not Suspected,No Other Method,Not Tested,m,,SUV,No Special Function,false,South,Going Straight,45.00,40.00,,Too Fast For Conditions,,Illness,,,No Automation,,,,,,,,,,,,false,false,false,false,false,No Vehicle Defects,Driver,None,None,Not Ejected/Not Applicable,Properly used,"N/A Cars, truck, etc.",42.00,Not Deployed,No Apparent Injury,No Observed,Marijuana Not Suspected,No Observed,Not Tested,m,SUV,No Special Function,false,East,Stopped in Traffic,35.00,0.00,0.00,No Contributing Action,,No apparent contributing factor,,,No Automation,,,,,,,,,,,,,,,,,,,,,,,,,,,,,,,,,,,,,,,,,,,,,,,,,,,,,,
250002715,1/10/2025 6:18:00 PM,1/10/2025 6:18:00 PM,0.00,1.00,2.00,0.00,false,false,false,false,39.54,-104.98,9824.00,SALFORD LN,,On-roadway,0.00,1,Parked Motor Vehicle,,,,Parked Motor Vehicle,Straight,Downhill,Not Applicable,Dark-lighted,Non-intersection,Slushy,Clear,,false,false,false,false,false,No Vehicle Defects,Driver,None,None,Not Ejected/Not Applicable,Properly used,"N/A Cars, truck, etc.",82.00,Deployed at pos. only,Suspected Minor Injury,No Observed,Marijuana Not Suspected,No Observed,Not Tested,m,,SUV,No Special Function,false,North,Weaving,25.00,20.00,,Other Contributing Action,,Medical,,,No Automation,,,,,,,,,,,,false,false,true,,,,,,,,,,,,,,,,,,SUV,No Special Function,false,North,Parked,,,,,,,,,,,,,,,,,,,,,,,,,,,,,,,,,,,,,,,,,,,,,,,,,,,,,,,,,,,,,,,
250002724,1/10/2025 6:57:00 PM,1/10/2025 6:57:00 PM,0.00,0.00,2.00,0.00,false,false,false,false,39.54,-104.66,,BUCKBOARD RD,DELBERT RD,On-roadway,0.00,1,Front to Side,,,,Front to Side,Straight,Level,Not Applicable,Dark-lighted,At Intersection,Dry,Clear,,false,false,false,false,false,No Vehicle Defects,Driver,None,None,Not Ejected/Not Applicable,Properly used,No Helmet,65.00,Not Deployed,No Apparent Injury,No Observed,Marijuana Not Suspected,No Observed,Not Tested,f,,Pickup Truck/Utility Van,No Special Function,false,West,Going Straight,45.00,10.00,10.00,Failed to Yield ROW,,Looked / Did Not See,,,No Automation,,,,,,,,,,,,false,false,false,false,false,No Vehicle Defects,Driver,None,None,Not Ejected/Not Applicable,Properly used,"N/A Cars, truck, etc.",28.00,Not Deployed,No Apparent Injury,No Observed,Marijuana Not Suspected,No Observed,Not Tested,f,Passenger Car/Passenger Van,No Special Function,false,South,Going Straight,45.00,45.00,45.00,No Contributing Action,,Looked / Did Not See,,,No Automation,,,,,,,,,,,,,,,,,,,,,,,,,,,,,,,,,,,,,,,,,,,,,,,,,,,,,,
250002751,1/10/2025 9:49:00 PM,1/10/2025 9:49:00 PM,0.00,0.00,1.00,0.00,false,false,false,false,39.52,-104.96,,POSTON PKWY,WESTGATE AVE,Ran off left side,0.00,,Curb,Embankment,Fence,,Fence,Straight,Downhill,Not Applicable,Dark-lighted,Non-intersection,Snowy,Clear,,false,false,false,false,false,No Vehicle Defects,Driver,None,None,Not Ejected/Not Applicable,Properly used,"N/A Cars, truck, etc.",16.00,Not Deployed,No Apparent Injury,No Observed,Marijuana Not Suspected,No Observed,Not Tested,f,,SUV,No Special Function,false,South,Going Straight,30.00,30.00,30.00,Careless Driving,,Driver Inexperience,Other Factor,,No Automation,,,,,,,,,,,,,,,,,,,,,,,,,,,,,,,,,,,,,,,,,,,,,,,,,,,,,,,,,,,,,,,,,,,,,,,,,,,,,,,,,,,,,,,,,,,,,,,,,,,
250002895,1/8/2025 12:00:00 AM,1/8/2025 12:00:00 AM,0.00,0.00,2.00,0.00,false,false,false,false,39.55,-104.89,,MERCURY DR,JUPITER DR,Ran off left side,0.00,1,Parked Motor Vehicle,,,,Parked Motor Vehicle,Curve Right,Level,Not Applicable,Dark-unlighted,Non-intersection,Snowy,Snow,,true,false,false,,,,,,,,,,,,,,,,,,,Unknown Hit & Run Only,No Special Function,false,Southwest,Going Straight,35.00,35.00,,Too Fast For Conditions,,Not Observed,,,No Automation,,,,,,,,,,,,false,false,false,false,,,,,,,,,,,,,,,,,Pickup Truck/Utility Van,No Special Function,false,Northeast,Parked,,,,,,,,,,,,,,,,,,,,,,,,,,,,,,,,,,,,,,,,,,,,,,,,,,,,,,,,,,,,,,,
250003032,1/12/2025 10:51:00 AM,1/12/2025 10:51:00 AM,0.00,0.00,1.00,0.00,false,false,false,false,39.35,-104.84,700.00,LAKE GULCH RD,,On-roadway,1.00,1,Wild Animal,,,,Wild Animal,Straight,Level,Not Applicable,Daylight,Non-intersection,Dry,Clear,,false,false,false,false,false,No Vehicle Defects,Driver,Complied With,None,Not Ejected/Not Applicable,Properly used,"N/A Cars, truck, etc.",46.00,Deployed at pos. and others,No Apparent Injury,No Observed,Marijuana Not Suspected,No Observed,Not Tested,f,,SUV,No Special Function,false,South,Going Straight,45.00,45.00,45.00,No Contributing Action,,No apparent contributing factor,,,No Automation,,,,,,,,,,,,,,,,,,,,,,,,,,,,,,,,,,,,,,,,,,,,,,,,,,,,,,,,,,,,,,,,,,,,,,,,,,,,,,,,,,,,,,,,,,,,,,,,,,,
250003148,1/12/2025 5:43:00 PM,1/12/2025 5:43:00 PM,0.00,0.00,2.00,0.00,true,false,false,false,39.48,-105.07,,RAMPART RANGE RD,RAMPART CT,On-roadway,0.00,1,Front to Rear,,,,Front to Rear,Straight,Level,Not Applicable,Dark-unlighted,At Intersection,Dry,Clear,,false,false,false,false,false,No Vehicle Defects,Driver,Complied With,None,Not Ejected/Not Applicable,Properly used,"N/A Cars, truck, etc.",17.00,Not Deployed,No Apparent Injury,No Observed,Marijuana Not Suspected,No Observed,Not Tested,m,,SUV,No Special Function,false,South,Going Straight,45.00,15.00,20.00,Followed Too Closely,,Driver Inexperience,,,No Automation,,,,,,,,,,,,false,false,false,false,false,No Vehicle Defects,Driver,None,None,Not Ejected/Not Applicable,Properly used,"N/A Cars, truck, etc.",49.00,Not Deployed,No Apparent Injury,No Observed,Marijuana Not Suspected,No Observed,Not Tested,m,Pickup Truck/Utility Van,No Special Function,false,South,Making Right Turn,45.00,15.00,20.00,No Contributing Action,,No apparent contributing factor,,,No Automation,,,,,,,,,,,,,,,,,,,,,,,,,,,,,,,,,,,,,,,,,,,,,,,,,,,,,,
250003236,1/13/2025 7:00:00 AM,1/13/2025 7:00:00 AM,0.00,0.00,2.00,0.00,false,false,false,false,39.52,-104.96,,POSTON PKWY,WILDCAT RESERVE PKWY,On-roadway,1.00,1,Front to Rear,,,,Front to Rear,Straight,Level,Not Applicable,Daylight,Non-intersection,Dry,Clear,,false,false,false,false,false,No Vehicle Defects,Driver,None,None,Not Ejected/Not Applicable,Properly used,"N/A Cars, truck, etc.",41.00,Deployed at pos. and others,No Apparent Injury,No Observed,Marijuana Not Suspected,No Observed,Not Tested,F,,SUV,No Special Function,false,North,Going Straight,30.00,20.00,35.00,Followed Too Closely,,Looked / Did Not See,,,No Automation,,,,,,,,,,,,false,false,false,false,false,No Vehicle Defects,Driver,None,None,Not Ejected/Not Applicable,Properly used,"N/A Cars, truck, etc.",49.00,Not Deployed,No Apparent Injury,No Observed,Marijuana Not Suspected,No Observed,Not Tested,F,Passenger Car/Passenger Van,No Special Function,false,North,Stopped in Traffic,30.00,0.00,0.00,No Contributing Action,,No apparent contributing factor,,,No Automation,,,,,,,,,,,,,,,,,,,,,,,,,,,,,,,,,,,,,,,,,,,,,,,,,,,,,,
250003326,1/13/2025 10:30:00 AM,1/13/2025 10:30:00 AM,0.00,0.00,2.00,0.00,false,false,true,false,39.50,-105.07,9600.00,RAMPART RANGE RD,,On-roadway,0.00,1,Front to Rear,,,,Front to Rear,Straight,Level,Not Applicable,Daylight,Non-intersection,Dry,Clear,,false,false,false,false,false,No Vehicle Defects,Driver,None,None,Not Ejected/Not Applicable,Properly used,"N/A Cars, truck, etc.",31.00,Deployed at pos. and others,No Apparent Injury,No Observed,Marijuana Not Suspected,No Observed,Not Tested,m,,Pickup Truck/Utility Van,No Special Function,false,South,Going Straight,50.00,30.00,30.00,Followed Too Closely,,Looked / Did Not See,,,No Automation,,,,,,,,,,,,false,false,false,false,false,No Vehicle Defects,Driver,Complied With,None,Not Ejected/Not Applicable,Properly used,"N/A Cars, truck, etc.",67.00,Not Deployed,No Apparent Injury,No Observed,Marijuana Not Suspected,No Observed,Not Tested,m,Pickup Truck/Utility Van,No Special Function,false,South,Going Straight,50.00,20.00,20.00,No Contributing Action,,No apparent contributing factor,,,No Automation,,,,,,,,,,,,,,,,,,,,,,,,,,,,,,,,,,,,,,,,,,,,,,,,,,,,,,
250003499,1/13/2025 5:16:00 PM,1/13/2025 5:16:00 PM,0.00,0.00,1.00,0.00,false,false,false,false,39.49,-104.93,8600.00,DANIELS PARK RD,,Ran off right side,1.00,1,Large Rocks or Boulder,,,,Large Rocks or Boulder,,,Not Applicable,Daylight,Non-intersection,Dry,Clear,,true,false,false,false,false,No Vehicle Defects,Driver,None,None,Not Ejected/Not Applicable,Properly used,"N/A Cars, truck, etc.",21.00,Not Deployed,No Apparent Injury,No Observed,Marijuana Not Suspected,No Observed,Not Tested,m,,Passenger Car/Passenger Van,No Special Function,false,North,Going Straight,25.00,30.00,30.00,Other Contributing Action,,Medical,,,No Automation,,,,,,,,,,,,,,,,,,,,,,,,,,,,,,,,,,,,,,,,,,,,,,,,,,,,,,,,,,,,,,,,,,,,,,,,,,,,,,,,,,,,,,,,,,,,,,,,,,,
250003665,1/14/2025 9:30:00 AM,1/14/2025 9:30:00 AM,0.00,0.00,2.00,0.00,false,false,false,false,39.55,-104.96,9190.00,LANDESDOWNE WAY,,On-roadway,0.00,1,Parked Motor Vehicle,,,,Parked Motor Vehicle,Straight,Level,Not Applicable,Daylight,Non-intersection,Dry,Clear,,true,false,false,,,,,,,,,,,,,,,,,,,Unknown Hit & Run Only,No Special Function,false,North,Other,25.00,5.00,,No Contributing Action,,Not Observed,,,No Automation,,,,,,,,,,,,false,false,false,,,,,,,,,,,,,,,,,,SUV,No Special Function,false,North,Parked,,,,,,,,,,,,,,,,,,,,,,,,,,,,,,,,,,,,,,,,,,,,,,,,,,,,,,,,,,,,,,,
250003852,1/14/2025 7:11:00 PM,1/14/2025 7:11:00 PM,0.00,0.00,1.00,0.00,false,false,false,false,39.26,-104.91,7000.00,BEAR DANCE DR,,On-roadway,0.00,1,Wild Animal,,,,Wild Animal,Straight,Level,Not Applicable,Dark-unlighted,Non-intersection,Dry,Clear,,false,false,false,false,false,No Vehicle Defects,Driver,Complied With,None,Not Ejected/Not Applicable,Properly used,"N/A Cars, truck, etc.",71.00,Not Deployed,No Apparent Injury,No Observed,Marijuana Not Suspected,No Observed,Not Tested,m,,Pickup Truck/Utility Van,No Special Function,false,South,Going Straight,35.00,35.00,35.00,No Contributing Action,,No apparent contributing factor,,,No Automation,,,,,,,,,,,,,,,,,,,,,,,,,,,,,,,,,,,,,,,,,,,,,,,,,,,,,,,,,,,,,,,,,,,,,,,,,,,,,,,,,,,,,,,,,,,,,,,,,,,
250004014,1/15/2025 9:36:00 AM,1/15/2025 9:36:00 AM,0.00,0.00,2.00,0.00,false,false,false,false,39.45,-104.68,,HILLTOP RD,FLINTWOOD RD(S),On-roadway,1.00,2,Side to Side - Same Direction,,,,Side to Side - Same Direction,Straight,Level,Overtaking Turn,Daylight,Intersection Related,Dry,Clear,,true,false,false,,,,,,,,,,,,,,,,,,,Passenger Car/Passenger Van,No Special Function,false,West,Making Right Turn,45.00,0.00,,Failed to Yield ROW,,No apparent contributing factor,,,No Automation,,,,,,,,,,,,false,false,false,false,false,No Vehicle Defects,Driver,None,None,Not Ejected/Not Applicable,Properly used,"N/A Cars, truck, etc.",27.00,Not Deployed,No Apparent Injury,No Observed,Marijuana Not Suspected,No Observed,Not Tested,m,"Medium/Heavy Trucks crossing state line, GVWR/GCWR 10,001 or over",No Special Function,false,West,Making Right Turn,45.00,5.00,5.00,No Contributing Action,,No apparent contributing factor,,,No Automation,,,,,,,,,,,,,,,,,,,,,,,,,,,,,,,,,,,,,,,,,,,,,,,,,,,,,,
250004107,1/15/2025 1:30:00 PM,1/15/2025 1:30:00 PM,0.00,0.00,2.00,0.00,false,false,false,false,39.55,-105.00,,TOWN CENTER DR,SSG CHRIS FALKEL DR,On-roadway,1.00,1,Front to Side,,,,Front to Side,Curve Left,Level,Not Applicable,Daylight,At Intersection,Dry,Clear,,false,false,false,false,false,No Vehicle Defects,Driver,None,None,Not Ejected/Not Applicable,Properly used,"N/A Cars, truck, etc.",72.00,Not Deployed,No Apparent Injury,No Observed,Marijuana Not Suspected,No Observed,Not Tested,f,,Passenger Car/Passenger Van,No Special Function,false,South,Making Right Turn,30.00,15.00,15.00,Failed to Yield ROW,,Looked / Did Not See,,,No Automation,,,,,,,,,,,,false,false,false,false,false,No Vehicle Defects,Driver,None,None,Not Ejected/Not Applicable,Properly used,"N/A Cars, truck, etc.",84.00,Not Deployed,No Apparent Injury,No Observed,Marijuana Not Suspected,No Observed,Not Tested,f,SUV,No Special Function,false,West,Going Straight,40.00,35.00,35.00,No Contributing Action,,No apparent contributing factor,,,No Automation,,,,,,,,,,,,,,,,,,,,,,,,,,,,,,,,,,,,,,,,,,,,,,,,,,,,,,
250004139,1/15/2025 3:31:00 PM,1/15/2025 3:31:00 PM,0.00,0.00,2.00,0.00,false,false,false,false,39.54,-104.80,,KEYSTONE BLVD,AVENTERRA PKWY,On-roadway,2.00,1,Front to Side,,,,Front to Side,Straight,Level,Not Applicable,Daylight,At Intersection,Dry,Clear,,false,false,false,false,false,No Vehicle Defects,Driver,None,None,Not Ejected/Not Applicable,Properly used,"N/A Cars, truck, etc.",42.00,Deployed at pos. only,Possible Injury,No Observed,Marijuana Not Suspected,No Observed,Not Tested,f,,SUV,No Special Function,false,North,Making Left Turn,30.00,15.00,,,,Not Observed,,,No Automation,,,,,,,,,,,,false,false,false,false,false,No Vehicle Defects,Driver,None,None,Not Ejected/Not Applicable,Properly used,"N/A Cars, truck, etc.",45.00,Deployed at pos. only,No Apparent Injury,No Observed,Marijuana Not Suspected,No Observed,Not Tested,m,SUV,No Special Function,false,East,Going Straight,35.00,35.00,35.00,No Contributing Action,,,,,No Automation,,,,,,,,,,,,,,,,,,,,,,,,,,,,,,,,,,,,,,,,,,,,,,,,,,,,,,
250004151,1/15/2025 4:04:00 PM,1/15/2025 4:04:00 PM,0.00,0.00,2.00,0.00,true,false,false,false,39.56,-104.91,,BUSINESS CENTER DR,POPLAR WAY,On-roadway,0.00,1,Front to Side,,,,Front to Side,Straight,Level,Not Applicable,Daylight,At Intersection,Dry,Clear,,false,false,false,false,false,No Vehicle Defects,Driver,None,None,Not Ejected/Not Applicable,Properly used,"N/A Cars, truck, etc.",37.00,Not Deployed,No Apparent Injury,No Observed,Marijuana Not Suspected,No Observed,Not Tested,f,,SUV,No Special Function,false,South,Making Left Turn,15.00,15.00,15.00,Other Contributing Action,,Looked / Did Not See,,,No Automation,,,,,,,,,,,,false,false,false,false,false,No Vehicle Defects,Driver,None,None,Not Ejected/Not Applicable,Properly used,"N/A Cars, truck, etc.",17.00,Not Deployed,No Apparent Injury,No Observed,Marijuana Not Suspected,No Observed,Not Tested,f,SUV,No Special Function,false,West,Going Straight,30.00,30.00,30.00,No Contributing Action,,No apparent contributing factor,,,No Automation,,,,,,,,,,,,,,,,,,,,,,,,,,,,,,,,,,,,,,,,,,,,,,,,,,,,,,
250004194,1/15/2025 7:24:00 PM,1/15/2025 7:24:00 PM,0.00,0.00,1.00,0.00,false,false,false,false,39.36,-104.96,300.00,PERRY PARK RD,,Ran off right side,0.00,,Wild Animal,Fence,,,Fence,Straight,Level,Not Applicable,Dark-unlighted,Non-intersection,Dry,Clear,,false,false,false,false,false,No Vehicle Defects,Driver,None,None,Not Ejected/Not Applicable,Properly used,"N/A Cars, truck, etc.",22.00,Not Deployed,No Apparent Injury,No Observed,Marijuana Not Suspected,No Observed,Not Tested,m,,Passenger Car/Passenger Van,No Special Function,false,South,Going Straight,40.00,54.00,54.00,Speeding,,No apparent contributing factor,,,No Automation,,,,,,,,,,,,,,,,,,,,,,,,,,,,,,,,,,,,,,,,,,,,,,,,,,,,,,,,,,,,,,,,,,,,,,,,,,,,,,,,,,,,,,,,,,,,,,,,,,,
250004208,1/15/2025 9:18:00 PM,1/15/2025 9:18:00 PM,0.00,0.00,2.00,0.00,true,false,false,false,39.56,-104.96,,UNIVERSITY BLVD,DAD CLARK DR,On-roadway,0.00,1,Front to Side,,,,Front to Side,Straight,Downhill,Not Applicable,Dark-lighted,Intersection Related,Dry,Clear,,false,false,false,false,false,No Vehicle Defects,Driver,Complied With,None,Not Ejected/Not Applicable,Properly used,"N/A Cars, truck, etc.",16.00,Not Deployed,No Apparent Injury,No Observed,Marijuana Not Suspected,No Observed,Not Tested,f,,SUV,No Special Function,false,East,Making Right Turn,45.00,30.00,,Turned from Wrong Lane or Position,,Driver Inexperience,,,No Automation,,,,,,,,,,,,false,false,false,false,false,No Vehicle Defects,Driver,Complied With,None,Not Ejected/Not Applicable,Properly used,"N/A Cars, truck, etc.",16.00,Not Deployed,No Apparent Injury,No Observed,Marijuana Not Suspected,No Observed,Not Tested,m,SUV,No Special Function,false,South,Going Straight,45.00,45.00,45.00,No Contributing Action,,No apparent contributing factor,,,No Automation,,,,,,,,,,,,,,,,,,,,,,,,,,,,,,,,,,,,,,,,,,,,,,,,,,,,,,
250004336,1/16/2025 9:31:00 AM,1/16/2025 9:31:00 AM,0.00,0.00,2.00,0.00,true,false,false,false,39.56,-104.90,8600.00,QUEBEC ST,,On-roadway,2.00,2,Side to Side - Same Direction,,,,Side to Side - Same Direction,Straight,Level,Not Applicable,Daylight,Intersection Related,Dry,Clear,,false,false,false,false,false,No Vehicle Defects,Driver,None,None,Not Ejected/Not Applicable,Properly used,"N/A Cars, truck, etc.",79.00,Not Deployed,No Apparent Injury,No Observed,Marijuana Not Suspected,No Observed,Not Tested,f,,Passenger Car/Passenger Van,No Special Function,false,South,Changing lanes,45.00,30.00,,Failed to Yield ROW,Lane Violation,Not Observed,,,No Automation,,,,,,,,,,,,false,false,false,false,false,No Vehicle Defects,Driver,None,None,Not Ejected/Not Applicable,Properly used,"N/A Cars, truck, etc.",33.00,Not Deployed,No Apparent Injury,No Observed,Marijuana Not Suspected,No Observed,Not Tested,f,SUV,No Special Function,false,South,Going Straight,45.00,40.00,,No Contributing Action,,No apparent contributing factor,,,No Automation,,,,,,,,,,,,,,,,,,,,,,,,,,,,,,,,,,,,,,,,,,,,,,,,,,,,,,