Casetrackingid,Accidentdate,Accidenttime,Numberkilled,Numberinjured,Totalvehicles,Totalnonmotorists,Juvenilesinvolvedindicator,Secondarycrashindicator,Constructionzoneindicator,Schoolzoneindicator,Latitude,Longitude,Onroadaddress,_Primarystreet,_Crossstreet,Location,Numberoflanesblocked,Laneposition,Harmfulevent1,Harmfulevent2,Harmfulevent3,Harmfulevent4,Mostharmfulevent,Roadcontourcurves,Roadcontourgrade,Approachovertakingturn,Lightingcondition,Roaddescription,Roadcondition,Weathercondition1,Weathercondition2,Hitandrun_V1,Noncontact_V1,Parked_V1,Unlicenseddriver_V1,Duiindicator_V1,Vehicledefectcondition_V1,Positioninvehicle_D1,Drivingrestrictions_D1,Drivingendorsements_D1,Ejectionpath_D1,Safetyequipmentuse_D1,Safetyequipmenthelmet_D1,Age_D1,Airbagdeployment_D1,Injuryseverity_D1,Alcoholsuspected_D1,Marijuanasuspected_D1,Otherdrugssuspected_D1,Testedforotherdrugs_D1,Personsexcode_D1,Deadatscene_D1,Vehicletype_V1,Specialfunction_V1,Emergencylightsactivated_V1,Directionoftravel_V1,Vehiclemovement_V1,Roadwayspeedlimit_V1,Estimatedvehiclespeed_V1,Driverstatedspeed_V1,Driveraction1_V1,Driveraction2_V1,Mostapprthumancontrfactor1_V1,Mostapprthumancontrfactor2_V1,Mostapprthumancontrfactor3_V1,Autonomousvehiclecapability_V1,Drivercededcontrol_V1,Nonmotoristtype_V1,Nonmotoristmovement_V1,Nonmotoristlocation_V1,Nonmotoristlegofint_V1,Nonmotoristtypeoffacility_V1,Nonmotoristaction1_V1,Nonmotoristaction2_V1,Nonmotoristcontrfctr1_V1,Nonmotoristcontrfctr2_V1,Nonmotoristcontrfctr3_V1,Hitandrun_V2,Noncontact_V2,Parked_V2,Unlicenseddriver_V2,Duiindicator_V2,Vehicledefectcondition_V2,Positioninvehicle_D2,Drivingrestrictions_D2,Drivingendorsements_D2,Ejectionpath_D2,Safetyequipmentuse_D2,Safetyequipmenthelmet_D2,Age_D2,Airbagdeployment_D2,Injuryseverity_D2,Alcoholsuspected_D2,Marijuanasuspected_D2,Otherdrugssuspected_D2,Testedforotherdrugs_D2,Personsexcode_D2,Vehicletype_V2,Specialfunction_V2,Emergencylightsactivated_V2,Directionoftravel_V2,Vehiclemovement_V2,Roadwayspeedlimit_V2,Estimatedvehiclespeed_V2,Driverstatedspeed_V2,Driveraction1_V2,Driveraction2_V2,Mostapprthumancontrfactor1_V2,Mostapprthumancontrfactor2_V2,Mostapprthumancontrfactor3_V2,Autonomousvehiclecapability_V2,Drivercededcontrol_V2,Nonmotoristtype_V2,Nonmotoristmovement_V2,Nonmotoristlocation_V2,Nonmotoristlegofint_V2,Nonmotoristtypeoffacility_V2,Nonmotoristaction1_V2,Nonmotoristaction2_V2,Nonmotoristcontrfctr1_V2,Nonmotoristcontrfctr2_V2,Nonmotoristcontrfctr3_V2,Hitandrun_V3,Noncontact_V3,Parked_V3,Unlicenseddriver_V3,Duiindicator_V3,Positioninvehicle_D3,Drivingrestrictions_D3,Drivingendorsements_D3,Ejection_D3,Safetyequipmentuse_D3,Age_D3,Airbagdeployment_D3,Injuryseverity_D3,Alcoholsuspected_D3,Marijuanasuspected_D3,Otherdrugssuspected_D3,Testedforotherdrugs_D3,Personsexcode_D3,Vehicletype_V3,Specialfunction_V3,Emergencylightsactivated_V3,Directionoftravel_V3,Vehiclemovement_V3,Roadwayspeedlimit_V3,Estimatedvehiclespeed_V3,Driverstatedspeed_V3,Driveraction1_V3,Driveraction2_V3,Mostapprthumancontrfactor1_V3,Mostapprthumancontrfactor2_V3,Mostapprthumancontrfactor3_V3,Autonomousvehiclecapability_V3,Drivercededcontrol_V3,Nonmotoristtype_V3,Nonmotoristmovement_V3,Nonmotoristlocation_V3,Nonmotoristlegofint_V3,Nonmotoristtypeoffacility_V3,Nonmotoristaction1_V3,Nonmotoristaction2_V3,Nonmotoristcontrfctr1_V3,Nonmotoristcontrfctr2_V3,Nonmotoristcontrfctr3_V3
250004474,1/16/2025 2:47:00 PM,1/16/2025 2:47:00 PM,0.00,0.00,2.00,0.00,false,false,false,false,39.56,-105.01,,KENDRICK CASTILLO WAY,PLAZA DR,On-roadway,0.00,1,Front to Rear,,,,Front to Rear,Straight,Level,Not Applicable,Daylight,At Intersection,Dry,Clear,,false,false,false,false,false,No Vehicle Defects,Driver,None,None,Not Ejected/Not Applicable,Properly used,"N/A Cars, truck, etc.",19.00,Not Deployed,No Apparent Injury,No Observed,Marijuana Not Suspected,No Observed,Not Tested,f,,Passenger Car/Passenger Van,No Special Function,false,North,Making Left Turn,45.00,5.00,4.00,Followed Too Closely,,Not Observed,,,No Automation,,,,,,,,,,,,false,false,false,false,false,No Vehicle Defects,Driver,None,None,Not Ejected/Not Applicable,Properly used,"N/A Cars, truck, etc.",48.00,Not Deployed,No Apparent Injury,No Observed,Marijuana Not Suspected,No Observed,Not Tested,f,SUV,No Special Function,false,North,Making Left Turn,45.00,0.00,0.00,No Contributing Action,,No apparent contributing factor,,,No Automation,,,,,,,,,,,,,,,,,,,,,,,,,,,,,,,,,,,,,,,,,,,,,,,,,,,,,,
250004502,1/16/2025 3:18:00 PM,1/16/2025 3:18:00 PM,0.00,0.00,2.00,0.00,false,false,false,false,39.55,-104.93,5600.00,MORNING GLORY PL,,On-roadway,0.00,1,Rear to Rear,,,,Rear to Rear,Straight,Level,Not Applicable,Dawn or dusk,Non-intersection,Dry,Clear,,false,false,false,false,false,No Vehicle Defects,Driver,None,Complied With,Not Ejected/Not Applicable,Properly used,"N/A Cars, truck, etc.",70.00,Not Deployed,No Apparent Injury,No Observed,Marijuana Not Suspected,No Observed,Not Tested,m,,Pickup Truck/Utility Van,No Special Function,,East,Backing,25.00,3.00,1.00,Careless Driving,,Not Observed,,,No Automation,,,,,,,,,,,,false,false,true,,,,,,,,,,,,,,,,,,Pickup Truck/Utility Van,No Special Function,false,East,Parked,,,,,,,,,,,,,,,,,,,,,,,,,,,,,,,,,,,,,,,,,,,,,,,,,,,,,,,,,,,,,,,
250004565,1/16/2025 11:36:00 PM,1/16/2025 11:36:00 PM,0.00,0.00,1.00,0.00,false,false,false,false,39.48,-105.07,,VILLAGE CIR EAST,COUGAR LN,On-roadway,2.00,1,Curb,,,,Curb,Curve Right,Level,Not Applicable,Dark-lighted,At Intersection,Dry,Clear,,false,false,false,false,false,No Vehicle Defects,Driver,None,None,Not Ejected/Not Applicable,Properly used,"N/A Cars, truck, etc.",23.00,Not Deployed,Possible Injury,No Observed,Marijuana Not Suspected,No Observed,Not Tested,m,,Passenger Car/Passenger Van,No Special Function,false,East,Going Straight,35.00,45.00,,Lane Violation,,Asleep or Fatigued,,,No Automation,,,,,,,,,,,,,,,,,,,,,,,,,,,,,,,,,,,,,,,,,,,,,,,,,,,,,,,,,,,,,,,,,,,,,,,,,,,,,,,,,,,,,,,,,,,,,,,,,,,
250004667,1/17/2025 10:03:00 AM,1/17/2025 10:03:00 AM,0.00,1.00,2.00,0.00,false,false,false,false,39.56,-104.99,,PLAZA DR,CENTENNIAL BLVD,On-roadway,1.00,1,Front to Side,,,,Front to Side,Straight,Grade - Unknown,Not Applicable,Daylight,At Intersection,Dry,Cloudy,,false,false,false,false,false,No Vehicle Defects,Driver,None,None,Not Ejected/Not Applicable,Properly used,"N/A Cars, truck, etc.",68.00,Not Deployed,No Apparent Injury,No Observed,Marijuana Not Suspected,No Observed,Not Tested,m,,Passenger Car/Passenger Van,No Special Function,false,South,Making Left Turn,25.00,5.00,5.00,No Contributing Action,,Looked / Did Not See,,,No Automation,,,,,,,,,,,,false,false,false,false,false,No Vehicle Defects,Driver,None,None,Not Ejected/Not Applicable,Properly used,"N/A Cars, truck, etc.",62.00,Not Equipped,Possible Injury,No Observed,Marijuana Not Suspected,No Observed,Not Tested,f,SUV,No Special Function,false,West,Going Straight,45.00,25.00,20.00,No Contributing Action,,No apparent contributing factor,,,No Automation,,,,,,,,,,,,,,,,,,,,,,,,,,,,,,,,,,,,,,,,,,,,,,,,,,,,,,
250004674,1/17/2025 10:30:00 AM,1/17/2025 10:30:00 AM,0.00,0.00,1.00,0.00,false,false,false,false,39.36,-104.72,100.00,RUSSELLVILLE RD,,Ran off left side,0.00,1,Ditch,Fence,,,Fence,Curve Right,Level,Not Applicable,Dark-unlighted,Non-intersection,Dry,Clear,,true,false,false,,,,,,,,,,,,,,,,,,,Unknown Hit & Run Only,,,North,Going Straight,45.00,45.00,,Too Fast For Conditions,,Not Observed,,,No Automation,,,,,,,,,,,,,,,,,,,,,,,,,,,,,,,,,,,,,,,,,,,,,,,,,,,,,,,,,,,,,,,,,,,,,,,,,,,,,,,,,,,,,,,,,,,,,,,,,,,
250004703,1/17/2025 12:08:00 PM,1/17/2025 12:08:00 PM,0.00,1.00,2.00,0.00,false,false,false,false,39.54,-104.95,,HIGHLANDS RANCH PKWY,3676,On-roadway,2.00,3,Front to Side,,,,Front to Side,Straight,Level,Not Applicable,Daylight,At Intersection,Dry,Clear,,false,false,false,false,false,No Vehicle Defects,Driver,None,None,Not Ejected/Not Applicable,Properly used,"N/A Cars, truck, etc.",41.00,Deployed at pos. only,Suspected Minor Injury,No Observed,Marijuana Not Suspected,No Observed,Not Tested,m,,Passenger Car/Passenger Van,No Special Function,false,East,Going Straight,45.00,45.00,20.00,Failed to Stop at Signal,,No apparent contributing factor,,,No Automation,,,,,,,,,,,,false,false,false,false,false,No Vehicle Defects,Driver,None,None,Not Ejected/Not Applicable,Properly used,"N/A Cars, truck, etc.",73.00,Deployed at pos. and others,Possible Injury,No Observed,Marijuana Not Suspected,No Observed,Not Tested,f,Passenger Car/Passenger Van,No Special Function,false,North,Going Straight,15.00,5.00,5.00,No Contributing Action,,No apparent contributing factor,,,No Automation,,,,,,,,,,,,,,,,,,,,,,,,,,,,,,,,,,,,,,,,,,,,,,,,,,,,,,
250004820,1/17/2025 6:47:00 PM,1/17/2025 6:47:00 PM,0.00,0.00,1.00,0.00,false,false,false,false,39.32,-104.82,3000.00,LAKE GULCH RD,,Ran off left side,0.00,,Guardrail Face,Overturning/Rollover,,,Overturning/Rollover,Curve Right,Downhill,Not Applicable,Dark-unlighted,Non-intersection,Icy,Snow,,false,false,false,false,false,No Vehicle Defects,Driver,None,None,Not Ejected/Not Applicable,Properly used,"N/A Cars, truck, etc.",48.00,Deployed at pos. and others,No Apparent Injury,No Observed,Marijuana Not Suspected,No SFST,Not Tested,m,,SUV,No Special Function,false,Northwest,Going Straight,45.00,20.00,20.00,Too Fast For Conditions,,No apparent contributing factor,,,Partial Automation,,,,,,,,,,,,,,,,,,,,,,,,,,,,,,,,,,,,,,,,,,,,,,,,,,,,,,,,,,,,,,,,,,,,,,,,,,,,,,,,,,,,,,,,,,,,,,,,,,,
250004898,1/18/2025 9:34:00 AM,1/18/2025 9:34:00 AM,0.00,0.00,2.00,0.00,false,false,false,false,39.46,-104.76,6500.00,LAKEVIEW DR,,On-roadway,0.00,1,Front to Side,,,,Front to Side,Curve Right,Downhill,Not Applicable,Daylight,Non-intersection,Snowy,Snow,,true,false,false,,,,,,,,,,,,,,,,,,,SUV,No Special Function,false,Northwest,Going Straight,30.00,30.00,,Too Fast For Conditions,,,,,,,,,,,,,,,,,false,false,false,false,false,No Vehicle Defects,Driver,None,None,Not Ejected/Not Applicable,Properly used,"N/A Cars, truck, etc.",28.00,Not Deployed,No Apparent Injury,No Observed,Marijuana Not Suspected,No Observed,Not Tested,f,Pickup Truck/Utility Van,No Special Function,false,Southeast,Going Straight,30.00,10.00,10.00,No Contributing Action,,No apparent contributing factor,,,No Automation,,,,,,,,,,,,,,,,,,,,,,,,,,,,,,,,,,,,,,,,,,,,,,,,,,,,,,
250004905,1/18/2025 9:56:00 AM,1/18/2025 9:56:00 AM,0.00,0.00,1.00,0.00,false,false,false,false,39.54,-104.91,7000.00,LINCOLN AVE,,Ran off right side,0.00,2,Curb,Fence,,,Fence,Curve Right,Downhill,Overtaking Turn,Daylight,Non-intersection,Snowy,Snow,Cloudy,true,false,false,false,false,Defective Tires,Driver,None,None,Not Ejected/Not Applicable,Properly used,No Helmet,20.00,Not Deployed,No Apparent Injury,No Observed,Marijuana Not Suspected,No Observed,Not Tested,m,,SUV,No Special Function,false,West,Negotiating a Curve,45.00,40.00,35.00,Careless Driving,,Other Factor,,,No Automation,,,,,,,,,,,,,,,,,,,,,,,,,,,,,,,,,,,,,,,,,,,,,,,,,,,,,,,,,,,,,,,,,,,,,,,,,,,,,,,,,,,,,,,,,,,,,,,,,,,
250004959,1/18/2025 4:25:00 PM,1/18/2025 4:25:00 PM,0.00,0.00,1.00,0.00,false,false,false,false,39.56,-104.94,,COLORADO BLVD,CANYON RANCH RD,Ran off right side,0.00,1,Curb,Fence,,,Curb,Straight,Uphill,Not Applicable,Dawn or dusk,At Intersection,Icy,Clear,,false,false,false,false,true,No Vehicle Defects,Driver,Not Complied With,None,Not Ejected/Not Applicable,Not used,"N/A Cars, truck, etc.",29.00,Not Deployed,Possible Injury,No Observed,Marijuana Not Suspected,Yes Observed,Blood,f,,Passenger Car/Passenger Van,No Special Function,false,North,Making Left Turn,45.00,30.00,,Too Fast For Conditions,,Evading Law Enforcement Officer,,,No Automation,,,,,,,,,,,,,,,,,,,,,,,,,,,,,,,,,,,,,,,,,,,,,,,,,,,,,,,,,,,,,,,,,,,,,,,,,,,,,,,,,,,,,,,,,,,,,,,,,,,
250005021,1/18/2025 11:30:00 PM,1/18/2025 11:30:00 PM,0.00,0.00,1.00,0.00,true,false,false,false,39.54,-104.96,,HAVANA ST,MERIDIAN BLVD,"Ran off ""T"" intersection",0.00,1,Curb,Sign,,,Sign,Straight,Level,Not Applicable,Dark-lighted,Intersection Related,Icy,Snow,,false,false,false,false,false,No Vehicle Defects,Driver,Complied With,None,Not Ejected/Not Applicable,Unknown,"N/A Cars, truck, etc.",17.00,Not Deployed,No Apparent Injury,No Observed,Marijuana Not Suspected,No Observed,Not Tested,f,,SUV,No Special Function,false,North,Making Left Turn,30.00,40.00,40.00,Too Fast For Conditions,,Driver Inexperience,Driver Unfamiliar With Area,,No Automation,,,,,,,,,,,,,,,,,,,,,,,,,,,,,,,,,,,,,,,,,,,,,,,,,,,,,,,,,,,,,,,,,,,,,,,,,,,,,,,,,,,,,,,,,,,,,,,,,,,
250005133,1/19/2025 1:41:00 PM,1/19/2025 1:41:00 PM,0.00,0.00,2.00,0.00,false,false,false,false,39.54,-105.01,1430.00,LAURENWOOD WAY,,On-roadway,0.00,,Parked Motor Vehicle,,,,Parked Motor Vehicle,Curve Left,Level,Not Applicable,Daylight,Non-intersection,Icy,Clear,,false,false,false,false,false,No Vehicle Defects,Driver,Complied With,None,Not Ejected/Not Applicable,Properly used,"N/A Cars, truck, etc.",24.00,Not Deployed,No Apparent Injury,No Other Method,Marijuana Not Suspected,No Other Method,Not Tested,m,,SUV,No Special Function,false,Northwest,Going Straight,25.00,15.00,10.00,Too Fast For Conditions,,No apparent contributing factor,,,No Automation,,,,,,,,,,,,false,false,true,,,,,,,,,,,,,,,,,,Passenger Car/Passenger Van,No Special Function,false,Southwest,Parked,,,,,,,,,,,,,,,,,,,,,,,,,,,,,,,,,,,,,,,,,,,,,,,,,,,,,,,,,,,,,,,
250005260,1/20/2025 6:48:00 AM,1/20/2025 6:48:00 AM,0.00,0.00,1.00,0.00,false,false,false,false,39.54,-104.96,2900.00,HIGHLANDS RANCH PKWY,,Ran off right side,1.00,3,Light Pole/Utility Pole,,,,Light Pole/Utility Pole,Straight,Downhill,Not Applicable,Daylight,Non-intersection,Icy,Wind,,false,false,false,false,false,No Vehicle Defects,Driver,Complied With,None,Not Ejected/Not Applicable,Properly used,"N/A Cars, truck, etc.",21.00,Deployed at pos. only,No Apparent Injury,No Observed,Marijuana Not Suspected,No Observed,Not Tested,m,,Passenger Car/Passenger Van,No Special Function,false,East,Negotiating a Curve,45.00,45.00,35.00,Too Fast For Conditions,,No apparent contributing factor,,,No Automation,,,,,,,,,,,,,,,,,,,,,,,,,,,,,,,,,,,,,,,,,,,,,,,,,,,,,,,,,,,,,,,,,,,,,,,,,,,,,,,,,,,,,,,,,,,,,,,,,,,
250005364,1/20/2025 1:20:00 PM,1/20/2025 1:20:00 PM,0.00,1.00,2.00,0.00,false,false,false,false,39.54,-104.91,,UNIVERSITY BLVD,QUEBEC ST,On-roadway,1.00,2,Front to Rear,,,,Front to Rear,Straight,Level,Not Applicable,Daylight,Intersection Related,Wet,Cloudy,,false,false,false,false,false,No Vehicle Defects,Driver,None,None,Not Ejected/Not Applicable,Properly used,"N/A Cars, truck, etc.",37.00,Not Deployed,No Apparent Injury,No Observed,Marijuana Not Suspected,No Observed,Not Tested,m,,Passenger Car/Passenger Van,No Special Function,false,East,Going Straight,45.00,15.00,5.00,Too Fast For Conditions,,Other Factor,,,No Automation,,,,,,,,,,,,false,false,false,false,false,No Vehicle Defects,Driver,None,None,Not Ejected/Not Applicable,Properly used,"N/A Cars, truck, etc.",58.00,Not Deployed,Suspected Minor Injury,No Observed,Marijuana Not Suspected,No Observed,Not Tested,m,Pickup Truck/Utility Van,No Special Function,false,East,Stopped in Traffic,45.00,0.00,0.00,No Contributing Action,,No apparent contributing factor,,,No Automation,,,,,,,,,,,,,,,,,,,,,,,,,,,,,,,,,,,,,,,,,,,,,,,,,,,,,,
250005415,1/20/2025 2:55:00 PM,1/20/2025 2:55:00 PM,0.00,0.00,2.00,0.00,false,false,false,false,39.52,-105.06,,BRIGHT SKY CIR,BRIGHT SKY ST,On-roadway,0.00,1,Parked Motor Vehicle,,,,Parked Motor Vehicle,Straight,Level,Not Applicable,Daylight,Non-intersection,Snowy,Clear,,true,false,false,,,,,,,,,,,,,,,,,,,SUV,No Special Function,false,East,Going Straight,25.00,20.00,,Too Fast For Conditions,,Not Observed,,,Unknown,,,,,,,,,,,,false,false,true,,,,,,,,,,,,,,,,,,SUV,No Special Function,,West,Parked,,,,,,,,,,,,,,,,,,,,,,,,,,,,,,,,,,,,,,,,,,,,,,,,,,,,,,,,,,,,,,,
250005430,1/20/2025 4:54:00 PM,1/20/2025 4:54:00 PM,0.00,0.00,1.00,0.00,false,false,false,false,39.27,-104.91,,BEAR DANCE DR,GRAYHAWK PL,Ran off right side,1.00,,Delineator /Milepost,Ditch,,,Ditch,Straight,Uphill,Not Applicable,Daylight,Non-intersection,Icy,Clear,,false,false,false,false,false,No Vehicle Defects,Driver,None,None,Not Ejected/Not Applicable,Properly used,"N/A Cars, truck, etc.",48.00,Deployed at pos. and others,No Apparent Injury,No Observed,Marijuana Not Suspected,No Observed,Not Tested,m,,SUV,No Special Function,false,West,Negotiating a Curve,35.00,35.00,35.00,Too Fast For Conditions,,No apparent contributing factor,,,No Automation,,,,,,,,,,,,,,,,,,,,,,,,,,,,,,,,,,,,,,,,,,,,,,,,,,,,,,,,,,,,,,,,,,,,,,,,,,,,,,,,,,,,,,,,,,,,,,,,,,,
250005514,1/20/2025 11:38:00 PM,1/20/2025 11:38:00 PM,0.00,0.00,1.00,0.00,false,false,false,false,39.52,-104.96,2771.00,DANBURY AVE,,Ran off left side,0.00,,Curb,Large Rocks or Boulder,,,Large Rocks or Boulder,Curve Right,Downhill,Not Applicable,Dark-lighted,Non-intersection,Icy,Snow,,false,false,false,false,false,No Vehicle Defects,Driver,None,None,Not Ejected/Not Applicable,Properly used,"N/A Cars, truck, etc.",18.00,Not Deployed,No Apparent Injury,No Observed,Marijuana Not Suspected,No Observed,Not Tested,m,,Passenger Car/Passenger Van,No Special Function,false,Northeast,Out of Control,25.00,20.00,25.00,Too Fast For Conditions,,Driver Inexperience,,,No Automation,,,,,,,,,,,,,,,,,,,,,,,,,,,,,,,,,,,,,,,,,,,,,,,,,,,,,,,,,,,,,,,,,,,,,,,,,,,,,,,,,,,,,,,,,,,,,,,,,,,
250005585,1/21/2025 10:06:00 AM,1/21/2025 10:06:00 AM,0.00,0.00,1.00,0.00,true,false,false,false,39.52,-104.96,,POSTON PKWY,WILDCAT RESERVE PKWY,Ran off right side,1.00,1,Tree,,,,Tree,Straight,Level,Not Applicable,Daylight,Non-intersection,Icy,Clear,,false,false,false,false,false,No Vehicle Defects,Driver,None,None,Not Ejected/Not Applicable,Properly used,"N/A Cars, truck, etc.",25.00,Deployed at pos. only,No Apparent Injury,No Observed,Marijuana Not Suspected,No Observed,Not Tested,f,,SUV,No Special Function,false,North,Going Straight,30.00,20.00,15.00,Too Fast For Conditions,,No apparent contributing factor,,,No Automation,,,,,,,,,,,,,,,,,,,,,,,,,,,,,,,,,,,,,,,,,,,,,,,,,,,,,,,,,,,,,,,,,,,,,,,,,,,,,,,,,,,,,,,,,,,,,,,,,,,
250005633,1/21/2025 12:45:00 PM,1/21/2025 12:45:00 PM,0.00,0.00,1.00,0.00,true,false,false,false,39.52,-104.92,,PUMA RIDGE,PUMA RUN,Ran off right side,0.00,,Other Fixed Object,Fence,,,Other Fixed Object,Curve Left,Level,Not Applicable,Daylight,At Intersection,Snowy,Cloudy,,true,false,false,false,false,No Vehicle Defects,Driver,None,None,Not Ejected/Not Applicable,Unknown,"N/A Cars, truck, etc.",16.00,Unknown,No Apparent Injury,No Observed,Unknown,No Observed,Not Tested,M,,Passenger Car/Passenger Van,No Special Function,false,Southeast,Negotiating a Curve,30.00,30.00,,Careless Driving,,Not Observed,,,No Automation,,,,,,,,,,,,,,,,,,,,,,,,,,,,,,,,,,,,,,,,,,,,,,,,,,,,,,,,,,,,,,,,,,,,,,,,,,,,,,,,,,,,,,,,,,,,,,,,,,,
250005637,1/21/2025 12:50:00 PM,1/21/2025 12:50:00 PM,0.00,0.00,2.00,0.00,false,false,false,false,39.55,-105.03,,COMMERCE CENTER CIR,CARDER CT,On-roadway,1.00,,Parked Motor Vehicle,,,,Parked Motor Vehicle,Curve Left,Downhill,Not Applicable,Daylight,Non-intersection,Snowy,Clear,,false,false,false,false,false,No Vehicle Defects,Driver,None,None,Not Ejected/Not Applicable,Properly used,"N/A Cars, truck, etc.",27.00,Deployed at pos. only,No Apparent Injury,No Observed,Marijuana Not Suspected,No Observed,Not Tested,m,,Passenger Car/Passenger Van,No Special Function,false,North,Making Left Turn,25.00,30.00,30.00,Too Fast For Conditions,,Not Observed,,,No Automation,,,,,,,,,,,,false,false,true,,,,,,,,,,,,,,,,,,SUV,,,,Parked,,,,,,,,,,,,,,,,,,,,,,,,,,,,,,,,,,,,,,,,,,,,,,,,,,,,,,,,,,,,,,,
250005856,1/22/2025 6:28:00 AM,1/22/2025 6:28:00 AM,0.00,0.00,2.00,0.00,false,false,false,false,39.54,-104.91,9500.00,QUEBEC ST,,On-roadway,0.00,3,Side to Side - Same Direction,,,,Side to Side - Same Direction,Straight,Level,Not Applicable,Dawn or dusk,Non-intersection,Dry W/Visible Icy Road Treatment,Clear,,false,false,false,false,false,No Vehicle Defects,Driver,None,None,Not Ejected/Not Applicable,Properly used,"N/A Cars, truck, etc.",53.00,Not Deployed,No Apparent Injury,No Observed,Marijuana Not Suspected,No Observed,Not Tested,m,,Pickup Truck/Utility Van,No Special Function,false,North,Changing lanes,45.00,45.00,45.00,Lane Violation,,Looked / Did Not See,,,No Automation,,,,,,,,,,,,false,false,false,false,false,No Vehicle Defects,Driver,None,None,Not Ejected/Not Applicable,Properly used,"N/A Cars, truck, etc.",47.00,Not Deployed,No Apparent Injury,No Observed,Marijuana Not Suspected,No Observed,Not Tested,f,SUV,No Special Function,false,North,Going Straight,45.00,45.00,40.00,No Contributing Action,,No apparent contributing factor,,,No Automation,,,,,,,,,,,,,,,,,,,,,,,,,,,,,,,,,,,,,,,,,,,,,,,,,,,,,,
250005947,1/22/2025 11:01:00 AM,1/22/2025 11:01:00 AM,0.00,0.00,2.00,0.00,false,false,false,false,39.56,-104.96,,UNIVERSITY BLVD,DAD CLARK DR,On-roadway,5.00,2,Front to Side,Overturning/Rollover,,,Overturning/Rollover,Straight,Level,Approach Turn,Daylight,At Intersection,Dry,Clear,,false,false,false,false,false,No Vehicle Defects,Driver,Compliance Not Known,None,Not Ejected/Not Applicable,Properly used,"N/A Cars, truck, etc.",50.00,Deployed at pos. only,No Apparent Injury,No Observed,Marijuana Not Suspected,No Observed,Not Tested,f,,SUV,No Special Function,false,South,Going Straight,45.00,45.00,45.00,Failed to Stop at Signal,,Looked / Did Not See,,,No Automation,,,,,,,,,,,,false,false,false,false,false,No Vehicle Defects,Driver,Compliance Not Known,None,Not Ejected/Not Applicable,Properly used,"N/A Cars, truck, etc.",71.00,Deployed at pos. and others,Possible Injury,No Observed,Marijuana Not Suspected,No Observed,Not Tested,f,SUV,No Special Function,false,North,Making Left Turn,45.00,15.00,15.00,No Contributing Action,,No apparent contributing factor,,,No Automation,,,,,,,,,,,,,,,,,,,,,,,,,,,,,,,,,,,,,,,,,,,,,,,,,,,,,,
250006026,1/22/2025 3:10:00 PM,1/22/2025 3:10:00 PM,0.00,0.00,2.00,0.00,true,false,false,false,39.54,-104.81,9800.00,STONEGATE PKWY,,On-roadway,0.00,1,Front to Side,,,,Front to Side,Straight,Level,Not Applicable,Daylight,Non-intersection,Dry,Snow,,false,false,false,false,false,No Vehicle Defects,Driver,None,None,Not Ejected/Not Applicable,Properly used,"N/A Cars, truck, etc.",52.00,Not Deployed,No Apparent Injury,No Observed,Marijuana Not Suspected,No Observed,Not Tested,f,,SUV,No Special Function,false,South,Making U-Turn,30.00,5.00,3.00,Disregarded Other Device / Sign / Markings,,Aggressive Driving,,,High Automation,,,,,,,,,,,,false,false,false,false,false,No Vehicle Defects,Driver,None,None,Not Ejected/Not Applicable,Not used,"N/A Cars, truck, etc.",17.00,Not Deployed,No Apparent Injury,No Observed,Marijuana Not Suspected,No Observed,Not Tested,m,Passenger Car/Passenger Van,No Special Function,false,North,Going Straight,30.00,30.00,30.00,No Contributing Action,,No apparent contributing factor,,,No Automation,,,,,,,,,,,,,,,,,,,,,,,,,,,,,,,,,,,,,,,,,,,,,,,,,,,,,,
250006251,1/23/2025 11:08:00 AM,1/23/2025 11:08:00 AM,0.00,0.00,2.00,0.00,true,false,false,false,39.54,-105.01,-1600.00,HIGHLANDS RANCH PKWY,,On-roadway,1.00,2,Front to Rear,,,,Front to Rear,Straight,Uphill,Not Applicable,Daylight,Intersection Related,Dry,Clear,,false,false,false,false,false,No Vehicle Defects,Driver,Complied With,None,Not Ejected/Not Applicable,Properly used,"N/A Cars, truck, etc.",17.00,Deployed at pos. and others,No Apparent Injury,No Observed,Marijuana Not Suspected,No Observed,Not Tested,m,,Passenger Car/Passenger Van,No Special Function,false,East,Going Straight,45.00,60.00,52.00,Too Fast For Conditions,,Distracted/Other Interior,,,No Automation,,,,,,,,,,,,false,false,false,false,false,No Vehicle Defects,Driver,Complied With,None,Not Ejected/Not Applicable,Properly used,"N/A Cars, truck, etc.",17.00,Not Deployed,Possible Injury,No Observed,Marijuana Not Suspected,No Observed,Not Tested,f,SUV,No Special Function,false,East,Slowing,45.00,20.00,35.00,No Contributing Action,,No apparent contributing factor,,,No Automation,,,,,,,,,,,,,,,,,,,,,,,,,,,,,,,,,,,,,,,,,,,,,,,,,,,,,,
250006368,1/23/2025 4:04:00 PM,1/23/2025 4:04:00 PM,0.00,0.00,2.00,0.00,false,false,false,false,39.48,-105.07,,RAMPART RANGE RD,RAMPART CT,On-roadway,1.00,1,Front to Front,,,,Front to Front,Straight,Uphill,Approach Turn,Daylight,At Intersection,Dry,Clear,,false,false,false,false,false,No Vehicle Defects,Driver,None,None,Not Ejected/Not Applicable,Properly used,"N/A Cars, truck, etc.",42.00,Deployed at pos. only,No Apparent Injury,No Observed,Marijuana Not Suspected,No Observed,Not Tested,f,,SUV,No Special Function,false,North,Making Left Turn,45.00,5.00,5.00,Improper Turn,,Looked / Did Not See,,,No Automation,,,,,,,,,,,,false,false,false,false,false,No Vehicle Defects,Driver,None,None,Not Ejected/Not Applicable,Properly used,"N/A Cars, truck, etc.",61.00,Deployed at pos. only,No Apparent Injury,No Observed,Marijuana Not Suspected,No Observed,Not Tested,m,SUV,No Special Function,false,South,Going Straight,45.00,40.00,40.00,No Contributing Action,,No apparent contributing factor,,,No Automation,,,,,,,,,,,,,,,,,,,,,,,,,,,,,,,,,,,,,,,,,,,,,,,,,,,,,,
250006852,1/25/2025 11:11:00 AM,1/25/2025 11:11:00 AM,0.00,0.00,1.00,0.00,true,false,false,false,39.53,-105.00,,KINGFISHER AVE,WILDCAT RESERVE PKWY,Ran off right side,0.00,2,Sign,,,,Sign,Curve Right,Level,Not Applicable,Daylight,At Intersection,Snowy,Snow,,false,false,false,false,false,No Vehicle Defects,Driver,None,None,Not Ejected/Not Applicable,Properly used,"N/A Cars, truck, etc.",38.00,Not Deployed,No Apparent Injury,No Observed,Marijuana Not Suspected,No Observed,Not Tested,m,,SUV,No Special Function,false,West,Making Right Turn,45.00,20.00,10.00,Too Fast For Conditions,,Distracted/Other Exterior,,,No Automation,,,,,,,,,,,,,,,,,,,,,,,,,,,,,,,,,,,,,,,,,,,,,,,,,,,,,,,,,,,,,,,,,,,,,,,,,,,,,,,,,,,,,,,,,,,,,,,,,,,