Casetrackingid,Accidentdate,Accidenttime,Numberkilled,Numberinjured,Totalvehicles,Totalnonmotorists,Juvenilesinvolvedindicator,Secondarycrashindicator,Constructionzoneindicator,Schoolzoneindicator,Latitude,Longitude,Onroadaddress,_Primarystreet,_Crossstreet,Location,Numberoflanesblocked,Laneposition,Harmfulevent1,Harmfulevent2,Harmfulevent3,Harmfulevent4,Mostharmfulevent,Roadcontourcurves,Roadcontourgrade,Approachovertakingturn,Lightingcondition,Roaddescription,Roadcondition,Weathercondition1,Weathercondition2,Hitandrun_V1,Noncontact_V1,Parked_V1,Unlicenseddriver_V1,Duiindicator_V1,Vehicledefectcondition_V1,Positioninvehicle_D1,Drivingrestrictions_D1,Drivingendorsements_D1,Ejectionpath_D1,Safetyequipmentuse_D1,Safetyequipmenthelmet_D1,Age_D1,Airbagdeployment_D1,Injuryseverity_D1,Alcoholsuspected_D1,Marijuanasuspected_D1,Otherdrugssuspected_D1,Testedforotherdrugs_D1,Personsexcode_D1,Deadatscene_D1,Vehicletype_V1,Specialfunction_V1,Emergencylightsactivated_V1,Directionoftravel_V1,Vehiclemovement_V1,Roadwayspeedlimit_V1,Estimatedvehiclespeed_V1,Driverstatedspeed_V1,Driveraction1_V1,Driveraction2_V1,Mostapprthumancontrfactor1_V1,Mostapprthumancontrfactor2_V1,Mostapprthumancontrfactor3_V1,Autonomousvehiclecapability_V1,Drivercededcontrol_V1,Nonmotoristtype_V1,Nonmotoristmovement_V1,Nonmotoristlocation_V1,Nonmotoristlegofint_V1,Nonmotoristtypeoffacility_V1,Nonmotoristaction1_V1,Nonmotoristaction2_V1,Nonmotoristcontrfctr1_V1,Nonmotoristcontrfctr2_V1,Nonmotoristcontrfctr3_V1,Hitandrun_V2,Noncontact_V2,Parked_V2,Unlicenseddriver_V2,Duiindicator_V2,Vehicledefectcondition_V2,Positioninvehicle_D2,Drivingrestrictions_D2,Drivingendorsements_D2,Ejectionpath_D2,Safetyequipmentuse_D2,Safetyequipmenthelmet_D2,Age_D2,Airbagdeployment_D2,Injuryseverity_D2,Alcoholsuspected_D2,Marijuanasuspected_D2,Otherdrugssuspected_D2,Testedforotherdrugs_D2,Personsexcode_D2,Vehicletype_V2,Specialfunction_V2,Emergencylightsactivated_V2,Directionoftravel_V2,Vehiclemovement_V2,Roadwayspeedlimit_V2,Estimatedvehiclespeed_V2,Driverstatedspeed_V2,Driveraction1_V2,Driveraction2_V2,Mostapprthumancontrfactor1_V2,Mostapprthumancontrfactor2_V2,Mostapprthumancontrfactor3_V2,Autonomousvehiclecapability_V2,Drivercededcontrol_V2,Nonmotoristtype_V2,Nonmotoristmovement_V2,Nonmotoristlocation_V2,Nonmotoristlegofint_V2,Nonmotoristtypeoffacility_V2,Nonmotoristaction1_V2,Nonmotoristaction2_V2,Nonmotoristcontrfctr1_V2,Nonmotoristcontrfctr2_V2,Nonmotoristcontrfctr3_V2,Hitandrun_V3,Noncontact_V3,Parked_V3,Unlicenseddriver_V3,Duiindicator_V3,Positioninvehicle_D3,Drivingrestrictions_D3,Drivingendorsements_D3,Ejection_D3,Safetyequipmentuse_D3,Age_D3,Airbagdeployment_D3,Injuryseverity_D3,Alcoholsuspected_D3,Marijuanasuspected_D3,Otherdrugssuspected_D3,Testedforotherdrugs_D3,Personsexcode_D3,Vehicletype_V3,Specialfunction_V3,Emergencylightsactivated_V3,Directionoftravel_V3,Vehiclemovement_V3,Roadwayspeedlimit_V3,Estimatedvehiclespeed_V3,Driverstatedspeed_V3,Driveraction1_V3,Driveraction2_V3,Mostapprthumancontrfactor1_V3,Mostapprthumancontrfactor2_V3,Mostapprthumancontrfactor3_V3,Autonomousvehiclecapability_V3,Drivercededcontrol_V3,Nonmotoristtype_V3,Nonmotoristmovement_V3,Nonmotoristlocation_V3,Nonmotoristlegofint_V3,Nonmotoristtypeoffacility_V3,Nonmotoristaction1_V3,Nonmotoristaction2_V3,Nonmotoristcontrfctr1_V3,Nonmotoristcontrfctr2_V3,Nonmotoristcontrfctr3_V3
250010883,2/7/2025 12:31:00 PM,2/7/2025 12:31:00 PM,0.00,0.00,2.00,0.00,false,false,false,false,39.56,-104.91,,QUEBEC ST,PALOMINO PKWY,On-roadway,0.00,4,Front to Rear,,,,Front to Rear,Straight,Level,Not Applicable,Daylight,Intersection Related,Dry,Clear,,false,false,false,false,false,No Vehicle Defects,Driver,Complied With,None,Not Ejected/Not Applicable,Properly used,"N/A Cars, truck, etc.",66.00,Not Deployed,No Apparent Injury,No Observed,Marijuana Not Suspected,No Observed,Not Tested,f,,Passenger Car/Passenger Van,No Special Function,false,North,Going Straight,45.00,5.00,3.00,Followed Too Closely,Other Contributing Action,Looked / Did Not See,,,No Automation,,,,,,,,,,,,false,false,false,false,false,No Vehicle Defects,Driver,None,None,Not Ejected/Not Applicable,Properly used,"N/A Cars, truck, etc.",56.00,Not Deployed,No Apparent Injury,No Observed,Marijuana Not Suspected,No Observed,Not Tested,f,SUV,No Special Function,false,North,Stopped in Traffic,45.00,0.00,0.00,No Contributing Action,,No apparent contributing factor,,,No Automation,,,,,,,,,,,,,,,,,,,,,,,,,,,,,,,,,,,,,,,,,,,,,,,,,,,,,,
250010932,2/7/2025 2:48:00 PM,2/7/2025 2:48:00 PM,0.00,0.00,1.00,0.00,false,false,false,false,39.45,-104.92,6000.00,DANIELS PARK RD,,Ran off left side,1.00,1,Delineator /Milepost,Fence,Overturning/Rollover,,Overturning/Rollover,Curve Right,Level,Not Applicable,Daylight,Non-intersection,Dry,Clear,,false,false,false,false,false,No Vehicle Defects,Driver,None,None,Not Ejected/Not Applicable,Properly used,"N/A Cars, truck, etc.",33.00,Deployed at pos. and others,No Apparent Injury,Yes Observed,Marijuana Not Suspected,Yes Other Method,Blood,m,,SUV,No Special Function,false,North,Going Straight,45.00,60.00,,Speeding,,Distracted Eating / Drinking,,,No Automation,,,,,,,,,,,,,,,,,,,,,,,,,,,,,,,,,,,,,,,,,,,,,,,,,,,,,,,,,,,,,,,,,,,,,,,,,,,,,,,,,,,,,,,,,,,,,,,,,,,
250010947,2/7/2025 3:14:00 PM,2/7/2025 3:14:00 PM,0.00,0.00,1.00,0.00,false,false,false,false,39.56,-104.99,8500.00,BROADWAY,,On-roadway,3.00,2,Overturning/Rollover,Light Pole/Utility Pole,Curb,,Overturning/Rollover,Curve Left,Level,Not Applicable,Daylight,Non-intersection,Dry,Clear,,false,false,false,false,true,No Vehicle Defects,Driver,None,None,Not Ejected/Not Applicable,Properly used,"N/A Cars, truck, etc.",18.00,Deployed at pos. and others,Possible Injury,Yes SFST,Marijuana Not Suspected,No Observed,Not Tested,f,,Passenger Car/Passenger Van,No Special Function,false,North,Weaving,45.00,45.00,,Other Contributing Action,,Distracted/Other Interior,,,No Automation,,,,,,,,,,,,,,,,,,,,,,,,,,,,,,,,,,,,,,,,,,,,,,,,,,,,,,,,,,,,,,,,,,,,,,,,,,,,,,,,,,,,,,,,,,,,,,,,,,,
250010955,2/7/2025 3:29:00 PM,2/7/2025 3:29:00 PM,0.00,1.00,1.00,0.00,false,false,false,false,39.43,-104.88,4780.00,LARIAT DR,,Ran off left side,0.00,1,Overturning/Rollover,Tree,,,Overturning/Rollover,Curve Right,Hill Crest,Not Applicable,Daylight,Non-intersection,Dry,Clear,,false,false,false,false,false,No Vehicle Defects,Driver,None,None,Motorcycle,Properly used,Helmet Properly Used,23.00,Not Equipped,Suspected Minor Injury,No Observed,Marijuana Not Suspected,No Observed,Not Tested,m,,Motorcycle,No Special Function,false,South,Going Straight,35.00,40.00,40.00,Over-Correcting / Over-Steering,,Driver Inexperience,,,No Automation,,,,,,,,,,,,,,,,,,,,,,,,,,,,,,,,,,,,,,,,,,,,,,,,,,,,,,,,,,,,,,,,,,,,,,,,,,,,,,,,,,,,,,,,,,,,,,,,,,,
250010962,2/7/2025 3:40:00 PM,2/7/2025 3:40:00 PM,0.00,0.00,2.00,0.00,true,false,false,false,39.54,-104.94,,UNIVERSITY BLVD,HIGHLANDS RANCH PKWY,On-roadway,0.00,3,Side to Side - Same Direction,,,,Side to Side - Same Direction,Straight,Downhill,Not Applicable,Daylight,Non-intersection,Dry,Clear,,false,false,false,false,false,No Vehicle Defects,Driver,Complied With,Complied With,Not Ejected/Not Applicable,Properly used,"N/A Cars, truck, etc.",21.00,Not Deployed,No Apparent Injury,No Observed,Marijuana Not Suspected,No Observed,Not Tested,m,,Passenger Car/Passenger Van,No Special Function,,North,Changing lanes,45.00,20.00,20.00,Failed to Yield ROW,,Looked / Did Not See,,,No Automation,,,,,,,,,,,,false,false,false,false,false,No Vehicle Defects,Driver,None,None,Not Ejected/Not Applicable,Properly used,"N/A Cars, truck, etc.",30.00,Not Deployed,No Apparent Injury,No Observed,Marijuana Not Suspected,No Observed,Not Tested,f,Passenger Car/Passenger Van,No Special Function,false,North,Going Straight,45.00,20.00,12.00,No Contributing Action,,No apparent contributing factor,,,No Automation,,,,,,,,,,,,,,,,,,,,,,,,,,,,,,,,,,,,,,,,,,,,,,,,,,,,,,
250010986,2/7/2025 5:16:00 PM,2/7/2025 5:16:00 PM,0.00,0.00,2.00,0.00,false,false,false,false,39.53,-104.94,,MCARTHUR RANCH RD,GRIGS RD,On-roadway,2.00,1,Front to Side,,,,Front to Side,Straight,Level,Not Applicable,Daylight,At Intersection,Dry,Clear,,false,false,false,false,false,No Vehicle Defects,Driver,Complied With,None,Not Ejected/Not Applicable,Properly used,"N/A Cars, truck, etc.",68.00,Not Deployed,No Apparent Injury,No Observed,Marijuana Not Suspected,No Observed,Not Tested,m,,Passenger Car/Passenger Van,No Special Function,false,East,Going Straight,40.00,30.00,30.00,Failed to Stop at Signal,,No apparent contributing factor,,,No Automation,,,,,,,,,,,,false,false,false,false,false,No Vehicle Defects,Driver,Not Complied With,None,Not Ejected/Not Applicable,Properly used,"N/A Cars, truck, etc.",54.00,Deployed at pos. only,No Apparent Injury,No Observed,Marijuana Not Suspected,No Observed,Not Tested,f,SUV,No Special Function,false,West,Making Left Turn,40.00,5.00,10.00,Failed to Yield ROW,,No apparent contributing factor,,,No Automation,,,,,,,,,,,,,,,,,,,,,,,,,,,,,,,,,,,,,,,,,,,,,,,,,,,,,,
250011130,2/8/2025 6:00:00 AM,2/8/2025 6:00:00 AM,0.00,0.00,1.00,0.00,false,false,false,false,39.53,-104.93,5000.00,BROOKWOOD DR,,On-roadway,0.00,1,Fence,,,,Fence,Straight,Level,Not Applicable,Daylight,Non-intersection,Dry,Clear,,true,false,false,,,,,,,,,,,,,,,,,,,Unknown Hit & Run Only,No Special Function,false,,Going Straight,25.00,20.00,,Lane Violation,,Not Observed,,,Unknown,,,,,,,,,,,,,,,,,,,,,,,,,,,,,,,,,,,,,,,,,,,,,,,,,,,,,,,,,,,,,,,,,,,,,,,,,,,,,,,,,,,,,,,,,,,,,,,,,,,
250011241,2/8/2025 7:57:00 PM,2/8/2025 7:57:00 PM,0.00,0.00,1.00,0.00,true,false,false,false,39.48,-104.92,7800.00,DANIELS PARK RD,,On-roadway,1.00,1,Overturning/Rollover,,,,Overturning/Rollover,Curve Left,Uphill,Not Applicable,Dark-unlighted,Non-intersection,Dry,Clear,,false,false,false,false,true,No Vehicle Defects,Driver,None,None,Not Ejected/Not Applicable,Properly used,"N/A Cars, truck, etc.",17.00,Deployed at pos. and others,No Apparent Injury,Yes SFST,Marijuana Not Suspected,No Observed,Not Tested,m,,SUV,No Special Function,false,Northwest,Negotiating a Curve,25.00,40.00,,Speeding,,Other Factor,,,No Automation,,,,,,,,,,,,,,,,,,,,,,,,,,,,,,,,,,,,,,,,,,,,,,,,,,,,,,,,,,,,,,,,,,,,,,,,,,,,,,,,,,,,,,,,,,,,,,,,,,,
250011271,2/8/2025 10:20:00 PM,2/8/2025 10:20:00 PM,0.00,1.00,1.00,0.00,false,false,false,false,39.48,-105.06,9500.00,WATERTON RD,,Ran off left side,1.00,,Curb,Guardrail End,,,Guardrail End,Curve Right,Downhill,Not Applicable,Dark-unlighted,Non-intersection,Dry,Clear,,false,false,false,false,true,No Vehicle Defects,Driver,None,None,Not Ejected/Not Applicable,Properly used,"N/A Cars, truck, etc.",24.00,Deployed at pos. only,Suspected Minor Injury,Yes Observed,Unknown,Yes Observed,Blood,m,,Pickup Truck/Utility Van,No Special Function,false,Southwest,Negotiating a Curve,45.00,45.00,,Lane Violation,,Other Factor,,,No Automation,,,,,,,,,,,,,,,,,,,,,,,,,,,,,,,,,,,,,,,,,,,,,,,,,,,,,,,,,,,,,,,,,,,,,,,,,,,,,,,,,,,,,,,,,,,,,,,,,,,
250011376,2/9/2025 12:53:00 PM,2/9/2025 12:53:00 PM,0.00,1.00,2.00,0.00,false,false,false,false,39.56,-104.90,,QUEBEC ST,BUSINESS CENTER DR,On-roadway,4.00,4,Front to Rear,,,,Front to Rear,Straight,Level,Not Applicable,Daylight,At Intersection,Dry,Clear,,false,false,false,false,false,No Vehicle Defects,Driver,None,None,Not Ejected/Not Applicable,Properly used,"N/A Cars, truck, etc.",35.00,Not Deployed,Possible Injury,No Observed,Marijuana Not Suspected,No Observed,Not Tested,f,,Passenger Car/Passenger Van,No Special Function,false,South,Stopped in Traffic,40.00,0.00,0.00,Impeded Traffic,,No apparent contributing factor,,,No Automation,,,,,,,,,,,,false,false,false,false,false,No Vehicle Defects,Driver,None,None,Not Ejected/Not Applicable,Not used,"N/A Cars, truck, etc.",27.00,Deployed at pos. only,Suspected Minor Injury,No Observed,Marijuana Not Suspected,No Observed,Not Tested,f,Passenger Car/Passenger Van,No Special Function,false,South,Going Straight,40.00,45.00,45.00,No Contributing Action,,No apparent contributing factor,,,No Automation,,,,,,,,,,,,,,,,,,,,,,,,,,,,,,,,,,,,,,,,,,,,,,,,,,,,,,
250011393,2/9/2025 1:51:00 PM,2/9/2025 1:51:00 PM,0.00,0.00,2.00,0.00,true,false,false,false,39.56,-104.94,,COLORADO BLVD,VENNEFORD RANCH RD,On-roadway,1.00,1,Front to Side,,,,Front to Side,Straight,Level,Approach Turn,Daylight,At Intersection,Dry,Clear,,false,false,false,false,false,No Vehicle Defects,Driver,None,None,Not Ejected/Not Applicable,Properly used,"N/A Cars, truck, etc.",32.00,"Not deployed at pos., deployed at others",No Apparent Injury,No Observed,Marijuana Not Suspected,No Observed,Not Tested,m,,SUV,No Special Function,false,North,Making Left Turn,45.00,15.00,15.00,Failed to Yield ROW,,Other Factor,,,No Automation,,,,,,,,,,,,false,false,false,false,false,No Vehicle Defects,Driver,None,None,Not Ejected/Not Applicable,Properly used,"N/A Cars, truck, etc.",33.00,Not Deployed,No Apparent Injury,No Observed,Marijuana Not Suspected,No Observed,Not Tested,f,SUV,No Special Function,false,South,Going Straight,45.00,45.00,45.00,No Contributing Action,,No apparent contributing factor,,,No Automation,,,,,,,,,,,,,,,,,,,,,,,,,,,,,,,,,,,,,,,,,,,,,,,,,,,,,,
250011398,2/9/2025 2:28:00 PM,2/9/2025 2:28:00 PM,0.00,0.00,2.00,0.00,false,false,false,false,39.55,-105.01,,KENDRICK CASTILLO WAY,TOWN CENTER DR,On-roadway,0.00,1,Front to Side,,,,Front to Side,Straight,Level,Not Applicable,Daylight,At Intersection,Dry,Clear,,false,false,false,false,false,No Vehicle Defects,Driver,None,None,Not Ejected/Not Applicable,Properly used,"N/A Cars, truck, etc.",58.00,Not Deployed,No Apparent Injury,No Observed,Marijuana Not Suspected,No Observed,Not Tested,m,,SUV,No Special Function,false,South,Making Left Turn,40.00,20.00,20.00,Failed to Yield ROW,,No apparent contributing factor,,,No Automation,,,,,,,,,,,,false,false,false,false,false,No Vehicle Defects,Driver,None,None,Not Ejected/Not Applicable,Properly used,"N/A Cars, truck, etc.",29.00,Not Deployed,No Apparent Injury,No Observed,Marijuana Not Suspected,No Observed,Not Tested,f,Passenger Car/Passenger Van,No Special Function,false,North,Going Straight,40.00,35.00,35.00,No Contributing Action,,No apparent contributing factor,,,No Automation,,,,,,,,,,,,,,,,,,,,,,,,,,,,,,,,,,,,,,,,,,,,,,,,,,,,,,
250011530,2/10/2025 3:59:00 AM,2/10/2025 3:59:00 AM,0.00,0.00,1.00,0.00,false,false,false,false,39.47,-104.91,7500.00,DANIELS PARK RD,,On-roadway,0.00,1,Wild Animal,,,,Wild Animal,Straight,Grade - Unknown,Not Applicable,Dark-unlighted,Non-intersection,Dry,Clear,,true,false,false,false,false,No Vehicle Defects,Driver,Complied With,None,Not Ejected/Not Applicable,Unknown,"N/A Cars, truck, etc.",21.00,Not Deployed,No Apparent Injury,No Other Method,Marijuana Not Suspected,No Other Method,Not Tested,f,,SUV,No Special Function,false,South,Going Straight,35.00,35.00,,No Contributing Action,,Not Observed,,,No Automation,,,,,,,,,,,,,,,,,,,,,,,,,,,,,,,,,,,,,,,,,,,,,,,,,,,,,,,,,,,,,,,,,,,,,,,,,,,,,,,,,,,,,,,,,,,,,,,,,,,
250011564,2/10/2025 7:49:00 AM,2/10/2025 7:49:00 AM,0.00,1.00,2.00,0.00,true,false,false,false,39.44,-104.76,,BAYOU GULCH RD,OLD SCHOOLHOUSE RD,On-roadway,2.00,2,Side to Side - Same Direction,Curb,Tree,,Tree,Straight,Level,Not Applicable,Daylight,Non-intersection,Dry,Clear,,false,false,false,false,false,No Vehicle Defects,Driver,Complied With,None,Not Ejected/Not Applicable,Properly used,"N/A Cars, truck, etc.",73.00,Not Deployed,Suspected Serious Injury,No Observed,Marijuana Not Suspected,No Observed,Not Tested,f,,SUV,No Special Function,false,East,Changing lanes,40.00,40.00,40.00,Lane Violation,,Sun Glare,,,No Automation,,,,,,,,,,,,false,false,false,false,false,No Vehicle Defects,Driver,None,None,Not Ejected/Not Applicable,Properly used,"N/A Cars, truck, etc.",18.00,Not Deployed,No Apparent Injury,No Observed,Marijuana Not Suspected,No Observed,Not Tested,m,Pickup Truck/Utility Van,No Special Function,false,East,Going Straight,40.00,40.00,40.00,No Contributing Action,,No apparent contributing factor,,,No Automation,,,,,,,,,,,,,,,,,,,,,,,,,,,,,,,,,,,,,,,,,,,,,,,,,,,,,,
250011567,2/10/2025 7:38:00 AM,2/10/2025 7:38:00 AM,0.00,0.00,2.00,0.00,true,false,false,false,39.53,-104.97,,WILDCAT RESERVE PKWY,GATEWAY DR,On-roadway,0.00,,Front to Rear,,,,Front to Rear,Curve Right,Uphill,Not Applicable,Daylight,At Intersection,Dry,Clear,,false,false,false,false,false,No Vehicle Defects,Driver,Complied With,None,Not Ejected/Not Applicable,Properly used,"N/A Cars, truck, etc.",16.00,Not Deployed,No Apparent Injury,No Observed,Marijuana Not Suspected,No Observed,Not Tested,m,,SUV,No Special Function,false,East,Going Straight,45.00,30.00,30.00,Careless Driving,,Sun Glare,,,No Automation,,,,,,,,,,,,false,false,true,false,false,No Vehicle Defects,Driver,None,None,Not Ejected/Not Applicable,Properly used,"N/A Cars, truck, etc.",47.00,Not Deployed,No Apparent Injury,No Observed,Marijuana Not Suspected,No Observed,Not Tested,f,SUV,No Special Function,false,East,Parked,45.00,0.00,0.00,No Contributing Action,,No apparent contributing factor,,,No Automation,,,,,,,,,,,,,,,,,,,,,,,,,,,,,,,,,,,,,,,,,,,,,,,,,,,,,,
250011620,1/30/2025 6:35:00 AM,1/30/2025 6:35:00 AM,0.00,0.00,2.00,0.00,false,false,false,false,39.55,-104.81,,CHAMBERS RD,AVENTERRA PKWY,On-roadway,0.00,3,Side to Side - Same Direction,,,,Side to Side - Same Direction,Straight,Uphill,Not Applicable,Dark-lighted,Non-intersection,Wet,Snow,,true,false,false,,,,,,,,,,,,,,,,,,,SUV,No Special Function,false,North,Going Straight,45.00,50.00,,Careless Driving,,Not Observed,,,Unknown,,,,,,,,,,,,false,false,false,false,false,No Vehicle Defects,Driver,None,None,Not Ejected/Not Applicable,Properly used,"N/A Cars, truck, etc.",44.00,Not Deployed,No Apparent Injury,No Other Method,Marijuana Not Suspected,No Other Method,Not Tested,m,SUV,No Special Function,false,North,Going Straight,45.00,45.00,45.00,No Contributing Action,,No apparent contributing factor,,,No Automation,,,,,,,,,,,,,,,,,,,,,,,,,,,,,,,,,,,,,,,,,,,,,,,,,,,,,,
250011804,2/10/2025 5:22:00 PM,2/10/2025 5:22:00 PM,0.00,0.00,2.00,0.00,false,false,false,false,39.56,-104.99,8600.00,BROADWAY,,On-roadway,0.00,4,Side to Side - Same Direction,,,,Side to Side - Same Direction,Curve Right,Level,Not Applicable,Dawn or dusk,Non-intersection,Dry,Clear,,true,false,false,,,,,,,,,,,,,,,,,,,Pickup Truck/Utility Van,No Special Function,false,South,Passing,45.00,50.00,,Reckless Driving,,Aggressive Driving,,,No Automation,,,,,,,,,,,,false,false,false,false,false,No Vehicle Defects,Driver,None,None,Not Ejected/Not Applicable,Properly used,"N/A Cars, truck, etc.",41.00,Not Deployed,No Apparent Injury,No Observed,Marijuana Not Suspected,No Observed,Not Tested,m,Passenger Car/Passenger Van,No Special Function,false,East,Going Straight,45.00,45.00,,No Contributing Action,,No apparent contributing factor,,,No Automation,,,,,,,,,,,,,,,,,,,,,,,,,,,,,,,,,,,,,,,,,,,,,,,,,,,,,,
250011823,2/10/2025 6:59:00 PM,2/10/2025 6:59:00 PM,0.00,0.00,1.00,0.00,false,false,false,false,39.46,-104.69,10800.00,HILLTOP RD,,On-roadway,0.00,1,Wild Animal,,,,Wild Animal,Straight,Level,Not Applicable,Dark-unlighted,Non-intersection,Dry,Snow,,false,false,false,false,false,No Vehicle Defects,Driver,None,None,Not Ejected/Not Applicable,Properly used,"N/A Cars, truck, etc.",60.00,Not Deployed,No Apparent Injury,No Observed,Marijuana Not Suspected,No Observed,Not Tested,m,,SUV,No Special Function,false,North,Going Straight,45.00,35.00,35.00,No Contributing Action,,No apparent contributing factor,,,No Automation,,,,,,,,,,,,,,,,,,,,,,,,,,,,,,,,,,,,,,,,,,,,,,,,,,,,,,,,,,,,,,,,,,,,,,,,,,,,,,,,,,,,,,,,,,,,,,,,,,,
250011976,2/11/2025 10:30:00 AM,2/11/2025 10:30:00 AM,0.00,0.00,2.00,0.00,false,false,false,false,39.54,-104.93,,UNIVERSITY BLVD,CRESTHILL LN,On-roadway,0.00,1,Side to Side - Same Direction,,,,Side to Side - Same Direction,Straight,Level,Overtaking Turn,Daylight,Intersection Related,Wet,Snow,,false,false,false,false,false,No Vehicle Defects,Driver,None,None,Not Ejected/Not Applicable,Properly used,"N/A Cars, truck, etc.",34.00,Not Deployed,No Apparent Injury,No Observed,Marijuana Not Suspected,No Observed,Not Tested,m,,Pickup Truck/Utility Van,No Special Function,false,East,Making Right Turn,45.00,10.00,8.00,Lane Violation,,Other Factor,Looked / Did Not See,Driver Unfamiliar With Area,No Automation,,,,,,,,,,,,false,false,false,false,false,No Vehicle Defects,Driver,None,None,Not Ejected/Not Applicable,Properly used,"N/A Cars, truck, etc.",64.00,Not Deployed,Possible Injury,No Observed,Marijuana Not Suspected,No Observed,Not Tested,f,Passenger Car/Passenger Van,No Special Function,false,East,Making Right Turn,45.00,35.00,35.00,No Contributing Action,,No apparent contributing factor,,,No Automation,,,,,,,,,,,,,,,,,,,,,,,,,,,,,,,,,,,,,,,,,,,,,,,,,,,,,,
250012161,2/11/2025 5:43:00 PM,2/11/2025 5:43:00 PM,0.00,0.00,2.00,0.00,false,false,false,false,39.48,-105.07,,RAMPART RANGE RD,VILLAGE CIR WEST(N),On-roadway,0.00,1,Front to Rear,,,,Front to Rear,Straight,Level,Not Applicable,Dark-lighted,At Intersection,Dry,Snow,,true,false,false,false,false,No Vehicle Defects,Driver,None,None,Not Ejected/Not Applicable,Properly used,"N/A Cars, truck, etc.",51.00,Not Deployed,No Apparent Injury,No Observed,Marijuana Not Suspected,No Observed,Not Tested,f,,Pickup Truck/Utility Van,No Special Function,false,South,Making Left Turn,45.00,20.00,20.00,Other Contributing Action,,Looked / Did Not See,,,No Automation,,,,,,,,,,,,false,false,false,false,false,No Vehicle Defects,Driver,Complied With,None,Not Ejected/Not Applicable,Properly used,"N/A Cars, truck, etc.",19.00,Not Deployed,No Apparent Injury,No Observed,Marijuana Not Suspected,No Observed,Not Tested,m,Passenger Car/Passenger Van,No Special Function,false,South,Making Left Turn,45.00,5.00,5.00,No Contributing Action,,No apparent contributing factor,,,No Automation,,,,,,,,,,,,,,,,,,,,,,,,,,,,,,,,,,,,,,,,,,,,,,,,,,,,,,
250012162,2/11/2025 6:19:00 PM,2/11/2025 6:19:00 PM,0.00,0.00,2.00,0.00,false,false,false,false,39.52,-104.66,10500.00,DELBERT RD,,On-roadway,0.00,1,Front to Rear,,,,Front to Rear,Straight,Grade - Unknown,Not Applicable,Dark-unlighted,Intersection Related,Snowy,Clear,,true,,,,,,,,,,,,,,,,,,,,,Pickup Truck/Utility Van,No Special Function,false,South,Passing,40.00,40.00,,Improper Passing on Left,Too Fast For Conditions,Not Observed,,,No Automation,,,,,,,,,,,,false,false,false,false,false,No Vehicle Defects,Driver,None,None,Not Ejected/Not Applicable,Properly used,"N/A Cars, truck, etc.",55.00,Not Deployed,No Apparent Injury,No Observed,Marijuana Not Suspected,No Observed,Not Tested,m,SUV,No Special Function,false,South,Going Straight,40.00,20.00,20.00,No Contributing Action,,No apparent contributing factor,,,No Automation,,,,,,,,,,,,,,,,,,,,,,,,,,,,,,,,,,,,,,,,,,,,,,,,,,,,,,
250012224,2/12/2025 7:49:00 AM,2/12/2025 7:49:00 AM,0.00,0.00,2.00,0.00,false,false,false,false,39.54,-104.91,,LINCOLN AVE,QUEBEC ST,On-roadway,1.00,2,Front to Rear,,,,Front to Rear,Straight,Downhill,Not Applicable,Daylight,Non-intersection,Icy W/Visible Icy Road Treatment,Snow,,false,false,false,false,false,No Vehicle Defects,Driver,Complied With,None,Not Ejected/Not Applicable,Not used,"N/A Cars, truck, etc.",18.00,Deployed at pos. and others,Possible Injury,No Observed,Marijuana Not Suspected,No Observed,Not Tested,f,,Passenger Car/Passenger Van,No Special Function,false,Northwest,Slowing,45.00,35.00,45.00,Too Fast For Conditions,,Driver Inexperience,,,No Automation,,,,,,,,,,,,false,false,false,false,false,No Vehicle Defects,Driver,None,None,Not Ejected/Not Applicable,Properly used,"N/A Cars, truck, etc.",58.00,Not Deployed,No Apparent Injury,No Observed,Marijuana Not Suspected,No Observed,Not Tested,m,Pickup Truck/Utility Van,No Special Function,false,Northwest,Stopped in Traffic,45.00,0.00,0.00,No Contributing Action,,No apparent contributing factor,,,No Automation,,,,,,,,,,,,,,,,,,,,,,,,,,,,,,,,,,,,,,,,,,,,,,,,,,,,,,
250012237,2/12/2025 8:58:00 AM,2/12/2025 8:58:00 AM,0.00,0.00,2.00,0.00,false,false,false,false,39.55,-105.00,,TOWN CENTER DR,HIGHLANDS RANCH PKWY,On-roadway,0.00,1,Front to Side,,,,Front to Side,Straight,Level,Approach Turn,Daylight,At Intersection,Icy W/Visible Icy Road Treatment,Clear,,false,false,false,false,false,No Vehicle Defects,Driver,None,None,Not Ejected/Not Applicable,Properly used,"N/A Cars, truck, etc.",81.00,"Not deployed at pos., deployed at others",No Apparent Injury,No Observed,Marijuana Not Suspected,No Observed,Not Tested,m,,SUV,No Special Function,false,East,Making Left Turn,45.00,20.00,,Failed to Yield ROW,,Not Observed,Distracted / Manipulating Vehicle Control,,Driver Assistance,,,,,,,,,,,,true,false,false,,,,,,,,,,,,,,,,,,Unknown Hit & Run Only,No Special Function,false,West,Going Straight,45.00,30.00,,No Contributing Action,,No apparent contributing factor,,,No Automation,,,,,,,,,,,,,,,,,,,,,,,,,,,,,,,,,,,,,,,,,,,,,,,,,,,,,,
250012375,2/12/2025 4:09:00 PM,2/12/2025 4:09:00 PM,0.00,2.00,2.00,0.00,false,false,false,false,39.54,-104.95,,HIGHLANDS RANCH PKWY,VIAGGIO WAY,On-roadway,1.00,4,Front to Rear,,,,Front to Rear,Straight,Level,Not Applicable,Daylight,Intersection Related,Dry,Clear,,false,false,false,false,false,No Vehicle Defects,Driver,None,None,Not Ejected/Not Applicable,Properly used,"N/A Cars, truck, etc.",52.00,Deployed at pos. and others,Suspected Minor Injury,No SFST,Marijuana Not Suspected,No SFST,Not Tested,f,,SUV,No Special Function,false,East,Going Straight,45.00,45.00,,Careless Driving,,Manipulating Electronic Device,,,No Automation,,,,,,,,,,,,false,false,false,false,false,No Vehicle Defects,Driver,None,None,Not Ejected/Not Applicable,Properly used,"N/A Cars, truck, etc.",43.00,Deployed at pos. and others,Possible Injury,No Observed,Marijuana Not Suspected,No Observed,Not Tested,m,SUV,No Special Function,false,East,Stopped in Traffic,45.00,0.00,0.00,No Contributing Action,,No apparent contributing factor,,,No Automation,,,,,,,,,,,,,,,,,,,,,,,,,,,,,,,,,,,,,,,,,,,,,,,,,,,,,,