Casetrackingid,Accidentdate,Accidenttime,Numberkilled,Numberinjured,Totalvehicles,Totalnonmotorists,Juvenilesinvolvedindicator,Secondarycrashindicator,Constructionzoneindicator,Schoolzoneindicator,Latitude,Longitude,Onroadaddress,_Primarystreet,_Crossstreet,Location,Numberoflanesblocked,Laneposition,Harmfulevent1,Harmfulevent2,Harmfulevent3,Harmfulevent4,Mostharmfulevent,Roadcontourcurves,Roadcontourgrade,Approachovertakingturn,Lightingcondition,Roaddescription,Roadcondition,Weathercondition1,Weathercondition2,Hitandrun_V1,Noncontact_V1,Parked_V1,Unlicenseddriver_V1,Duiindicator_V1,Vehicledefectcondition_V1,Positioninvehicle_D1,Drivingrestrictions_D1,Drivingendorsements_D1,Ejectionpath_D1,Safetyequipmentuse_D1,Safetyequipmenthelmet_D1,Age_D1,Airbagdeployment_D1,Injuryseverity_D1,Alcoholsuspected_D1,Marijuanasuspected_D1,Otherdrugssuspected_D1,Testedforotherdrugs_D1,Personsexcode_D1,Deadatscene_D1,Vehicletype_V1,Specialfunction_V1,Emergencylightsactivated_V1,Directionoftravel_V1,Vehiclemovement_V1,Roadwayspeedlimit_V1,Estimatedvehiclespeed_V1,Driverstatedspeed_V1,Driveraction1_V1,Driveraction2_V1,Mostapprthumancontrfactor1_V1,Mostapprthumancontrfactor2_V1,Mostapprthumancontrfactor3_V1,Autonomousvehiclecapability_V1,Drivercededcontrol_V1,Nonmotoristtype_V1,Nonmotoristmovement_V1,Nonmotoristlocation_V1,Nonmotoristlegofint_V1,Nonmotoristtypeoffacility_V1,Nonmotoristaction1_V1,Nonmotoristaction2_V1,Nonmotoristcontrfctr1_V1,Nonmotoristcontrfctr2_V1,Nonmotoristcontrfctr3_V1,Hitandrun_V2,Noncontact_V2,Parked_V2,Unlicenseddriver_V2,Duiindicator_V2,Vehicledefectcondition_V2,Positioninvehicle_D2,Drivingrestrictions_D2,Drivingendorsements_D2,Ejectionpath_D2,Safetyequipmentuse_D2,Safetyequipmenthelmet_D2,Age_D2,Airbagdeployment_D2,Injuryseverity_D2,Alcoholsuspected_D2,Marijuanasuspected_D2,Otherdrugssuspected_D2,Testedforotherdrugs_D2,Personsexcode_D2,Vehicletype_V2,Specialfunction_V2,Emergencylightsactivated_V2,Directionoftravel_V2,Vehiclemovement_V2,Roadwayspeedlimit_V2,Estimatedvehiclespeed_V2,Driverstatedspeed_V2,Driveraction1_V2,Driveraction2_V2,Mostapprthumancontrfactor1_V2,Mostapprthumancontrfactor2_V2,Mostapprthumancontrfactor3_V2,Autonomousvehiclecapability_V2,Drivercededcontrol_V2,Nonmotoristtype_V2,Nonmotoristmovement_V2,Nonmotoristlocation_V2,Nonmotoristlegofint_V2,Nonmotoristtypeoffacility_V2,Nonmotoristaction1_V2,Nonmotoristaction2_V2,Nonmotoristcontrfctr1_V2,Nonmotoristcontrfctr2_V2,Nonmotoristcontrfctr3_V2,Hitandrun_V3,Noncontact_V3,Parked_V3,Unlicenseddriver_V3,Duiindicator_V3,Positioninvehicle_D3,Drivingrestrictions_D3,Drivingendorsements_D3,Ejection_D3,Safetyequipmentuse_D3,Age_D3,Airbagdeployment_D3,Injuryseverity_D3,Alcoholsuspected_D3,Marijuanasuspected_D3,Otherdrugssuspected_D3,Testedforotherdrugs_D3,Personsexcode_D3,Vehicletype_V3,Specialfunction_V3,Emergencylightsactivated_V3,Directionoftravel_V3,Vehiclemovement_V3,Roadwayspeedlimit_V3,Estimatedvehiclespeed_V3,Driverstatedspeed_V3,Driveraction1_V3,Driveraction2_V3,Mostapprthumancontrfactor1_V3,Mostapprthumancontrfactor2_V3,Mostapprthumancontrfactor3_V3,Autonomousvehiclecapability_V3,Drivercededcontrol_V3,Nonmotoristtype_V3,Nonmotoristmovement_V3,Nonmotoristlocation_V3,Nonmotoristlegofint_V3,Nonmotoristtypeoffacility_V3,Nonmotoristaction1_V3,Nonmotoristaction2_V3,Nonmotoristcontrfctr1_V3,Nonmotoristcontrfctr2_V3,Nonmotoristcontrfctr3_V3
250016526,2/26/2025 1:05:00 PM,2/26/2025 1:05:00 PM,0.00,0.00,2.00,0.00,false,false,false,false,39.51,-105.02,,TITAN PARK CIR,TITAN PKWY,On-roadway,1.00,1,Front to Rear,,,,Front to Rear,Straight,Uphill,Not Applicable,Daylight,Intersection Related,Dry,Clear,,false,false,false,false,false,No Vehicle Defects,Driver,None,None,Not Ejected/Not Applicable,Properly used,"N/A Cars, truck, etc.",26.00,Not Deployed,No Apparent Injury,No Observed,Marijuana Not Suspected,No Observed,Not Tested,m,,"Medium/Heavy Trucks crossing state line, GVWR/GCWR 10,001 or over",Construction Equipment,false,North,Backing,25.00,2.00,2.00,Other Contributing Action,,Driver Unfamiliar With Area,,,No Automation,,,,,,,,,,,,false,false,false,false,false,No Vehicle Defects,Driver,None,None,Not Ejected/Not Applicable,Properly used,"N/A Cars, truck, etc.",34.00,Not Deployed,No Apparent Injury,No Observed,Marijuana Not Suspected,No Observed,Not Tested,m,Passenger Car/Passenger Van,"Vehicle Used for Electronic Ride-hailing Uber, Lyft, etc.",false,North,Stopped in Traffic,25.00,0.00,0.00,No Contributing Action,,No apparent contributing factor,,,No Automation,,,,,,,,,,,,,,,,,,,,,,,,,,,,,,,,,,,,,,,,,,,,,,,,,,,,,,
250016669,2/26/2025 9:05:00 PM,2/26/2025 9:05:00 PM,0.00,0.00,2.00,0.00,true,false,false,false,39.53,-104.94,,WILDCAT RESERVE PKWY,MCARTHUR RANCH RD,On-roadway,1.00,3,Front to Side,,,,Front to Side,Straight,Level,Not Applicable,Dark-unlighted,At Intersection,Dry,Clear,,false,false,false,false,false,No Vehicle Defects,Driver,None,None,Not Ejected/Not Applicable,Properly used,"N/A Cars, truck, etc.",17.00,Deployed at pos. and others,No Apparent Injury,No Observed,Marijuana Not Suspected,No Observed,Not Tested,m,,Passenger Car/Passenger Van,No Special Function,false,North,Going Straight,45.00,15.00,15.00,Failed to Stop at Signal,,Distracted/Other Exterior,,,No Automation,,,,,,,,,,,,false,false,false,false,false,,Driver,None,None,Not Ejected/Not Applicable,Properly used,"N/A Cars, truck, etc.",30.00,Deployed at pos. and others,No Apparent Injury,No Observed,Marijuana Not Suspected,No Observed,Not Tested,m,Passenger Car/Passenger Van,No Special Function,false,East,Going Straight,45.00,20.00,20.00,No Contributing Action,,No apparent contributing factor,,,No Automation,,,,,,,,,,,,,,,,,,,,,,,,,,,,,,,,,,,,,,,,,,,,,,,,,,,,,,
250016967,2/27/2025 3:12:00 PM,2/27/2025 3:12:00 PM,0.00,0.00,2.00,0.00,false,false,false,false,39.37,-105.01,5800.00,PINE CLIFF AVE,,On-roadway,0.00,1,Front to Rear,,,,Front to Rear,Straight,Level,Not Applicable,Daylight,Non-intersection,Sand/Gravel,Clear,,false,false,false,false,false,No Vehicle Defects,Driver,None,None,Not Ejected/Not Applicable,Properly used,"N/A Cars, truck, etc.",47.00,Not Deployed,No Apparent Injury,No Observed,Marijuana Not Suspected,No Observed,Not Tested,m,,"Medium/Heavy Trucks staying within the state, GVWR/GCWR 16,001 or over",Ambulance,false,East,Backing,25.00,5.00,5.00,Improper Backing,,No apparent contributing factor,,,No Automation,,,,,,,,,,,,false,false,true,,,,,,,,,,,,,,,,,,Pickup Truck/Utility Van,No Special Function,false,East,Parked,,,,,,,,,,,,,,,,,,,,,,,,,,,,,,,,,,,,,,,,,,,,,,,,,,,,,,,,,,,,,,,
250016991,2/27/2025 3:39:00 PM,2/27/2025 3:39:00 PM,0.00,0.00,2.00,0.00,true,false,false,false,39.55,-105.01,,KENDRICK CASTILLO WAY,HIGHLANDS RANCH PKWY,On-roadway,0.00,4,Front to Rear,,,,Front to Rear,Straight,Level,Not Applicable,Daylight,Intersection Related,Dry,Clear,,false,false,false,false,false,No Vehicle Defects,Driver,None,None,Not Ejected/Not Applicable,Properly used,"N/A Cars, truck, etc.",17.00,Not Deployed,No Apparent Injury,No Observed,Marijuana Not Suspected,No Observed,Not Tested,f,,SUV,No Special Function,false,South,Going Straight,40.00,15.00,,Followed Too Closely,,Distracted/Other Exterior,,,No Automation,,,,,,,,,,,,false,false,false,false,false,No Vehicle Defects,Driver,None,None,Not Ejected/Not Applicable,Properly used,"N/A Cars, truck, etc.",59.00,Not Deployed,No Apparent Injury,No Observed,Marijuana Not Suspected,No Observed,Not Tested,m,SUV,No Special Function,false,South,Stopped in Traffic,40.00,0.00,0.00,No Contributing Action,,No apparent contributing factor,,,No Automation,,,,,,,,,,,,,,,,,,,,,,,,,,,,,,,,,,,,,,,,,,,,,,,,,,,,,,
250017008,2/27/2025 4:21:00 PM,2/27/2025 4:21:00 PM,0.00,0.00,2.00,0.00,false,false,false,false,39.56,-104.87,,INVERNESS DR SOUTH,INVERNESS PKWY,On-roadway,0.00,2,Curb,Front to Rear,,,Front to Rear,Straight,Uphill,Not Applicable,Daylight,Intersection Related,Dry,Clear,,false,false,false,false,false,Mechanical failure,Driver,None,None,Not Ejected/Not Applicable,Properly used,"N/A Cars, truck, etc.",30.00,Not Deployed,No Apparent Injury,No Observed,Marijuana Not Suspected,No Observed,Not Tested,m,,Pickup Truck/Utility Van,No Special Function,false,West,Making Right Turn,30.00,30.00,30.00,No Contributing Action,,No apparent contributing factor,,,No Automation,,,,,,,,,,,,false,false,false,false,false,No Vehicle Defects,Driver,None,None,Not Ejected/Not Applicable,Properly used,"N/A Cars, truck, etc.",53.00,Not Deployed,No Apparent Injury,No Observed,Marijuana Not Suspected,No Observed,Not Tested,m,Pickup Truck/Utility Van,No Special Function,false,West,Making Right Turn,30.00,0.00,0.00,No Contributing Action,,No apparent contributing factor,,,No Automation,,,,,,,,,,,,,,,,,,,,,,,,,,,,,,,,,,,,,,,,,,,,,,,,,,,,,,
250017024,2/27/2025 5:16:00 PM,2/27/2025 5:16:00 PM,0.00,0.00,2.00,0.00,true,false,false,false,39.54,-104.81,,LINCOLN AVE,CHAMBERS RD,On-roadway,0.00,1,Front to Rear,,,,Front to Rear,Straight,Level,Not Applicable,Dawn or dusk,Intersection Related,Dry,Clear,,false,false,false,false,false,No Vehicle Defects,Driver,None,None,Not Ejected/Not Applicable,Properly used,"N/A Cars, truck, etc.",19.00,Not Deployed,No Apparent Injury,No Observed,Marijuana Not Suspected,No Observed,Not Tested,m,,Pickup Truck/Utility Van,No Special Function,false,West,Making Left Turn,45.00,10.00,,Followed Too Closely,,Distracted/Other Interior,,,No Automation,,,,,,,,,,,,false,false,false,false,false,No Vehicle Defects,Driver,None,None,Not Ejected/Not Applicable,Properly used,"N/A Cars, truck, etc.",46.00,Not Deployed,No Apparent Injury,No Observed,Marijuana Not Suspected,No Observed,Not Tested,m,SUV,No Special Function,false,West,Making Left Turn,45.00,0.00,0.00,No Contributing Action,,No apparent contributing factor,,,No Automation,,,,,,,,,,,,,,,,,,,,,,,,,,,,,,,,,,,,,,,,,,,,,,,,,,,,,,
250017036,2/27/2025 5:50:00 PM,2/27/2025 5:50:00 PM,0.00,0.00,2.00,0.00,true,false,false,false,39.54,-105.01,,HIGHLANDS RANCH PKWY,FOOTHILLS CANYON BLVD,On-roadway,0.00,0,Front to Rear,,,,Front to Rear,Straight,Uphill,Not Applicable,Daylight,Non-intersection,Dry,Clear,,false,false,false,false,false,No Vehicle Defects,Driver,None,None,Not Ejected/Not Applicable,Properly used,"N/A Cars, truck, etc.",16.00,Not Deployed,No Apparent Injury,No Observed,Marijuana Not Suspected,No Observed,Not Tested,m,,Passenger Car/Passenger Van,No Special Function,false,West,Going Straight,45.00,25.00,25.00,Other Contributing Action,,Driver Inexperience,,,No Automation,,,,,,,,,,,,false,false,false,false,false,No Vehicle Defects,Driver,None,None,Not Ejected/Not Applicable,Properly used,"N/A Cars, truck, etc.",43.00,Not Deployed,Possible Injury,No Observed,Marijuana Not Suspected,No Observed,Not Tested,f,SUV,No Special Function,false,West,Slowing,45.00,20.00,40.00,No Contributing Action,,No apparent contributing factor,,,No Automation,,,,,,,,,,,,,,,,,,,,,,,,,,,,,,,,,,,,,,,,,,,,,,,,,,,,,,
250017335,2/28/2025 1:05:00 PM,2/28/2025 1:05:00 PM,0.00,1.00,1.00,0.00,false,false,false,false,39.47,-104.99,7200.00,PETERSON RD,,Ran off left side,1.00,1,Curb,Fence,Overturning/Rollover,,Overturning/Rollover,Straight,Level,Not Applicable,Daylight,Non-intersection,Dry,Clear,,false,false,false,false,false,No Vehicle Defects,Driver,None,None,Not Ejected/Not Applicable,Properly used,"N/A Cars, truck, etc.",65.00,Deployed at pos. and others,Suspected Minor Injury,No Observed,Marijuana Not Suspected,No Observed,Not Tested,m,,Passenger Car/Passenger Van,No Special Function,false,South,Going Straight,40.00,35.00,30.00,Careless Driving,,Asleep or Fatigued,,,No Automation,,,,,,,,,,,,,,,,,,,,,,,,,,,,,,,,,,,,,,,,,,,,,,,,,,,,,,,,,,,,,,,,,,,,,,,,,,,,,,,,,,,,,,,,,,,,,,,,,,,
250017432,2/28/2025 3:57:00 PM,2/28/2025 3:57:00 PM,0.00,0.00,2.00,0.00,false,false,false,false,39.48,-105.07,,VILLAGE CIR EAST(N),RAMPART RANGE RD,On-roadway,0.00,1,Front to Rear,,,,Front to Rear,Straight,Level,Not Applicable,Daylight,Intersection Related,Dry,Clear,,false,false,false,false,false,No Vehicle Defects,Driver,Complied With,None,Not Ejected/Not Applicable,Properly used,"N/A Cars, truck, etc.",45.00,Not Deployed,No Apparent Injury,No Observed,Marijuana Not Suspected,No Observed,Not Tested,f,,SUV,No Special Function,false,West,Slowing,30.00,5.00,5.00,Other Contributing Action,,Other Factor,,,No Automation,,,,,,,,,,,,false,false,false,false,false,No Vehicle Defects,Driver,None,None,Not Ejected/Not Applicable,Properly used,"N/A Cars, truck, etc.",40.00,Not Deployed,No Apparent Injury,No Observed,Marijuana Not Suspected,No Observed,Not Tested,m,Passenger Car/Passenger Van,No Special Function,false,West,Stopped in Traffic,30.00,0.00,0.00,No Contributing Action,,No apparent contributing factor,,,No Automation,,,,,,,,,,,,,,,,,,,,,,,,,,,,,,,,,,,,,,,,,,,,,,,,,,,,,,
250017557,3/1/2025 12:24:00 AM,3/1/2025 12:24:00 AM,0.00,0.00,1.00,0.00,false,false,false,false,39.55,-105.00,,HIGHLANDS RANCH PKWY,HEPBURN ST,Ran off left side,0.00,1,Curb,Light Pole/Utility Pole,Curb,Culvert or Headwall,Curb,Straight,Level,Not Applicable,Dark-lighted,At Intersection,Dry,Clear,,false,false,false,false,false,No Vehicle Defects,Driver,Complied With,None,Not Ejected/Not Applicable,Properly used,"N/A Cars, truck, etc.",22.00,Deployed at pos. and others,No Apparent Injury,No SFST,Marijuana Suspected,Yes SFST,Blood,m,,Passenger Car/Passenger Van,No Special Function,false,East,Out of Control,45.00,45.00,,Lane Violation,,Other Factor,,,No Automation,,,,,,,,,,,,,,,,,,,,,,,,,,,,,,,,,,,,,,,,,,,,,,,,,,,,,,,,,,,,,,,,,,,,,,,,,,,,,,,,,,,,,,,,,,,,,,,,,,,
250017654,3/1/2025 12:16:00 PM,3/1/2025 12:16:00 PM,0.00,0.00,2.00,0.00,false,false,false,false,39.54,-104.85,,OSWEGO ST,LINCOLN AVE,On-roadway,0.00,1,Front to Front,,,,Front to Front,Straight,Level,Not Applicable,Daylight,Intersection Related,Dry,Clear,,false,false,false,false,false,No Vehicle Defects,Driver,Complied With,None,Not Ejected/Not Applicable,Properly used,"N/A Cars, truck, etc.",77.00,Not Deployed,No Apparent Injury,No Observed,Marijuana Not Suspected,No Observed,Not Tested,f,,Passenger Car/Passenger Van,No Special Function,false,South,Making Left Turn,45.00,15.00,15.00,Failed to Yield ROW,Improper Turn,Looked / Did Not See,,,No Automation,,,,,,,,,,,,false,false,false,false,false,No Vehicle Defects,Driver,None,None,Not Ejected/Not Applicable,Properly used,"N/A Cars, truck, etc.",32.00,Not Deployed,No Apparent Injury,No Observed,Marijuana Not Suspected,No Observed,Not Tested,m,SUV,No Special Function,false,North,Stopped in Traffic,35.00,0.00,0.00,No Contributing Action,,No apparent contributing factor,,,No Automation,,,,,,,,,,,,,,,,,,,,,,,,,,,,,,,,,,,,,,,,,,,,,,,,,,,,,,
250017734,3/1/2025 5:27:00 PM,3/1/2025 5:27:00 PM,0.00,0.00,2.00,0.00,false,false,false,false,39.56,-105.01,,KENDRICK CASTILLO WAY,PLAZA DR,On-roadway,2.00,3,Front to Side,,,,Front to Side,Straight,Level,Approach Turn,Dawn or dusk,At Intersection,Dry,Clear,,false,false,false,false,false,No Vehicle Defects,Driver,None,None,Not Ejected/Not Applicable,Properly used,"N/A Cars, truck, etc.",19.00,Deployed at pos. only,Possible Injury,No Observed,Marijuana Not Suspected,No Observed,Not Tested,f,,SUV,No Special Function,false,South,Going Straight,45.00,35.00,35.00,Failed to Stop at Signal,Failed to Yield ROW,Driver Inexperience,,,No Automation,,,,,,,,,,,,false,false,false,false,false,No Vehicle Defects,Driver,Complied With,None,Not Ejected/Not Applicable,Properly used,"N/A Cars, truck, etc.",31.00,Deployed at pos. and others,Possible Injury,No Observed,Marijuana Not Suspected,No Observed,Not Tested,m,Passenger Car/Passenger Van,No Special Function,false,North,Making Left Turn,45.00,20.00,10.00,No Contributing Action,,No apparent contributing factor,,,No Automation,,,,,,,,,,,,,,,,,,,,,,,,,,,,,,,,,,,,,,,,,,,,,,,,,,,,,,
250017736,3/1/2025 5:37:00 PM,3/1/2025 5:37:00 PM,0.00,1.00,2.00,0.00,false,false,false,false,39.53,-105.02,10577.00,HYACINTH PL,,Ran off right side,0.00,1,Curb,Ground,Wall or Building,Parked Motor Vehicle,Ground,Straight,Level,Not Applicable,Daylight,Non-intersection,Dry,Clear,,false,false,false,false,true,No Vehicle Defects,Driver,None,Not Complied With,Motorcycle,Not used,No Helmet,46.00,Not Equipped,Suspected Serious Injury,Yes Observed,Marijuana Not Suspected,No Observed,Not Tested,m,,Motorcycle,No Special Function,false,East,Out of Control,25.00,20.00,,Other Contributing Action,,Other Factor,,,No Automation,,,,,,,,,,,,false,false,true,,,,,,,,,,,,,,,,,,SUV,No Special Function,false,South,Parked,,,,,,,,,,,,,,,,,,,,,,,,,,,,,,,,,,,,,,,,,,,,,,,,,,,,,,,,,,,,,,,
250017796,3/1/2025 11:34:00 PM,3/1/2025 11:34:00 PM,0.00,0.00,2.00,0.00,false,false,false,false,39.56,-104.99,,BROADWAY,PLAZA DR,On-roadway,2.00,2,Front to Side,,,,Front to Side,Straight,Uphill,Not Applicable,Dark-lighted,Intersection Related,Dry,Clear,,true,false,false,,,,,,,,,,,,,,,,,,,SUV,No Special Function,false,Southwest,Making U-Turn,45.00,12.00,,Failed to Yield ROW,,Not Observed,,,No Automation,,,,,,,,,,,,false,false,false,false,false,No Vehicle Defects,Driver,None,None,Not Ejected/Not Applicable,Properly used,"N/A Cars, truck, etc.",22.00,Deployed at pos. and others,No Apparent Injury,No Observed,Marijuana Not Suspected,No Observed,Not Tested,m,SUV,No Special Function,false,North,Going Straight,45.00,40.00,,No Contributing Action,,No apparent contributing factor,,,No Automation,,,,,,,,,,,,,,,,,,,,,,,,,,,,,,,,,,,,,,,,,,,,,,,,,,,,,,
250018115,3/3/2025 6:51:00 AM,3/3/2025 6:51:00 AM,0.00,0.00,2.00,0.00,false,false,false,false,39.55,-104.94,,UNIVERSITY BLVD,HIGHLANDS RANCH PKWY,On-roadway,1.00,2,Front to Side,,,,Front to Side,Straight,Level,Not Applicable,Daylight,At Intersection,Dry,Clear,,true,false,false,false,false,No Vehicle Defects,Driver,Compliance Not Known,None,Not Ejected/Not Applicable,Unknown,"N/A Cars, truck, etc.",22.00,Not Deployed,No Apparent Injury,No Other Method,Unknown,No Other Method,Not Tested,m,,Passenger Car/Passenger Van,No Special Function,false,North,Going Straight,45.00,45.00,,Failed to Stop at Signal,,Not Observed,,,No Automation,,,,,,,,,,,,false,false,false,false,false,No Vehicle Defects,Driver,None,None,Not Ejected/Not Applicable,Properly used,"N/A Cars, truck, etc.",51.00,Not Deployed,No Apparent Injury,No Observed,Marijuana Not Suspected,No Observed,Not Tested,f,SUV,No Special Function,false,East,Going Straight,45.00,45.00,20.00,No Contributing Action,,No apparent contributing factor,,,No Automation,,,,,,,,,,,,,,,,,,,,,,,,,,,,,,,,,,,,,,,,,,,,,,,,,,,,,,
250018130,3/3/2025 7:25:00 AM,3/3/2025 7:25:00 AM,0.00,0.00,2.00,0.00,true,false,false,false,39.53,-105.01,,WILDCAT RESERVE PKWY,SPOTTED OWL AVE,On-roadway,0.00,1,Front to Side,Curb,,,Front to Side,Straight,Level,Approach Turn,Daylight,At Intersection,Dry,Clear,,false,false,false,false,false,No Vehicle Defects,Driver,None,None,Not Ejected/Not Applicable,Properly used,"N/A Cars, truck, etc.",42.00,Not Deployed,No Apparent Injury,No Observed,Marijuana Not Suspected,No Observed,Not Tested,m,,Passenger Car/Passenger Van,No Special Function,false,East,Making U-Turn,45.00,15.00,15.00,Failed to Yield ROW,,Looked / Did Not See,,,No Automation,,,,,,,,,,,,false,false,false,false,false,No Vehicle Defects,Driver,Complied With,None,Not Ejected/Not Applicable,Properly used,"N/A Cars, truck, etc.",41.00,Not Deployed,No Apparent Injury,No Observed,Marijuana Not Suspected,No Observed,Not Tested,m,SUV,No Special Function,false,West,Going Straight,45.00,45.00,45.00,No Contributing Action,,No apparent contributing factor,,,No Automation,,,,,,,,,,,,,,,,,,,,,,,,,,,,,,,,,,,,,,,,,,,,,,,,,,,,,,
250018364,3/3/2025 4:00:00 PM,3/3/2025 4:00:00 PM,0.00,0.00,2.00,0.00,true,false,false,false,39.54,-104.95,3200.00,HIGHLANDS RANCH PKWY,,On-roadway,0.00,3,Side to Side - Same Direction,,,,Side to Side - Same Direction,Curve Right,Uphill,Not Applicable,Daylight,Non-intersection,Dry,Cloudy,,true,false,false,false,false,No Vehicle Defects,Driver,Compliance Not Known,None,Not Ejected/Not Applicable,Unknown,"N/A Cars, truck, etc.",20.00,Not Deployed,No Apparent Injury,No Observed,Marijuana Not Suspected,No Observed,Not Tested,f,,SUV,No Special Function,false,West,Going Straight,45.00,55.00,,Reckless Driving,Other Contributing Action,Driver Emotionally Upset,Distracted/Other Exterior,,No Automation,,,,,,,,,,,,false,false,false,false,false,No Vehicle Defects,Driver,Compliance Not Known,None,Not Ejected/Not Applicable,Properly used,"N/A Cars, truck, etc.",42.00,Not Deployed,No Apparent Injury,No Observed,Marijuana Not Suspected,No Observed,Not Tested,m,Passenger Car/Passenger Van,No Special Function,false,West,Going Straight,45.00,45.00,45.00,No Contributing Action,,Other Factor,,,No Automation,,,,,,,,,,,,,,,,,,,,,,,,,,,,,,,,,,,,,,,,,,,,,,,,,,,,,,
250018415,3/3/2025 8:34:00 PM,3/3/2025 8:34:00 PM,0.00,0.00,2.00,0.00,true,false,false,false,39.54,-104.81,,LINCOLN AVE,CHAMBERS RD,On-roadway,1.00,2,Front to Side,,,,Front to Side,Straight,Level,Approach Turn,Dark-lighted,At Intersection,Wet,Snow,,false,false,false,false,false,No Vehicle Defects,Driver,None,None,Not Ejected/Not Applicable,Properly used,"N/A Cars, truck, etc.",23.00,Deployed at pos. and others,No Apparent Injury,No Observed,Marijuana Not Suspected,No Observed,Not Tested,f,,Pickup Truck/Utility Van,No Special Function,false,West,Going Straight,45.00,35.00,,Failed to Stop at Signal,,Looked / Did Not See,,,Driver Assistance,,,,,,,,,,,,false,false,false,false,false,No Vehicle Defects,Driver,None,None,Not Ejected/Not Applicable,Properly used,"N/A Cars, truck, etc.",25.00,Deployed at pos. and others,No Apparent Injury,No Observed,Marijuana Not Suspected,No Observed,Not Tested,m,SUV,No Special Function,false,East,Making Left Turn,45.00,10.00,10.00,No Contributing Action,,No apparent contributing factor,,,No Automation,,,,,,,,,,,,,,,,,,,,,,,,,,,,,,,,,,,,,,,,,,,,,,,,,,,,,,
250018493,3/4/2025 9:15:00 AM,3/4/2025 9:15:00 AM,0.00,0.00,2.00,0.00,true,false,false,false,39.52,-104.96,,WILDCAT RESERVE PKWY,SUMMIT VIEW PKWY,On-roadway,1.00,3,Front to Rear,,,,Front to Rear,Straight,Downhill,Not Applicable,Daylight,Intersection Related,Dry,Clear,,false,false,false,false,false,No Vehicle Defects,Driver,None,None,Not Ejected/Not Applicable,Properly used,"N/A Cars, truck, etc.",18.00,Not Deployed,No Apparent Injury,No Observed,Marijuana Not Suspected,No Observed,Not Tested,m,,Passenger Car/Passenger Van,No Special Function,false,West,Going Straight,45.00,10.00,5.00,Careless Driving,,Distracted/Other Exterior,,,No Automation,,,,,,,,,,,,false,false,false,false,false,No Vehicle Defects,Driver,None,None,Not Ejected/Not Applicable,Properly used,"N/A Cars, truck, etc.",48.00,Not Deployed,No Apparent Injury,No Observed,Marijuana Not Suspected,No Observed,Not Tested,m,Pickup Truck/Utility Van,No Special Function,false,West,Stopped in Traffic,45.00,0.00,0.00,No Contributing Action,,No apparent contributing factor,,,No Automation,,,,,,,,,,,,,,,,,,,,,,,,,,,,,,,,,,,,,,,,,,,,,,,,,,,,,,
250018598,3/4/2025 12:11:00 PM,3/4/2025 12:11:00 PM,0.00,0.00,2.00,0.00,false,false,false,false,39.54,-105.04,,DUMONT WAY,HWY 85,On-roadway,0.00,1,Side to Side - Same Direction,,,,Side to Side - Opposite Direction,Curve Left,Uphill,Not Applicable,Daylight,Intersection Related,Dry,Clear,,false,false,false,false,false,No Vehicle Defects,Driver,Complied With,None,Not Ejected/Not Applicable,Properly used,"N/A Cars, truck, etc.",57.00,Not Deployed,No Apparent Injury,No Observed,Marijuana Not Suspected,No Observed,Not Tested,f,,Pickup Truck/Utility Van,No Special Function,false,East,Changing lanes,25.00,2.00,2.00,Lane Violation,Failed to Yield ROW,Looked / Did Not See,,,No Automation,,,,,,,,,,,,false,false,false,false,false,No Vehicle Defects,Driver,None,None,Not Ejected/Not Applicable,Properly used,"N/A Cars, truck, etc.",67.00,Not Deployed,No Apparent Injury,No Observed,Marijuana Not Suspected,No Observed,Not Tested,m,Pickup Truck/Utility Van,No Special Function,false,East,Making Left Turn,25.00,20.00,,No Contributing Action,,No apparent contributing factor,,,No Automation,,,,,,,,,,,,,,,,,,,,,,,,,,,,,,,,,,,,,,,,,,,,,,,,,,,,,,
250018743,3/4/2025 7:00:00 PM,3/4/2025 7:00:00 PM,0.00,0.00,2.00,0.00,true,false,false,false,39.53,-104.94,,MCARTHUR RANCH RD,GRIGS RD,On-roadway,1.00,1,Front to Side,,,,Front to Side,Straight,Level,Approach Turn,Dark-lighted,At Intersection,Wet,Blowing Snow,,false,false,false,false,false,No Vehicle Defects,Driver,Complied With,None,Not Ejected/Not Applicable,Properly used,"N/A Cars, truck, etc.",17.00,Not Deployed,No Apparent Injury,No Observed,Marijuana Not Suspected,No Observed,Not Tested,f,,SUV,No Special Function,false,West,Making Left Turn,40.00,25.00,25.00,Failed to Yield ROW,,Driver Inexperience,,,No Automation,,,,,,,,,,,,false,false,false,false,false,No Vehicle Defects,Driver,None,None,Not Ejected/Not Applicable,Properly used,"N/A Cars, truck, etc.",45.00,Not Deployed,No Apparent Injury,No Observed,Marijuana Not Suspected,No Observed,Not Tested,m,SUV,No Special Function,false,East,Going Straight,40.00,40.00,30.00,No Contributing Action,,No apparent contributing factor,,,No Automation,,,,,,,,,,,,,,,,,,,,,,,,,,,,,,,,,,,,,,,,,,,,,,,,,,,,,,