Casetrackingid,Accidentdate,Accidenttime,Numberkilled,Numberinjured,Totalvehicles,Totalnonmotorists,Juvenilesinvolvedindicator,Secondarycrashindicator,Constructionzoneindicator,Schoolzoneindicator,Latitude,Longitude,Onroadaddress,_Primarystreet,_Crossstreet,Location,Numberoflanesblocked,Laneposition,Harmfulevent1,Harmfulevent2,Harmfulevent3,Harmfulevent4,Mostharmfulevent,Roadcontourcurves,Roadcontourgrade,Approachovertakingturn,Lightingcondition,Roaddescription,Roadcondition,Weathercondition1,Weathercondition2,Hitandrun_V1,Noncontact_V1,Parked_V1,Unlicenseddriver_V1,Duiindicator_V1,Vehicledefectcondition_V1,Positioninvehicle_D1,Drivingrestrictions_D1,Drivingendorsements_D1,Ejectionpath_D1,Safetyequipmentuse_D1,Safetyequipmenthelmet_D1,Age_D1,Airbagdeployment_D1,Injuryseverity_D1,Alcoholsuspected_D1,Marijuanasuspected_D1,Otherdrugssuspected_D1,Testedforotherdrugs_D1,Personsexcode_D1,Deadatscene_D1,Vehicletype_V1,Specialfunction_V1,Emergencylightsactivated_V1,Directionoftravel_V1,Vehiclemovement_V1,Roadwayspeedlimit_V1,Estimatedvehiclespeed_V1,Driverstatedspeed_V1,Driveraction1_V1,Driveraction2_V1,Mostapprthumancontrfactor1_V1,Mostapprthumancontrfactor2_V1,Mostapprthumancontrfactor3_V1,Autonomousvehiclecapability_V1,Drivercededcontrol_V1,Nonmotoristtype_V1,Nonmotoristmovement_V1,Nonmotoristlocation_V1,Nonmotoristlegofint_V1,Nonmotoristtypeoffacility_V1,Nonmotoristaction1_V1,Nonmotoristaction2_V1,Nonmotoristcontrfctr1_V1,Nonmotoristcontrfctr2_V1,Nonmotoristcontrfctr3_V1,Hitandrun_V2,Noncontact_V2,Parked_V2,Unlicenseddriver_V2,Duiindicator_V2,Vehicledefectcondition_V2,Positioninvehicle_D2,Drivingrestrictions_D2,Drivingendorsements_D2,Ejectionpath_D2,Safetyequipmentuse_D2,Safetyequipmenthelmet_D2,Age_D2,Airbagdeployment_D2,Injuryseverity_D2,Alcoholsuspected_D2,Marijuanasuspected_D2,Otherdrugssuspected_D2,Testedforotherdrugs_D2,Personsexcode_D2,Vehicletype_V2,Specialfunction_V2,Emergencylightsactivated_V2,Directionoftravel_V2,Vehiclemovement_V2,Roadwayspeedlimit_V2,Estimatedvehiclespeed_V2,Driverstatedspeed_V2,Driveraction1_V2,Driveraction2_V2,Mostapprthumancontrfactor1_V2,Mostapprthumancontrfactor2_V2,Mostapprthumancontrfactor3_V2,Autonomousvehiclecapability_V2,Drivercededcontrol_V2,Nonmotoristtype_V2,Nonmotoristmovement_V2,Nonmotoristlocation_V2,Nonmotoristlegofint_V2,Nonmotoristtypeoffacility_V2,Nonmotoristaction1_V2,Nonmotoristaction2_V2,Nonmotoristcontrfctr1_V2,Nonmotoristcontrfctr2_V2,Nonmotoristcontrfctr3_V2,Hitandrun_V3,Noncontact_V3,Parked_V3,Unlicenseddriver_V3,Duiindicator_V3,Positioninvehicle_D3,Drivingrestrictions_D3,Drivingendorsements_D3,Ejection_D3,Safetyequipmentuse_D3,Age_D3,Airbagdeployment_D3,Injuryseverity_D3,Alcoholsuspected_D3,Marijuanasuspected_D3,Otherdrugssuspected_D3,Testedforotherdrugs_D3,Personsexcode_D3,Vehicletype_V3,Specialfunction_V3,Emergencylightsactivated_V3,Directionoftravel_V3,Vehiclemovement_V3,Roadwayspeedlimit_V3,Estimatedvehiclespeed_V3,Driverstatedspeed_V3,Driveraction1_V3,Driveraction2_V3,Mostapprthumancontrfactor1_V3,Mostapprthumancontrfactor2_V3,Mostapprthumancontrfactor3_V3,Autonomousvehiclecapability_V3,Drivercededcontrol_V3,Nonmotoristtype_V3,Nonmotoristmovement_V3,Nonmotoristlocation_V3,Nonmotoristlegofint_V3,Nonmotoristtypeoffacility_V3,Nonmotoristaction1_V3,Nonmotoristaction2_V3,Nonmotoristcontrfctr1_V3,Nonmotoristcontrfctr2_V3,Nonmotoristcontrfctr3_V3
250025933,3/26/2025 5:10:00 PM,3/26/2025 5:10:00 PM,0.00,0.00,2.00,0.00,false,false,false,false,39.45,-104.74,,PRAIRIE LAKE TRL,CROOKED OAK CT,On-roadway,0.00,1,Front to Side,,,,Front to Side,Curve Left,Downhill,Not Applicable,Daylight,At Intersection,Dry,Clear,,false,false,false,false,false,No Vehicle Defects,Driver,Complied With,None,Not Ejected/Not Applicable,Properly used,"N/A Cars, truck, etc.",54.00,Not Deployed,No Apparent Injury,No Observed,Marijuana Not Suspected,No Observed,Not Tested,M,,SUV,No Special Function,false,North,Making U-Turn,25.00,5.00,5.00,Failed to Yield ROW,,Looked / Did Not See,,,No Automation,,,,,,,,,,,,false,false,false,false,false,No Vehicle Defects,Driver,None,None,Not Ejected/Not Applicable,Properly used,"N/A Cars, truck, etc.",71.00,Not Deployed,No Apparent Injury,No Observed,Marijuana Not Suspected,No Observed,Not Tested,F,SUV,No Special Function,false,North,Going Straight,25.00,20.00,25.00,No Contributing Action,,No apparent contributing factor,,,No Automation,,,,,,,,,,,,,,,,,,,,,,,,,,,,,,,,,,,,,,,,,,,,,,,,,,,,,,
250025952,3/26/2025 6:13:00 PM,3/26/2025 6:13:00 PM,0.00,0.00,2.00,0.00,false,false,false,false,39.54,-104.91,,LINCOLN AVE,COTTONCREEK DR,On-roadway,0.00,1,Front to Rear,,,,Front to Rear,Straight,Level,Not Applicable,Daylight,Intersection Related,Dry,Clear,,false,false,false,false,false,No Vehicle Defects,Driver,None,None,Not Ejected/Not Applicable,Properly used,"N/A Cars, truck, etc.",37.00,Not Deployed,No Apparent Injury,No Observed,Marijuana Not Suspected,No Observed,Not Tested,m,,Passenger Car/Passenger Van,No Special Function,false,West,Slowing,45.00,2.00,,Followed Too Closely,,Looked / Did Not See,,,No Automation,,,,,,,,,,,,false,false,false,false,false,No Vehicle Defects,Driver,None,None,Not Ejected/Not Applicable,Properly used,"N/A Cars, truck, etc.",19.00,Not Deployed,Possible Injury,No Observed,Marijuana Not Suspected,No Observed,Not Tested,f,Passenger Car/Passenger Van,No Special Function,false,West,Stopped in Traffic,45.00,0.00,0.00,No Contributing Action,,No apparent contributing factor,,,No Automation,,,,,,,,,,,,,,,,,,,,,,,,,,,,,,,,,,,,,,,,,,,,,,,,,,,,,,
250025967,3/26/2025 7:02:00 PM,3/26/2025 7:02:00 PM,0.00,0.00,2.00,0.00,false,false,false,false,39.53,-104.81,1505.00,DELHI AVE,,On-roadway,0.00,,Parked Motor Vehicle,,,,Parked Motor Vehicle,Straight,Level,Not Applicable,Dawn or dusk,Non-intersection,Dry,Clear,,false,false,false,false,false,No Vehicle Defects,Driver,None,None,Not Ejected/Not Applicable,Properly used,"N/A Cars, truck, etc.",30.00,Not Deployed,No Apparent Injury,No Observed,Marijuana Not Suspected,No Observed,Not Tested,m,,Pickup Truck/Utility Van,Other,false,West,Going Straight,25.00,15.00,,Lane Violation,,Sun Glare,,,No Automation,,,,,,,,,,,,false,false,true,,,,,,,,,,,,,,,,,,Pickup Truck/Utility Van,No Special Function,false,West,Parked,,,,,,,,,,,,,,,,,,,,,,,,,,,,,,,,,,,,,,,,,,,,,,,,,,,,,,,,,,,,,,,
250026454,3/28/2025 7:03:00 AM,3/28/2025 7:03:00 AM,0.00,0.00,2.00,0.00,false,false,false,false,39.53,-104.76,,HILLS DR,PINE DR,On-roadway,1.00,1,Front to Side,,,,Front to Side,Straight,Level,Not Applicable,Daylight,At Intersection,Dry,Clear,,false,false,false,false,false,No Vehicle Defects,Driver,None,None,Not Ejected/Not Applicable,Properly used,"N/A Cars, truck, etc.",57.00,Deployed at pos. only,No Apparent Injury,No Observed,Marijuana Not Suspected,No Observed,Not Tested,f,,Passenger Car/Passenger Van,No Special Function,false,East,Making Left Turn,25.00,15.00,,Failed to Yield ROW,,Looked / Did Not See,,,No Automation,,,,,,,,,,,,false,false,false,false,false,No Vehicle Defects,Driver,,,Not Ejected/Not Applicable,Properly used,"N/A Cars, truck, etc.",20.00,Not Deployed,No Apparent Injury,No Observed,Marijuana Not Suspected,No Observed,Not Tested,m,Pickup Truck/Utility Van,No Special Function,false,South,Going Straight,40.00,35.00,35.00,No Contributing Action,,No apparent contributing factor,,,No Automation,,,,,,,,,,,,,,,,,,,,,,,,,,,,,,,,,,,,,,,,,,,,,,,,,,,,,,
250026574,3/28/2025 11:39:00 AM,3/28/2025 11:39:00 AM,0.00,0.00,2.00,0.00,true,false,false,false,39.54,-105.01,,HIGHLANDS RANCH PKWY,FOOTHILLS CANYON BLVD,On-roadway,1.00,1,Side to Side - Same Direction,,,,Side to Side - Same Direction,Straight,Downhill,Not Applicable,Daylight,Intersection Related,Dry,Cloudy,,false,false,false,false,false,No Vehicle Defects,Driver,Complied With,None,Not Ejected/Not Applicable,Not used,"N/A Cars, truck, etc.",17.00,Not Deployed,No Apparent Injury,No Observed,Marijuana Not Suspected,No Observed,Not Tested,m,,SUV,No Special Function,false,East,Changing lanes,45.00,5.00,5.00,Lane Violation,,Driver Inexperience,,,No Automation,,,,,,,,,,,,false,false,false,false,false,No Vehicle Defects,Driver,Complied With,None,Not Ejected/Not Applicable,Properly used,"N/A Cars, truck, etc.",16.00,Not Deployed,No Apparent Injury,No Observed,Marijuana Not Suspected,No Observed,Not Tested,m,SUV,No Special Function,false,East,Going Straight,45.00,40.00,40.00,No Contributing Action,,No apparent contributing factor,,,No Automation,,,,,,,,,,,,,,,,,,,,,,,,,,,,,,,,,,,,,,,,,,,,,,,,,,,,,,
250026684,3/28/2025 4:03:00 PM,3/28/2025 4:03:00 PM,0.00,0.00,2.00,0.00,false,false,false,false,39.44,-104.97,,HUXTABLE ST,RIO GRANDE AVE,On-roadway,0.00,,Parked Motor Vehicle,,,,Parked Motor Vehicle,Straight,Level,Not Applicable,Daylight,Non-intersection,Dry,Clear,,false,false,false,false,false,No Vehicle Defects,Driver,None,None,Not Ejected/Not Applicable,Properly used,"N/A Cars, truck, etc.",35.00,Not Deployed,No Apparent Injury,No Observed,Marijuana Not Suspected,No Observed,Not Tested,f,,SUV,No Special Function,false,Northeast,Entering/Leaving Parked Position,25.00,5.00,5.00,Careless Driving,,Looked / Did Not See,,,No Automation,,,,,,,,,,,,false,false,false,false,false,No Vehicle Defects,Driver,None,None,Not Ejected/Not Applicable,Properly used,"N/A Cars, truck, etc.",35.00,Not Deployed,No Apparent Injury,No Observed,Marijuana Not Suspected,No Observed,Not Tested,f,SUV,No Special Function,false,East,Parked,25.00,0.00,0.00,No Contributing Action,,No apparent contributing factor,,,No Automation,,,,,,,,,,,,,,,,,,,,,,,,,,,,,,,,,,,,,,,,,,,,,,,,,,,,,,
250026908,3/29/2025 12:24:00 PM,3/29/2025 12:24:00 PM,0.00,0.00,1.00,1.00,false,false,false,false,39.54,-104.94,,UNIVERSITY BLVD,WILDCAT RESERVE PKWY,On-roadway,1.00,,Bicycle / Motorized Bicycle,,,,Bicycle / Motorized Bicycle,Straight,Level,Not Applicable,Daylight,At Intersection,Dry,Clear,,true,false,false,,,,,,,,,,,,,,,,,,,SUV,No Special Function,false,East,Making Right Turn,45.00,10.00,,Failed to Yield ROW,,Looked / Did Not See,,,No Automation,,Bicyclist,Going Straight,Marked Bicycle Lane,Southwest,Marked Bicycle Lane,No Contributing Action,,No Apparent Contributing Factor,,,,,,,,,,,,,,Helmet Properly Used,36.00,,Possible Injury,No Observed,Marijuana Not Suspected,No Observed,Not Tested,m,,,,,,,,,,,,,,,,,,,,,,,,,,,,,,,,,,,,,,,,,,,,,,,,,,,,,,,,,,,,,,,,,,,,
250027149,3/30/2025 2:30:00 AM,3/30/2025 2:30:00 AM,0.00,0.00,2.00,0.00,false,false,false,false,39.52,-104.94,,VALLEYBROOK CIR,VALLEYBROOK DR,On-roadway,0.00,1,Curb,Parked Motor Vehicle,,,Parked Motor Vehicle,Straight,Level,Not Applicable,Dark-unlighted,Non-intersection,Wet,Rain,,true,false,false,,,,,,,,,,,,,,,,,,,Unknown Hit & Run Only,No Special Function,false,West,Making Right Turn,25.00,30.00,,Too Fast For Conditions,Improper Turn,No apparent contributing factor,,,No Automation,,,,,,,,,,,,false,false,true,,,,,,,,,,,,,,,,,,SUV,No Special Function,false,East,Parked,,,,,,,,,,,,,,,,,,,,,,,,,,,,,,,,,,,,,,,,,,,,,,,,,,,,,,,,,,,,,,,
250027333,3/31/2025 6:42:00 AM,3/31/2025 6:42:00 AM,0.00,0.00,2.00,0.00,false,false,false,false,39.53,-104.81,,STONEGATE PKWY,LINCOLN AVE,On-roadway,0.00,1,Front to Side,,,,Front to Side,Straight,Uphill,Not Applicable,Dawn or dusk,At Intersection,Dry,Clear,,false,false,false,false,false,No Vehicle Defects,Driver,None,None,Not Ejected/Not Applicable,Properly used,"N/A Cars, truck, etc.",25.00,Not Deployed,No Apparent Injury,No Observed,Marijuana Not Suspected,No Observed,Not Tested,f,,SUV,No Special Function,false,North,Making Left Turn,35.00,25.00,,Careless Driving,Lane Violation,Driver Emotionally Upset,,,No Automation,,,,,,,,,,,,false,false,false,false,false,No Vehicle Defects,Driver,None,None,Not Ejected/Not Applicable,Properly used,"N/A Cars, truck, etc.",66.00,Not Deployed,No Apparent Injury,No Observed,Marijuana Not Suspected,No Observed,Not Tested,m,SUV,No Special Function,false,North,Making Left Turn,30.00,0.00,0.00,No Contributing Action,,Aggressive Driving,,,No Automation,,,,,,,,,,,,,,,,,,,,,,,,,,,,,,,,,,,,,,,,,,,,,,,,,,,,,,
250027351,3/31/2025 8:02:00 AM,3/31/2025 8:02:00 AM,0.00,0.00,2.00,0.00,false,false,false,false,39.49,-104.93,,DANIELS PARK RD,GRIGS RD,On-roadway,0.00,1,Front to Rear,,,,Front to Rear,Straight,Uphill,Not Applicable,Daylight,Non-intersection,Dry,Clear,,true,false,false,false,false,No Vehicle Defects,Driver,None,None,Not Ejected/Not Applicable,Properly used,"N/A Cars, truck, etc.",17.00,Not Deployed,No Apparent Injury,No Observed,Marijuana Not Suspected,No Observed,Not Tested,m,,SUV,No Special Function,false,North,Going Straight,25.00,25.00,25.00,Followed Too Closely,,Driver Inexperience,,,Driver Assistance,,,,,,,,,,,,false,false,false,false,false,No Vehicle Defects,Driver,Complied With,None,Not Ejected/Not Applicable,Properly used,"N/A Cars, truck, etc.",17.00,Not Deployed,No Apparent Injury,No Observed,Marijuana Not Suspected,No Observed,Not Tested,m,SUV,No Special Function,false,North,Slowing,25.00,5.00,5.00,No Contributing Action,,No apparent contributing factor,,,No Automation,,,,,,,,,,,,,,,,,,,,,,,,,,,,,,,,,,,,,,,,,,,,,,,,,,,,,,
250027543,3/31/2025 2:43:00 PM,3/31/2025 2:43:00 PM,0.00,0.00,2.00,0.00,false,false,false,false,39.54,-104.91,,LINCOLN AVE,QUEBEC ST,On-roadway,0.00,3,Front to Rear,,,,Front to Rear,Straight,Downhill,Not Applicable,Daylight,Intersection Related,Dry,Cloudy,,false,false,false,false,false,No Vehicle Defects,Driver,Not Complied With,Complied With,Not Ejected/Not Applicable,Properly used,"N/A Cars, truck, etc.",18.00,Not Deployed,No Apparent Injury,No Observed,Marijuana Not Suspected,No Observed,Not Tested,f,,Passenger Car/Passenger Van,No Special Function,false,West,Going Straight,4.00,30.00,40.00,Followed Too Closely,,Age / Driver Ability,,,No Automation,,,,,,,,,,,,false,false,false,false,false,No Vehicle Defects,Driver,Complied With,None,Not Ejected/Not Applicable,Properly used,"N/A Cars, truck, etc.",71.00,Not Deployed,No Apparent Injury,No Observed,Marijuana Not Suspected,No Observed,Not Tested,f,SUV,No Special Function,false,West,Stopped in Traffic,45.00,0.00,0.00,No Contributing Action,,No apparent contributing factor,,,No Automation,,,,,,,,,,,,,,,,,,,,,,,,,,,,,,,,,,,,,,,,,,,,,,,,,,,,,,
250027607,3/31/2025 5:57:00 PM,3/31/2025 5:57:00 PM,0.00,2.00,2.00,0.00,true,false,false,false,39.53,-104.94,,WILDCAT RESERVE PKWY,MCARTHUR RANCH RD,On-roadway,5.00,1,Front to Front,,,,Front to Front,Straight,Level,Approach Turn,Daylight,At Intersection,Dry,Cloudy,,false,false,false,false,false,No Vehicle Defects,Driver,None,None,Not Ejected/Not Applicable,Unknown,"N/A Cars, truck, etc.",31.00,Deployed at pos. and others,No Apparent Injury,No Observed,Marijuana Not Suspected,No Observed,Not Tested,m,,Passenger Car/Passenger Van,No Special Function,false,North,Making Left Turn,40.00,15.00,,Failed to Yield ROW,,Driver Unfamiliar With Area,,,No Automation,,,,,,,,,,,,false,false,false,false,false,No Vehicle Defects,Driver,None,None,Not Ejected/Not Applicable,Unknown,"N/A Cars, truck, etc.",36.00,Deployed at pos. and others,No Apparent Injury,No Observed,Marijuana Not Suspected,No Observed,Not Tested,m,Passenger Car/Passenger Van,No Special Function,false,South,Going Straight,40.00,40.00,,No Contributing Action,,No apparent contributing factor,,,No Automation,,,,,,,,,,,,,,,,,,,,,,,,,,,,,,,,,,,,,,,,,,,,,,,,,,,,,,
250027643,3/31/2025 9:08:00 PM,3/31/2025 9:08:00 PM,0.00,1.00,2.00,0.00,true,false,false,false,39.54,-104.94,,UNIVERSITY BLVD,COLORADO BLVD,On-roadway,10.00,3,Front to Side,Curb,,,Front to Side,Straight,Level,Not Applicable,Dark-unlighted,At Intersection,Dry,Clear,,false,false,false,false,false,No Vehicle Defects,Driver,None,None,Not Ejected/Not Applicable,Properly used,"N/A Cars, truck, etc.",18.00,Deployed at pos. and others,No Apparent Injury,No Observed,Marijuana Not Suspected,No Observed,Not Tested,f,,SUV,No Special Function,false,West,Going Straight,45.00,20.00,30.00,Failed to Stop at Signal,Disregarded Other Device / Sign / Markings,Driver Inexperience,,,No Automation,,,,,,,,,,,,false,false,false,false,false,No Vehicle Defects,Driver,None,None,Not Ejected/Not Applicable,Properly used,"N/A Cars, truck, etc.",41.00,Deployed at pos. and others,Suspected Minor Injury,No Observed,Marijuana Not Suspected,No Observed,Not Tested,f,Passenger Car/Passenger Van,No Special Function,false,Southeast,Going Straight,45.00,45.00,45.00,No Contributing Action,,No apparent contributing factor,,,No Automation,,,,,,,,,,,,,,,,,,,,,,,,,,,,,,,,,,,,,,,,,,,,,,,,,,,,,,
250027699,4/1/2025 6:10:00 AM,4/1/2025 6:10:00 AM,0.00,0.00,3.00,0.00,true,false,false,false,39.52,-104.69,10600.00,PARKER RD,,On-roadway,1.00,1,Front to Rear,Front to Rear,,,Front to Rear,Straight,Downhill,Not Applicable,Dawn or dusk,Non-intersection,Dry,Clear,,false,false,false,false,false,No Vehicle Defects,Driver,None,None,Not Ejected/Not Applicable,Properly used,"N/A Cars, truck, etc.",17.00,Deployed at pos. and others,No Apparent Injury,No Observed,Marijuana Not Suspected,No Observed,Not Tested,m,,Passenger Car/Passenger Van,No Special Function,false,West,Going Straight,45.00,45.00,45.00,Careless Driving,,Driver Inexperience,,,No Automation,,,,,,,,,,,,false,false,false,false,false,No Vehicle Defects,Driver,None,None,Not Ejected/Not Applicable,Properly used,"N/A Cars, truck, etc.",38.00,Not Deployed,No Apparent Injury,No Observed,Marijuana Not Suspected,No Observed,Not Tested,f,SUV,No Special Function,false,West,Stopped in Traffic,45.00,0.00,0.00,No Contributing Action,,No apparent contributing factor,,,No Automation,,,,,,,,,,,,false,false,false,false,false,Driver,Complied With,None,No,Properly used,64.00,Not Deployed,No Apparent Injury,No Observed,Marijuana Not Suspected,No Observed,Not Tested,m,Pickup Truck/Utility Van,No Special Function,false,West,Stopped in Traffic,45.00,0.00,0.00,No Contributing Action,,No apparent contributing factor,,,No Automation,,,,,,,,,,,
250027910,4/1/2025 12:15:00 PM,4/1/2025 12:15:00 PM,0.00,0.00,2.00,0.00,false,false,false,false,39.54,-104.91,9496.00,PRINCETON CIR,,On-roadway,0.00,1,Parked Motor Vehicle,,,,Parked Motor Vehicle,Straight,Downhill,Not Applicable,Daylight,Non-intersection,Dry,Clear,,true,,,,,,,,,,,,,,,,,,,,,Pickup Truck/Utility Van,No Special Function,false,West,Going Straight,25.00,25.00,,Lane Violation,,Not Observed,,,Unknown,,,,,,,,,,,,false,false,true,,,,,,,,,,,,,,,,,,SUV,No Special Function,false,West,Parked,,,,,,,,,,,,,,,,,,,,,,,,,,,,,,,,,,,,,,,,,,,,,,,,,,,,,,,,,,,,,,,
250028297,4/2/2025 4:29:00 PM,4/2/2025 4:29:00 PM,0.00,0.00,2.00,0.00,false,false,false,false,39.56,-104.90,,BUSINESS CENTER DR,QUEBEC ST,On-roadway,0.00,2,Front to Rear,,,,Front to Rear,Straight,Level,Not Applicable,Daylight,Intersection Related,Dry,Clear,,true,false,false,false,false,No Vehicle Defects,Driver,None,None,Not Ejected/Not Applicable,Properly used,"N/A Cars, truck, etc.",85.00,Not Deployed,No Apparent Injury,No Other Method,Marijuana Not Suspected,No Other Method,Not Tested,f,,Passenger Car/Passenger Van,No Special Function,false,East,Going Straight,35.00,5.00,,Followed Too Closely,,No apparent contributing factor,,,No Automation,,,,,,,,,,,,false,false,false,false,false,No Vehicle Defects,Driver,None,None,Not Ejected/Not Applicable,Properly used,"N/A Cars, truck, etc.",44.00,Not Deployed,No Apparent Injury,No Observed,Marijuana Not Suspected,No Observed,Not Tested,m,SUV,No Special Function,false,East,Stopped in Traffic,35.00,0.00,0.00,No Contributing Action,,No apparent contributing factor,,,No Automation,,,,,,,,,,,,,,,,,,,,,,,,,,,,,,,,,,,,,,,,,,,,,,,,,,,,,,
250028319,4/2/2025 4:59:00 PM,4/2/2025 4:59:00 PM,0.00,0.00,2.00,0.00,true,false,false,false,39.54,-104.93,,UNIVERSITY BLVD,CRESTHILL LN,On-roadway,0.00,4,Front to Rear,,,,Front to Rear,Straight,Level,Not Applicable,Daylight,Intersection Related,Dry,Clear,,false,false,false,false,false,No Vehicle Defects,Driver,Complied With,None,Not Ejected/Not Applicable,Properly used,"N/A Cars, truck, etc.",33.00,Not Deployed,No Apparent Injury,No Observed,Marijuana Not Suspected,No Observed,Not Tested,f,,SUV,No Special Function,false,East,Going Straight,45.00,5.00,2.00,Followed Too Closely,,Looked / Did Not See,,,No Automation,,,,,,,,,,,,false,false,false,false,false,No Vehicle Defects,Driver,None,None,Not Ejected/Not Applicable,Properly used,"N/A Cars, truck, etc.",52.00,Not Deployed,Possible Injury,No Observed,Marijuana Not Suspected,No Observed,Not Tested,f,SUV,No Special Function,false,East,Stopped in Traffic,45.00,0.00,,No Contributing Action,,No apparent contributing factor,,,No Automation,,,,,,,,,,,,,,,,,,,,,,,,,,,,,,,,,,,,,,,,,,,,,,,,,,,,,,
250028412,4/3/2025 7:58:00 AM,4/3/2025 7:58:00 AM,0.00,0.00,2.00,0.00,true,false,false,false,39.55,-105.00,,HIGHLANDS RANCH PKWY,RIDGELINE BLVD,On-roadway,0.00,1,Side to Side - Same Direction,,,,Side to Side - Same Direction,Straight,Downhill,Not Applicable,Daylight,Intersection Related,Dry,Clear,,false,false,false,false,false,No Vehicle Defects,Driver,None,None,Not Ejected/Not Applicable,Not used,"N/A Cars, truck, etc.",28.00,Not Deployed,No Apparent Injury,No Observed,Marijuana Not Suspected,No Observed,Not Tested,f,,SUV,No Special Function,false,East,Changing lanes,45.00,30.00,35.00,Lane Violation,,Driver Unfamiliar With Area,Looked / Did Not See,,No Automation,,,,,,,,,,,,false,false,false,false,false,No Vehicle Defects,Driver,None,None,Not Ejected/Not Applicable,Not used,"N/A Cars, truck, etc.",30.00,Not Deployed,No Apparent Injury,No Observed,Marijuana Not Suspected,No Observed,Not Tested,m,Pickup Truck/Utility Van,No Special Function,false,East,Going Straight,45.00,30.00,40.00,No Contributing Action,,No apparent contributing factor,,,No Automation,,,,,,,,,,,,,,,,,,,,,,,,,,,,,,,,,,,,,,,,,,,,,,,,,,,,,,
250028435,3/17/2025 5:00:00 PM,3/17/2025 5:00:00 PM,0.00,0.00,2.00,0.00,false,false,false,false,39.45,-104.71,8290.00,RIVIERA CT,,On-roadway,0.00,,Parked Motor Vehicle,,,,Parked Motor Vehicle,Curve Right,Downhill,Not Applicable,Dark-unlighted,Non-intersection,Dry,Clear,,true,false,false,,,,,,,,,,,,,,,,,,,Unknown Hit & Run Only,No Special Function,false,South,Other,25.00,5.00,,Improper Backing,,Not Observed,,,Unknown,,,,,,,,,,,,false,false,true,,,,,,,,,,,,,,,,,,Pickup Truck/Utility Van,No Special Function,false,South,Parked,,,,,,,,,,,,,,,,,,,,,,,,,,,,,,,,,,,,,,,,,,,,,,,,,,,,,,,,,,,,,,,
250028666,4/3/2025 4:32:00 PM,4/3/2025 4:32:00 PM,0.00,0.00,2.00,0.00,true,false,false,false,39.54,-104.95,,HIGHLANDS RANCH PKWY,3676,On-roadway,1.00,1,Front to Side,,,,Front to Side,Straight,Level,Not Applicable,Daylight,At Intersection,Wet,Snow,,false,false,false,false,false,No Vehicle Defects,Driver,None,None,Not Ejected/Not Applicable,Properly used,"N/A Cars, truck, etc.",17.00,Not Deployed,No Apparent Injury,No Observed,Marijuana Not Suspected,No Observed,Not Tested,m,,SUV,No Special Function,false,East,Making Left Turn,45.00,10.00,10.00,Failed to Yield ROW,,Driver Inexperience,,,No Automation,,,,,,,,,,,,false,false,false,false,false,No Vehicle Defects,Driver,None,None,Not Ejected/Not Applicable,Properly used,"N/A Cars, truck, etc.",39.00,Not Deployed,No Apparent Injury,No Observed,Marijuana Not Suspected,No Observed,Not Tested,m,Passenger Car/Passenger Van,No Special Function,false,West,Going Straight,45.00,25.00,15.00,No Contributing Action,,No apparent contributing factor,,,No Automation,,,,,,,,,,,,,,,,,,,,,,,,,,,,,,,,,,,,,,,,,,,,,,,,,,,,,,
250028676,4/3/2025 5:25:00 PM,4/3/2025 5:25:00 PM,0.00,0.00,2.00,0.00,false,false,false,false,39.36,-105.12,24.00,HWY 67,,On-roadway,2.00,1,Front to Front,,,,Front to Front,Curve Right,Downhill,Not Applicable,Daylight,Non-intersection,Snowy,Snow,,false,false,false,false,false,No Vehicle Defects,Driver,None,None,Not Ejected/Not Applicable,Properly used,"N/A Cars, truck, etc.",33.00,Deployed at pos. and others,No Apparent Injury,No Observed,Marijuana Not Suspected,No Observed,Not Tested,m,,Passenger Car/Passenger Van,No Special Function,false,North,Going Straight,45.00,40.00,,Lane Violation,,No apparent contributing factor,,,No Automation,,,,,,,,,,,,false,false,false,false,false,No Vehicle Defects,Driver,None,None,Not Ejected/Not Applicable,Properly used,"N/A Cars, truck, etc.",25.00,Deployed at pos. only,No Apparent Injury,No Observed,Marijuana Not Suspected,No Observed,Not Tested,f,SUV,No Special Function,false,South,Going Straight,45.00,10.00,10.00,No Contributing Action,,No apparent contributing factor,,,No Automation,,,,,,,,,,,,,,,,,,,,,,,,,,,,,,,,,,,,,,,,,,,,,,,,,,,,,,
250028854,4/4/2025 11:47:00 AM,4/4/2025 11:47:00 AM,0.00,0.00,2.00,0.00,false,false,false,false,39.54,-104.76,,PINE LN,DIXON DR,On-roadway,0.00,1,Side to Side - Same Direction,,,,Side to Side - Same Direction,Straight,Uphill,Not Applicable,Daylight,Non-intersection,Dry,Cloudy,,true,false,false,false,false,No Vehicle Defects,Driver,None,None,Not Ejected/Not Applicable,Properly used,"N/A Cars, truck, etc.",32.00,Not Deployed,No Apparent Injury,No Observed,Marijuana Not Suspected,No Observed,Not Tested,m,,Pickup Truck/Utility Van,No Special Function,false,East,Passing,35.00,30.00,,Lane Violation,,Not Observed,,,No Automation,,,,,,,,,,,,false,false,false,false,false,No Vehicle Defects,Driver,None,None,Not Ejected/Not Applicable,Properly used,"N/A Cars, truck, etc.",61.00,Not Deployed,No Apparent Injury,No Other Method,Marijuana Not Suspected,No Other Method,Not Tested,m,Pickup Truck/Utility Van,No Special Function,false,East,Slowing,30.00,0.00,0.00,No Contributing Action,,No apparent contributing factor,,,No Automation,,,,,,,,,,,,,,,,,,,,,,,,,,,,,,,,,,,,,,,,,,,,,,,,,,,,,,