Casetrackingid,Accidentdate,Accidenttime,Numberkilled,Numberinjured,Totalvehicles,Totalnonmotorists,Juvenilesinvolvedindicator,Secondarycrashindicator,Constructionzoneindicator,Schoolzoneindicator,Latitude,Longitude,Onroadaddress,_Primarystreet,_Crossstreet,Location,Numberoflanesblocked,Laneposition,Harmfulevent1,Harmfulevent2,Harmfulevent3,Harmfulevent4,Mostharmfulevent,Roadcontourcurves,Roadcontourgrade,Approachovertakingturn,Lightingcondition,Roaddescription,Roadcondition,Weathercondition1,Weathercondition2,Hitandrun_V1,Noncontact_V1,Parked_V1,Unlicenseddriver_V1,Duiindicator_V1,Vehicledefectcondition_V1,Positioninvehicle_D1,Drivingrestrictions_D1,Drivingendorsements_D1,Ejectionpath_D1,Safetyequipmentuse_D1,Safetyequipmenthelmet_D1,Age_D1,Airbagdeployment_D1,Injuryseverity_D1,Alcoholsuspected_D1,Marijuanasuspected_D1,Otherdrugssuspected_D1,Testedforotherdrugs_D1,Personsexcode_D1,Deadatscene_D1,Vehicletype_V1,Specialfunction_V1,Emergencylightsactivated_V1,Directionoftravel_V1,Vehiclemovement_V1,Roadwayspeedlimit_V1,Estimatedvehiclespeed_V1,Driverstatedspeed_V1,Driveraction1_V1,Driveraction2_V1,Mostapprthumancontrfactor1_V1,Mostapprthumancontrfactor2_V1,Mostapprthumancontrfactor3_V1,Autonomousvehiclecapability_V1,Drivercededcontrol_V1,Nonmotoristtype_V1,Nonmotoristmovement_V1,Nonmotoristlocation_V1,Nonmotoristlegofint_V1,Nonmotoristtypeoffacility_V1,Nonmotoristaction1_V1,Nonmotoristaction2_V1,Nonmotoristcontrfctr1_V1,Nonmotoristcontrfctr2_V1,Nonmotoristcontrfctr3_V1,Hitandrun_V2,Noncontact_V2,Parked_V2,Unlicenseddriver_V2,Duiindicator_V2,Vehicledefectcondition_V2,Positioninvehicle_D2,Drivingrestrictions_D2,Drivingendorsements_D2,Ejectionpath_D2,Safetyequipmentuse_D2,Safetyequipmenthelmet_D2,Age_D2,Airbagdeployment_D2,Injuryseverity_D2,Alcoholsuspected_D2,Marijuanasuspected_D2,Otherdrugssuspected_D2,Testedforotherdrugs_D2,Personsexcode_D2,Vehicletype_V2,Specialfunction_V2,Emergencylightsactivated_V2,Directionoftravel_V2,Vehiclemovement_V2,Roadwayspeedlimit_V2,Estimatedvehiclespeed_V2,Driverstatedspeed_V2,Driveraction1_V2,Driveraction2_V2,Mostapprthumancontrfactor1_V2,Mostapprthumancontrfactor2_V2,Mostapprthumancontrfactor3_V2,Autonomousvehiclecapability_V2,Drivercededcontrol_V2,Nonmotoristtype_V2,Nonmotoristmovement_V2,Nonmotoristlocation_V2,Nonmotoristlegofint_V2,Nonmotoristtypeoffacility_V2,Nonmotoristaction1_V2,Nonmotoristaction2_V2,Nonmotoristcontrfctr1_V2,Nonmotoristcontrfctr2_V2,Nonmotoristcontrfctr3_V2,Hitandrun_V3,Noncontact_V3,Parked_V3,Unlicenseddriver_V3,Duiindicator_V3,Positioninvehicle_D3,Drivingrestrictions_D3,Drivingendorsements_D3,Ejection_D3,Safetyequipmentuse_D3,Age_D3,Airbagdeployment_D3,Injuryseverity_D3,Alcoholsuspected_D3,Marijuanasuspected_D3,Otherdrugssuspected_D3,Testedforotherdrugs_D3,Personsexcode_D3,Vehicletype_V3,Specialfunction_V3,Emergencylightsactivated_V3,Directionoftravel_V3,Vehiclemovement_V3,Roadwayspeedlimit_V3,Estimatedvehiclespeed_V3,Driverstatedspeed_V3,Driveraction1_V3,Driveraction2_V3,Mostapprthumancontrfactor1_V3,Mostapprthumancontrfactor2_V3,Mostapprthumancontrfactor3_V3,Autonomousvehiclecapability_V3,Drivercededcontrol_V3,Nonmotoristtype_V3,Nonmotoristmovement_V3,Nonmotoristlocation_V3,Nonmotoristlegofint_V3,Nonmotoristtypeoffacility_V3,Nonmotoristaction1_V3,Nonmotoristaction2_V3,Nonmotoristcontrfctr1_V3,Nonmotoristcontrfctr2_V3,Nonmotoristcontrfctr3_V3
250033491,4/18/2025 7:10:00 PM,4/18/2025 7:10:00 PM,0.00,0.00,2.00,0.00,false,true,false,false,39.49,-105.09,10800.00,WATERTON RD,,On-roadway,2.00,1,Front to Front,,,,Front to Front,Straight,Level,Not Applicable,Dark-unlighted,Non-intersection,Icy,Snow,Blowing Snow,false,false,false,false,false,No Vehicle Defects,Driver,None,None,Not Ejected/Not Applicable,Properly used,"N/A Cars, truck, etc.",37.00,Deployed at pos. and others,Possible Injury,No Other Method,Marijuana Not Suspected,No Other Method,Not Tested,f,,SUV,No Special Function,false,Northwest,Slowing,25.00,20.00,,Too Fast For Conditions,,Not Observed,,,No Automation,,,,,,,,,,,,false,false,false,false,false,No Vehicle Defects,Driver,None,None,Not Ejected/Not Applicable,Properly used,"N/A Cars, truck, etc.",54.00,Deployed at pos. and others,No Apparent Injury,No Observed,Marijuana Not Suspected,No Observed,Not Tested,m,Passenger Car/Passenger Van,No Special Function,false,Southwest,Passing,25.00,5.00,2.00,Lane Violation,,Not Observed,,,High Automation,,,,,,,,,,,,,,,,,,,,,,,,,,,,,,,,,,,,,,,,,,,,,,,,,,,,,,
250033498,4/18/2025 7:10:00 PM,4/18/2025 7:10:00 PM,0.00,0.00,3.00,0.00,false,true,false,false,39.49,-105.09,10800.00,WATERTON RD,,On-roadway,1.00,1,Barricade,Guardrail Face,Front to Side,,Front to Side,Straight,Downhill,Not Applicable,Dark-lighted,Non-intersection,Slushy,Snow,Blowing Snow,false,false,false,false,false,No Vehicle Defects,Driver,Complied With,None,Not Ejected/Not Applicable,Properly used,"N/A Cars, truck, etc.",19.00,Not Deployed,No Apparent Injury,No Observed,Marijuana Not Suspected,No Observed,Not Tested,m,,SUV,No Special Function,false,Northwest,Out of Control,25.00,20.00,21.00,Too Fast For Conditions,,Not Observed,,,No Automation,,,,,,,,,,,,false,false,false,false,false,No Vehicle Defects,Driver,Complied With,None,Not Ejected/Not Applicable,Unknown,"N/A Cars, truck, etc.",19.00,Not Deployed,No Apparent Injury,No Other Method,Unknown,No Other Method,Not Tested,m,SUV,No Special Function,false,Southeast,Slowing,25.00,15.00,,Too Fast For Conditions,,Not Observed,,,No Automation,,,,,,,,,,,,false,false,false,false,false,Driver,None,None,No,Properly used,32.00,Not Deployed,No Apparent Injury,No Observed,Marijuana Not Suspected,No Observed,Not Tested,f,SUV,No Special Function,false,Southeast,Swerve/Avoidance,25.00,15.00,15.00,No Contributing Action,,No apparent contributing factor,,,No Automation,,,,,,,,,,,
250033564,4/19/2025 8:02:00 AM,4/19/2025 8:02:00 AM,0.00,0.00,1.00,0.00,false,false,false,false,39.51,-105.03,7400.00,TITAN PKWY,,On-roadway,1.00,2,Guardrail Face,,,,Guardrail Face,Straight,Level,Not Applicable,Daylight,Non-intersection,Icy,Cloudy,,false,false,false,true,false,No Vehicle Defects,Driver,,,Not Ejected/Not Applicable,Properly used,"N/A Cars, truck, etc.",39.00,Deployed at pos. only,No Apparent Injury,No Observed,Marijuana Not Suspected,No Observed,Not Tested,m,,Pickup Truck/Utility Van,No Special Function,false,East,Going Straight,,30.00,30.00,No Contributing Action,,No apparent contributing factor,,,No Automation,,,,,,,,,,,,,,,,,,,,,,,,,,,,,,,,,,,,,,,,,,,,,,,,,,,,,,,,,,,,,,,,,,,,,,,,,,,,,,,,,,,,,,,,,,,,,,,,,,,
250033592,4/19/2025 10:36:00 AM,4/19/2025 10:36:00 AM,0.00,1.00,2.00,0.00,false,false,false,false,39.44,-104.78,,BAYOU GULCH RD,PRADERA PKWY,On-roadway,2.00,1,Front to Side,Curb,,,Front to Side,Straight,Level,Not Applicable,Daylight,At Intersection,Dry,Clear,,false,false,false,false,false,No Vehicle Defects,Driver,None,None,Not Ejected/Not Applicable,Properly used,"N/A Cars, truck, etc.",30.00,Deployed at pos. only,Suspected Minor Injury,No Observed,Marijuana Not Suspected,No Observed,Not Tested,m,,Passenger Car/Passenger Van,No Special Function,false,East,Going Straight,40.00,40.00,18.00,Disregard Stop Sign,Failed to Yield ROW,Driver Unfamiliar With Area,,,No Automation,,,,,,,,,,,,false,false,false,false,false,No Vehicle Defects,Driver,None,None,Not Ejected/Not Applicable,Not used,"N/A Cars, truck, etc.",69.00,Deployed at pos. only,Possible Injury,No Observed,Marijuana Not Suspected,No Observed,Not Tested,f,SUV,No Special Function,false,North,Going Straight,40.00,40.00,40.00,No Contributing Action,,No apparent contributing factor,,,No Automation,,,,,,,,,,,,,,,,,,,,,,,,,,,,,,,,,,,,,,,,,,,,,,,,,,,,,,
250034066,4/21/2025 7:40:00 AM,4/21/2025 7:40:00 AM,0.00,0.00,2.00,0.00,true,false,false,false,39.53,-104.92,,QUEBEC ST,BLACKBIRD WAY,On-roadway,0.00,3,Front to Rear,,,,Front to Rear,Straight,Level,Not Applicable,Daylight,Intersection Related,Dry,Clear,,false,false,false,false,false,No Vehicle Defects,Driver,Complied With,None,Not Ejected/Not Applicable,Properly used,"N/A Cars, truck, etc.",17.00,Not Deployed,No Apparent Injury,No Observed,Marijuana Not Suspected,No Observed,Not Tested,m,,SUV,No Special Function,false,North,Slowing,45.00,15.00,15.00,Followed Too Closely,,Driver Inexperience,,,No Automation,,,,,,,,,,,,false,false,false,false,false,No Vehicle Defects,Driver,None,None,Not Ejected/Not Applicable,Properly used,"N/A Cars, truck, etc.",42.00,Not Deployed,No Apparent Injury,No Observed,Marijuana Not Suspected,No Observed,Not Tested,f,Passenger Car/Passenger Van,No Special Function,false,North,Slowing,45.00,5.00,5.00,No Contributing Action,,No apparent contributing factor,,,No Automation,,,,,,,,,,,,,,,,,,,,,,,,,,,,,,,,,,,,,,,,,,,,,,,,,,,,,,
250034131,4/21/2025 5:00:00 AM,4/21/2025 5:00:00 AM,0.00,0.00,1.00,0.00,false,false,false,false,39.45,-104.71,6372.00,POWELL RD,,Ran off left side,0.00,1,Other Fixed Object,,,,Other Fixed Object,Straight,Downhill,Not Applicable,Dark-unlighted,Non-intersection,Dry,Clear,,true,false,false,,,,,,,,,,,,,,,,,,,Unknown Hit & Run Only,No Special Function,false,South,Going Straight,25.00,25.00,,Careless Driving,,Not Observed,,,Unknown,,,,,,,,,,,,,,,,,,,,,,,,,,,,,,,,,,,,,,,,,,,,,,,,,,,,,,,,,,,,,,,,,,,,,,,,,,,,,,,,,,,,,,,,,,,,,,,,,,,
250034255,4/21/2025 3:26:00 PM,4/21/2025 3:26:00 PM,0.00,0.00,2.00,0.00,false,false,false,false,39.56,-104.90,13761.00,OMEGA CIR,,On-roadway,0.00,1,Front to Side,,,,Front to Side,Straight,Downhill,Not Applicable,Daylight,Driveway Access Related,Dry,Clear,,false,false,false,false,false,No Vehicle Defects,Driver,None,None,Not Ejected/Not Applicable,Properly used,"N/A Cars, truck, etc.",27.00,Not Deployed,No Apparent Injury,No Observed,Marijuana Not Suspected,No Observed,Not Tested,f,,SUV,No Special Function,false,Northwest,Going Straight,25.00,25.00,20.00,Improper Passing on Left,,Driver Unfamiliar With Area,,,No Automation,,,,,,,,,,,,false,false,false,false,false,No Vehicle Defects,Driver,None,None,Not Ejected/Not Applicable,Properly used,"N/A Cars, truck, etc.",40.00,Not Equipped,No Apparent Injury,No Observed,Marijuana Not Suspected,No Observed,Not Tested,m,Pickup Truck/Utility Van,No Special Function,false,Northeast,Backing,25.00,5.00,3.00,No Contributing Action,,No apparent contributing factor,,,No Automation,,,,,,,,,,,,,,,,,,,,,,,,,,,,,,,,,,,,,,,,,,,,,,,,,,,,,,
250034354,4/21/2025 9:50:00 PM,4/21/2025 9:50:00 PM,0.00,0.00,1.00,0.00,false,false,false,false,39.55,-104.76,,INSPIRATION DR,PINE DR,Ran off left side,0.00,1,Sign,,,,Sign,Curve Right,Level,Not Applicable,Dark-unlighted,Non-intersection,Dry,Clear,,true,false,false,,,,,,,,,,,,,,,,,,,Unknown Hit & Run Only,No Special Function,false,Northeast,Negotiating a Curve,40.00,40.00,40.00,Too Fast For Conditions,,Not Observed,,,No Automation,,,,,,,,,,,,,,,,,,,,,,,,,,,,,,,,,,,,,,,,,,,,,,,,,,,,,,,,,,,,,,,,,,,,,,,,,,,,,,,,,,,,,,,,,,,,,,,,,,,
250034395,4/22/2025 8:15:00 AM,4/22/2025 8:15:00 AM,0.00,0.00,2.00,0.00,true,false,false,false,39.55,-105.01,,KENDRICK CASTILLO WAY,PARK CENTRAL DR,On-roadway,1.00,3,Front to Rear,,,,Front to Rear,Straight,Level,Not Applicable,Daylight,Non-intersection,Dry,Clear,,false,false,false,false,false,No Vehicle Defects,Driver,None,None,Not Ejected/Not Applicable,Properly used,"N/A Cars, truck, etc.",51.00,Not Deployed,No Apparent Injury,No Observed,Marijuana Not Suspected,No Observed,Not Tested,m,,Passenger Car/Passenger Van,No Special Function,false,North,Going Straight,45.00,25.00,45.00,Followed Too Closely,Too Fast For Conditions,Looked / Did Not See,,,No Automation,,,,,,,,,,,,false,false,false,false,false,No Vehicle Defects,Driver,None,None,Not Ejected/Not Applicable,Properly used,"N/A Cars, truck, etc.",28.00,Not Deployed,No Apparent Injury,No Observed,Marijuana Not Suspected,No Observed,Not Tested,f,SUV,No Special Function,false,North,Slowing,45.00,20.00,25.00,No Contributing Action,,No apparent contributing factor,,,No Automation,,,,,,,,,,,,,,,,,,,,,,,,,,,,,,,,,,,,,,,,,,,,,,,,,,,,,,
250034470,4/22/2025 10:05:00 AM,4/22/2025 10:05:00 AM,0.00,0.00,2.00,0.00,false,false,false,true,39.56,-104.89,420.00,HELENA CIR,,On-roadway,0.00,1,Parked Motor Vehicle,,,,Parked Motor Vehicle,Straight,Level,Not Applicable,Daylight,Non-intersection,Dry,Clear,,false,false,false,true,false,No Vehicle Defects,Driver,None,None,Not Ejected/Not Applicable,Properly used,"N/A Cars, truck, etc.",34.00,Not Deployed,No Apparent Injury,No Observed,Marijuana Not Suspected,No Observed,Not Tested,f,,Passenger Car/Passenger Van,No Special Function,false,East,Going Straight,25.00,10.00,0.00,Careless Driving,,Distracted/Other Exterior,,,No Automation,,,,,,,,,,,,false,false,true,,,,,,,,,,,,,,,,,,Passenger Car/Passenger Van,No Special Function,false,East,Parked,,,,,,,,,,,,,,,,,,,,,false,false,true,,,,,,,,,,,,,,,,Passenger Car/Passenger Van,No Special Function,false,East,Parked,,,,,,,,,,,,,,,,,,,,
250034536,4/22/2025 11:52:00 AM,4/22/2025 11:52:00 AM,0.00,0.00,2.00,0.00,false,false,false,false,39.52,-104.94,10832.00,FAIRMONT LN,,On-roadway,0.00,1,Parked Motor Vehicle,,,,Parked Motor Vehicle,Straight,Downhill,Not Applicable,Daylight,Non-intersection,Dry,Clear,,false,false,false,false,false,No Vehicle Defects,Driver,None,None,Not Ejected/Not Applicable,Properly used,"N/A Cars, truck, etc.",52.00,Not Deployed,No Apparent Injury,No Observed,Marijuana Not Suspected,No Observed,Not Tested,M,,Other Vehicle Type,Other,false,West,Passing,25.00,5.00,5.00,No Contributing Action,,No apparent contributing factor,,,No Automation,,,,,,,,,,,,false,false,true,,,,,,,,,,,,,,,,,,SUV,No Special Function,false,West,Parked,,,,,,,,,,,,,,,,,,,,,,,,,,,,,,,,,,,,,,,,,,,,,,,,,,,,,,,,,,,,,,,
250034538,4/22/2025 12:04:00 PM,4/22/2025 12:04:00 PM,0.00,0.00,2.00,0.00,false,false,false,false,39.56,-104.99,-23.00,CENTENNIAL BLVD,,On-roadway,0.00,2,Front to Rear,,,,Front to Rear,Straight,Level,Not Applicable,Daylight,Driveway Access Related,Dry,Clear,,false,false,false,false,false,No Vehicle Defects,Driver,None,None,Not Ejected/Not Applicable,Properly used,"N/A Cars, truck, etc.",66.00,Not Deployed,No Apparent Injury,No Observed,Marijuana Not Suspected,No Observed,Not Tested,f,,SUV,No Special Function,false,West,Backing,35.00,5.00,0.00,Improper Backing,,Looked / Did Not See,,,No Automation,,,,,,,,,,,,false,false,false,false,false,No Vehicle Defects,Driver,None,None,Not Ejected/Not Applicable,Properly used,"N/A Cars, truck, etc.",31.00,Not Deployed,No Apparent Injury,No Observed,Marijuana Not Suspected,No Observed,Not Tested,f,SUV,No Special Function,false,West,Stopped in Traffic,35.00,0.00,0.00,No Contributing Action,,No apparent contributing factor,,,No Automation,,,,,,,,,,,,,,,,,,,,,,,,,,,,,,,,,,,,,,,,,,,,,,,,,,,,,,
250034686,4/22/2025 9:12:00 PM,4/22/2025 9:12:00 PM,0.00,0.00,1.00,0.00,false,false,false,false,39.54,-104.76,12600.00,PINE DR,,On-roadway,0.00,1,Wild Animal,,,,Wild Animal,Straight,Level,Not Applicable,Dark-unlighted,Non-intersection,Dry,Clear,,false,false,false,false,false,No Vehicle Defects,Driver,None,None,Not Ejected/Not Applicable,Properly used,"N/A Cars, truck, etc.",33.00,Not Deployed,No Apparent Injury,No Observed,Marijuana Not Suspected,No Observed,Not Tested,f,,SUV,No Special Function,false,North,Going Straight,45.00,30.00,25.00,No Contributing Action,,No apparent contributing factor,,,No Automation,,,,,,,,,,,,,,,,,,,,,,,,,,,,,,,,,,,,,,,,,,,,,,,,,,,,,,,,,,,,,,,,,,,,,,,,,,,,,,,,,,,,,,,,,,,,,,,,,,,
250034834,4/25/2025 10:42:00 AM,4/25/2025 10:42:00 AM,0.00,0.00,2.00,0.00,true,false,false,false,39.56,-104.99,,BROADWAY,DAD CLARK DR,On-roadway,1.00,3,Front to Rear,,,,Front to Rear,Straight,Level,Not Applicable,Daylight,Intersection Related,Dry,Clear,,false,false,false,false,false,No Vehicle Defects,Driver,None,None,Not Ejected/Not Applicable,Properly used,"N/A Cars, truck, etc.",17.00,Not Deployed,No Apparent Injury,No Observed,Marijuana Not Suspected,No Observed,Not Tested,f,,SUV,No Special Function,false,North,Going Straight,45.00,10.00,2.00,Other Contributing Action,,Driver Inexperience,,,No Automation,,,,,,,,,,,,false,false,false,false,false,No Vehicle Defects,Driver,None,None,Not Ejected/Not Applicable,Properly used,"N/A Cars, truck, etc.",52.00,Not Deployed,No Apparent Injury,No Observed,Marijuana Not Suspected,No Observed,Not Tested,f,SUV,No Special Function,false,North,Stopped in Traffic,45.00,0.00,0.00,No Contributing Action,,No apparent contributing factor,,,No Automation,,,,,,,,,,,,,,,,,,,,,,,,,,,,,,,,,,,,,,,,,,,,,,,,,,,,,,
250034928,4/23/2025 2:48:00 PM,4/23/2025 2:48:00 PM,0.00,0.00,2.00,0.00,false,false,false,false,39.53,-104.92,,QUEBEC ST,WILDCAT RIDGE,On-roadway,0.00,1,Front to Rear,,,,Front to Rear,Straight,Level,Not Applicable,Daylight,At Intersection,Dry,Clear,,false,false,false,false,false,No Vehicle Defects,Driver,Not Complied With,None,Not Ejected/Not Applicable,Unknown,"N/A Cars, truck, etc.",18.00,Not Deployed,No Apparent Injury,No Observed,Marijuana Not Suspected,No Observed,Not Tested,m,,SUV,No Special Function,false,South,Making Left Turn,45.00,25.00,25.00,Followed Too Closely,,Driver Inexperience,,,No Automation,,,,,,,,,,,,false,false,false,false,false,No Vehicle Defects,Driver,None,None,Not Ejected/Not Applicable,Properly used,"N/A Cars, truck, etc.",41.00,Not Deployed,No Apparent Injury,No Observed,Marijuana Not Suspected,No Observed,Not Tested,f,Passenger Car/Passenger Van,No Special Function,false,South,Making Left Turn,45.00,25.00,25.00,No Contributing Action,,No apparent contributing factor,,,No Automation,,,,,,,,,,,,,,,,,,,,,,,,,,,,,,,,,,,,,,,,,,,,,,,,,,,,,,
250034998,4/23/2025 6:14:00 PM,4/23/2025 6:14:00 PM,0.00,1.00,1.00,0.00,false,false,false,false,39.56,-104.99,8440.00,BROADWAY,,Ran off left side,2.00,1,Curb,Fell from Motor Vehicle,Wall or Building,,Fell from Motor Vehicle,Curve Right,Downhill,Not Applicable,Daylight,Non-intersection,Dry,Clear,,false,false,false,false,false,No Vehicle Defects,Driver,Complied With,Complied With,Motorcycle,Not used,Helmet Properly Used,55.00,Not Equipped,Suspected Serious Injury,Yes Observed,Unknown,No Observed,Blood,m,,Motorcycle,No Special Function,false,South,Negotiating a Curve,45.00,50.00,,Over-Correcting / Over-Steering,,Not Observed,,,No Automation,,,,,,,,,,,,,,,,,,,,,,,,,,,,,,,,,,,,,,,,,,,,,,,,,,,,,,,,,,,,,,,,,,,,,,,,,,,,,,,,,,,,,,,,,,,,,,,,,,,
250035090,4/24/2025 7:33:00 AM,4/24/2025 7:33:00 AM,0.00,0.00,1.00,0.00,false,false,false,false,39.23,-104.89,,PERRY PARK AVE,DOUGLAS BLVD,On-roadway,0.00,1,Wild Animal,,,,Wild Animal,Straight,Downhill,Not Applicable,Daylight,Non-intersection,Dry,Clear,,false,false,false,false,false,No Vehicle Defects,Driver,None,None,Not Ejected/Not Applicable,Properly used,"N/A Cars, truck, etc.",61.00,Not Deployed,No Apparent Injury,No Observed,Marijuana Not Suspected,No Observed,Not Tested,F,,SUV,No Special Function,false,East,Slowing,25.00,25.00,25.00,No Contributing Action,,No apparent contributing factor,,,No Automation,,,,,,,,,,,,,,,,,,,,,,,,,,,,,,,,,,,,,,,,,,,,,,,,,,,,,,,,,,,,,,,,,,,,,,,,,,,,,,,,,,,,,,,,,,,,,,,,,,,
250035261,4/24/2025 2:53:00 PM,4/24/2025 2:53:00 PM,0.00,0.00,1.00,0.00,false,false,false,false,39.47,-104.70,10300.00,HILLTOP RD,,On-roadway,0.00,1,Wild Animal,,,,Wild Animal,Curve Left,Uphill,Not Applicable,Daylight,Non-intersection,Wet,Rain,Cloudy,false,false,false,false,false,No Vehicle Defects,Driver,None,None,Not Ejected/Not Applicable,Properly used,"N/A Cars, truck, etc.",24.00,Not Deployed,No Apparent Injury,No Observed,Marijuana Not Suspected,No Observed,Not Tested,M,,SUV,No Special Function,false,West,Going Straight,45.00,45.00,45.00,No Contributing Action,,No apparent contributing factor,,,No Automation,,,,,,,,,,,,,,,,,,,,,,,,,,,,,,,,,,,,,,,,,,,,,,,,,,,,,,,,,,,,,,,,,,,,,,,,,,,,,,,,,,,,,,,,,,,,,,,,,,,
250035337,4/24/2025 6:16:00 PM,4/24/2025 6:16:00 PM,0.00,0.00,2.00,0.00,true,false,false,false,39.53,-104.85,11910.00,SWANSEA DR,,On-roadway,2.00,1,Front to Front,,,,Front to Front,Straight,Downhill,Not Applicable,Daylight,Non-intersection,Dry,Clear,,false,false,false,false,false,No Vehicle Defects,Driver,None,None,Not Ejected/Not Applicable,Properly used,"N/A Cars, truck, etc.",17.00,Deployed at pos. and others,No Apparent Injury,No Observed,Marijuana Not Suspected,No Observed,Not Tested,M,,SUV,No Special Function,false,North,Going Straight,20.00,25.00,,Lane Violation,,Driver Inexperience,,,No Automation,,,,,,,,,,,,false,false,false,false,false,No Vehicle Defects,Driver,None,None,Not Ejected/Not Applicable,Properly used,"N/A Cars, truck, etc.",61.00,Not Deployed,No Apparent Injury,No Observed,Marijuana Not Suspected,No Observed,Not Tested,M,Passenger Car/Passenger Van,No Special Function,false,South,Going Straight,20.00,20.00,20.00,No Contributing Action,,No apparent contributing factor,,,No Automation,,,,,,,,,,,,,,,,,,,,,,,,,,,,,,,,,,,,,,,,,,,,,,,,,,,,,,
250035361,4/24/2025 7:37:00 PM,4/24/2025 7:37:00 PM,0.00,0.00,1.00,0.00,false,false,false,false,39.54,-104.74,12290.00,ANTELOPE TRL,,Ran off left side,0.00,1,Ditch,Sign,Tree,,Tree,Curve Right,Downhill,Not Applicable,Dawn or dusk,Non-intersection,Dry,Clear,,true,false,false,false,false,No Vehicle Defects,Driver,Not Complied With,None,Not Ejected/Not Applicable,Unknown,"N/A Cars, truck, etc.",54.00,Deployed at pos. and others,No Apparent Injury,Yes Other Method,Unknown,No Other Method,Not Tested,M,,Pickup Truck/Utility Van,No Special Function,false,Northwest,Out of Control,20.00,40.00,,Speeding,,Not Observed,,,No Automation,,,,,,,,,,,,,,,,,,,,,,,,,,,,,,,,,,,,,,,,,,,,,,,,,,,,,,,,,,,,,,,,,,,,,,,,,,,,,,,,,,,,,,,,,,,,,,,,,,,
250035424,4/25/2025 1:25:00 AM,4/25/2025 1:25:00 AM,0.00,0.00,1.00,0.00,false,false,false,false,39.17,-104.83,13230.00,FURROW RD,,Ran off right side,0.00,1,Mailbox,,,,Mailbox,Curve Left,Level,Not Applicable,Dark-unlighted,Non-intersection,Muddy,Fog,Rain,false,false,false,false,false,No Vehicle Defects,Driver,None,None,Not Ejected/Not Applicable,Properly used,"N/A Cars, truck, etc.",49.00,Not Deployed,No Apparent Injury,No Observed,Marijuana Not Suspected,No Observed,Not Tested,f,,SUV,No Special Function,false,South,Going Straight,35.00,30.00,30.00,Other Contributing Action,,Not Observed,,,Conditional Automation,,,,,,,,,,,,,,,,,,,,,,,,,,,,,,,,,,,,,,,,,,,,,,,,,,,,,,,,,,,,,,,,,,,,,,,,,,,,,,,,,,,,,,,,,,,,,,,,,,,
250035514,4/25/2025 9:36:00 AM,4/25/2025 9:36:00 AM,0.00,0.00,2.00,0.00,false,false,false,false,39.56,-105.01,,KENDRICK CASTILLO WAY,PLUM VALLEY LN,On-roadway,3.00,1,Front to Side,,,,Front to Side,Curve Left,Downhill,Overtaking Turn,Daylight,At Intersection,Dry,Cloudy,,false,false,false,false,false,No Vehicle Defects,Driver,None,None,Not Ejected/Not Applicable,,"N/A Cars, truck, etc.",62.00,Not Deployed,Suspected Minor Injury,No Observed,Marijuana Not Suspected,No Observed,Not Tested,f,,Passenger Car/Passenger Van,No Special Function,false,North,Changing lanes,40.00,40.00,,Failed to Yield ROW,Lane Violation,,,,No Automation,,,,,,,,,,,,false,false,false,false,false,No Vehicle Defects,Driver,None,None,Not Ejected/Not Applicable,Properly used,"N/A Cars, truck, etc.",30.00,Not Deployed,No Apparent Injury,No Observed,Marijuana Not Suspected,No Observed,Not Tested,f,"Medium/Heavy Trucks crossing state line, GVWR/GCWR 10,001 or over",Rental Truck,false,South,Going Straight,40.00,50.00,50.00,No Contributing Action,,No apparent contributing factor,,,No Automation,,,,,,,,,,,,,,,,,,,,,,,,,,,,,,,,,,,,,,,,,,,,,,,,,,,,,,
250035535,4/25/2025 10:25:00 AM,4/25/2025 10:25:00 AM,0.00,0.00,1.00,0.00,false,false,false,false,39.52,-105.00,6127.00,LAKESIDE CT,,On-roadway,0.00,1,Mailbox,,,,Mailbox,Straight,Level,Not Applicable,Daylight,Non-intersection,Dry,Clear,,true,false,false,,,,,,,,,,,,,,,,,,,Unknown Hit & Run Only,,,East,Going Straight,35.00,,,,,,,,,,,,,,,,,,,,,,,,,,,,,,,,,,,,,,,,,,,,,,,,,,,,,,,,,,,,,,,,,,,,,,,,,,,,,,,,,,,,,,,,,,,,,,,,,,,,,,,,,,,
250035599,4/25/2025 1:12:00 PM,4/25/2025 1:12:00 PM,0.00,0.00,2.00,0.00,true,false,false,false,39.56,-104.98,,QUAIL PL,OLD STONE DR,On-roadway,0.00,1,Front to Side,,,,Front to Side,Straight,Uphill,Not Applicable,Daylight,Intersection Related,Dry,Cloudy,,false,false,false,true,false,No Vehicle Defects,Driver,Not Complied With,None,Not Ejected/Not Applicable,Properly used,"N/A Cars, truck, etc.",14.00,Not Deployed,No Apparent Injury,No Observed,Marijuana Not Suspected,No Observed,Not Tested,f,,Passenger Car/Passenger Van,No Special Function,false,East,Making Right Turn,25.00,25.00,,Other Contributing Action,,Driver Inexperience,,,No Automation,,,,,,,,,,,,false,false,true,,,,,,,,,,,,,,,,,,SUV,No Special Function,false,East,Parked,,,,,,,,,,,,,,,,,,,,,,,,,,,,,,,,,,,,,,,,,,,,,,,,,,,,,,,,,,,,,,,