Casetrackingid,Accidentdate,Accidenttime,Numberkilled,Numberinjured,Totalvehicles,Totalnonmotorists,Juvenilesinvolvedindicator,Secondarycrashindicator,Constructionzoneindicator,Schoolzoneindicator,Latitude,Longitude,Onroadaddress,_Primarystreet,_Crossstreet,Location,Numberoflanesblocked,Laneposition,Harmfulevent1,Harmfulevent2,Harmfulevent3,Harmfulevent4,Mostharmfulevent,Roadcontourcurves,Roadcontourgrade,Approachovertakingturn,Lightingcondition,Roaddescription,Roadcondition,Weathercondition1,Weathercondition2,Hitandrun_V1,Noncontact_V1,Parked_V1,Unlicenseddriver_V1,Duiindicator_V1,Vehicledefectcondition_V1,Positioninvehicle_D1,Drivingrestrictions_D1,Drivingendorsements_D1,Ejectionpath_D1,Safetyequipmentuse_D1,Safetyequipmenthelmet_D1,Age_D1,Airbagdeployment_D1,Injuryseverity_D1,Alcoholsuspected_D1,Marijuanasuspected_D1,Otherdrugssuspected_D1,Testedforotherdrugs_D1,Personsexcode_D1,Deadatscene_D1,Vehicletype_V1,Specialfunction_V1,Emergencylightsactivated_V1,Directionoftravel_V1,Vehiclemovement_V1,Roadwayspeedlimit_V1,Estimatedvehiclespeed_V1,Driverstatedspeed_V1,Driveraction1_V1,Driveraction2_V1,Mostapprthumancontrfactor1_V1,Mostapprthumancontrfactor2_V1,Mostapprthumancontrfactor3_V1,Autonomousvehiclecapability_V1,Drivercededcontrol_V1,Nonmotoristtype_V1,Nonmotoristmovement_V1,Nonmotoristlocation_V1,Nonmotoristlegofint_V1,Nonmotoristtypeoffacility_V1,Nonmotoristaction1_V1,Nonmotoristaction2_V1,Nonmotoristcontrfctr1_V1,Nonmotoristcontrfctr2_V1,Nonmotoristcontrfctr3_V1,Hitandrun_V2,Noncontact_V2,Parked_V2,Unlicenseddriver_V2,Duiindicator_V2,Vehicledefectcondition_V2,Positioninvehicle_D2,Drivingrestrictions_D2,Drivingendorsements_D2,Ejectionpath_D2,Safetyequipmentuse_D2,Safetyequipmenthelmet_D2,Age_D2,Airbagdeployment_D2,Injuryseverity_D2,Alcoholsuspected_D2,Marijuanasuspected_D2,Otherdrugssuspected_D2,Testedforotherdrugs_D2,Personsexcode_D2,Vehicletype_V2,Specialfunction_V2,Emergencylightsactivated_V2,Directionoftravel_V2,Vehiclemovement_V2,Roadwayspeedlimit_V2,Estimatedvehiclespeed_V2,Driverstatedspeed_V2,Driveraction1_V2,Driveraction2_V2,Mostapprthumancontrfactor1_V2,Mostapprthumancontrfactor2_V2,Mostapprthumancontrfactor3_V2,Autonomousvehiclecapability_V2,Drivercededcontrol_V2,Nonmotoristtype_V2,Nonmotoristmovement_V2,Nonmotoristlocation_V2,Nonmotoristlegofint_V2,Nonmotoristtypeoffacility_V2,Nonmotoristaction1_V2,Nonmotoristaction2_V2,Nonmotoristcontrfctr1_V2,Nonmotoristcontrfctr2_V2,Nonmotoristcontrfctr3_V2,Hitandrun_V3,Noncontact_V3,Parked_V3,Unlicenseddriver_V3,Duiindicator_V3,Positioninvehicle_D3,Drivingrestrictions_D3,Drivingendorsements_D3,Ejection_D3,Safetyequipmentuse_D3,Age_D3,Airbagdeployment_D3,Injuryseverity_D3,Alcoholsuspected_D3,Marijuanasuspected_D3,Otherdrugssuspected_D3,Testedforotherdrugs_D3,Personsexcode_D3,Vehicletype_V3,Specialfunction_V3,Emergencylightsactivated_V3,Directionoftravel_V3,Vehiclemovement_V3,Roadwayspeedlimit_V3,Estimatedvehiclespeed_V3,Driverstatedspeed_V3,Driveraction1_V3,Driveraction2_V3,Mostapprthumancontrfactor1_V3,Mostapprthumancontrfactor2_V3,Mostapprthumancontrfactor3_V3,Autonomousvehiclecapability_V3,Drivercededcontrol_V3,Nonmotoristtype_V3,Nonmotoristmovement_V3,Nonmotoristlocation_V3,Nonmotoristlegofint_V3,Nonmotoristtypeoffacility_V3,Nonmotoristaction1_V3,Nonmotoristaction2_V3,Nonmotoristcontrfctr1_V3,Nonmotoristcontrfctr2_V3,Nonmotoristcontrfctr3_V3
250043345,5/19/2025 7:00:00 AM,5/19/2025 7:00:00 AM,0.00,0.00,2.00,0.00,false,false,false,false,39.56,-104.91,,QUEBEC ST,8664,On-roadway,0.00,3,Front to Rear,,,,Front to Rear,Straight,Downhill,Not Applicable,Daylight,Intersection Related,Dry,Clear,,false,false,false,false,false,No Vehicle Defects,Driver,None,None,Not Ejected/Not Applicable,Properly used,"N/A Cars, truck, etc.",18.00,Not Deployed,No Apparent Injury,No Observed,Marijuana Not Suspected,No Observed,Not Tested,f,,SUV,No Special Function,false,North,Going Straight,45.00,5.00,5.00,Failed to Stop at Signal,,Distracted/Other Interior,,,Driver Assistance,,,,,,,,,,,,false,false,false,false,false,No Vehicle Defects,Driver,None,None,Not Ejected/Not Applicable,Properly used,"N/A Cars, truck, etc.",41.00,Not Deployed,No Apparent Injury,No Observed,Marijuana Not Suspected,No Observed,Not Tested,m,Pickup Truck/Utility Van,No Special Function,false,North,Stopped in Traffic,45.00,0.00,0.00,No Contributing Action,,No apparent contributing factor,,,No Automation,,,,,,,,,,,,,,,,,,,,,,,,,,,,,,,,,,,,,,,,,,,,,,,,,,,,,,
250043500,5/19/2025 2:52:00 PM,5/19/2025 2:52:00 PM,0.00,0.00,2.00,0.00,false,false,false,false,39.52,-104.93,,MCARTHUR RANCH RD,WAGON BOX CIR (W),On-roadway,0.00,3,Front to Rear,,,,Front to Rear,Straight,Uphill,Not Applicable,Daylight,Intersection Related,Dry,Clear,,false,false,false,false,false,No Vehicle Defects,Driver,Complied With,None,Not Ejected/Not Applicable,Properly used,"N/A Cars, truck, etc.",17.00,Not Deployed,No Apparent Injury,No Observed,Marijuana Not Suspected,No Observed,Not Tested,f,,SUV,No Special Function,false,East,Going Straight,45.00,15.00,10.00,Followed Too Closely,,Driver Inexperience,,,No Automation,,,,,,,,,,,,false,false,false,false,false,No Vehicle Defects,Driver,Complied With,None,Not Ejected/Not Applicable,Properly used,"N/A Cars, truck, etc.",37.00,Not Deployed,No Apparent Injury,No Observed,Marijuana Not Suspected,No Observed,Not Tested,f,SUV,No Special Function,false,East,Slowing,45.00,35.00,35.00,No Contributing Action,,No apparent contributing factor,,,No Automation,,,,,,,,,,,,,,,,,,,,,,,,,,,,,,,,,,,,,,,,,,,,,,,,,,,,,,
250043565,5/19/2025 5:40:00 PM,5/19/2025 5:40:00 PM,0.00,0.00,1.00,1.00,false,false,false,false,39.55,-104.79,,MARKET ST,MARKET DR,On-roadway,0.00,1,Bicycle / Motorized Bicycle,,,,Bicycle / Motorized Bicycle,Straight,Level,Approach Turn,Daylight,At Intersection,Dry,Cloudy,,false,false,false,false,false,No Vehicle Defects,Driver,None,None,Not Ejected/Not Applicable,Properly used,"N/A Cars, truck, etc.",25.00,Not Deployed,No Apparent Injury,No Observed,Marijuana Not Suspected,No Observed,Not Tested,m,,Pickup Truck/Utility Van,No Special Function,false,South,Making Right Turn,15.00,3.00,4.00,Failed to Yield ROW,,Looked / Did Not See,,,No Automation,,Bicyclist,Going Straight,Intersection-Unmarked Crosswalk,West,Crosswalk,No Contributing Action,,No Apparent Contributing Factor,,,,,,,,,,,,,,Helmet Properly Used,31.00,,Possible Injury,No Observed,Marijuana Not Suspected,No Observed,Not Tested,m,,,,,,,,,,,,,,,,,,,,,,,,,,,,,,,,,,,,,,,,,,,,,,,,,,,,,,,,,,,,,,,,,,,,
250043578,5/19/2025 6:14:00 PM,5/19/2025 6:14:00 PM,0.00,0.00,1.00,0.00,false,false,false,false,39.21,-104.93,10200.00,PERRY PARK RD,,On-roadway,0.00,1,Wild Animal,,,,Wild Animal,Curve Right,Uphill,Not Applicable,Daylight,Non-intersection,Dry,Clear,,false,false,false,false,false,No Vehicle Defects,Driver,None,None,Not Ejected/Not Applicable,Properly used,"N/A Cars, truck, etc.",78.00,Not Deployed,No Apparent Injury,No Other Method,Marijuana Not Suspected,No Other Method,Not Tested,m,,Pickup Truck/Utility Van,No Special Function,false,South,Negotiating a Curve,45.00,40.00,,No Contributing Action,,No apparent contributing factor,,,No Automation,,,,,,,,,,,,,,,,,,,,,,,,,,,,,,,,,,,,,,,,,,,,,,,,,,,,,,,,,,,,,,,,,,,,,,,,,,,,,,,,,,,,,,,,,,,,,,,,,,,
250043584,5/19/2025 7:02:00 PM,5/19/2025 7:02:00 PM,0.00,0.00,1.00,0.00,true,false,false,false,39.54,-104.92,9450.00,UNIVERSITY BLVD,,On-roadway,1.00,2,Wild Animal,,,,Wild Animal,Straight,Level,Not Applicable,Daylight,Non-intersection,Dry,Clear,,false,false,false,false,false,No Vehicle Defects,Driver,Complied With,None,Not Ejected/Not Applicable,Properly used,"N/A Cars, truck, etc.",35.00,Not Deployed,No Apparent Injury,No Observed,Marijuana Not Suspected,No Observed,Not Tested,f,,SUV,No Special Function,false,East,Going Straight,45.00,45.00,45.00,No Contributing Action,,No apparent contributing factor,,,No Automation,,,,,,,,,,,,,,,,,,,,,,,,,,,,,,,,,,,,,,,,,,,,,,,,,,,,,,,,,,,,,,,,,,,,,,,,,,,,,,,,,,,,,,,,,,,,,,,,,,,
250043833,5/18/2025 2:00:00 PM,5/18/2025 2:00:00 PM,0.00,0.00,1.00,0.00,false,false,false,false,39.35,-105.15,,PINE CREEK RD,PLATTE RIVER RD,Ran off right side,0.00,1,Embankment,Large Rocks or Boulder,Tree,,Large Rocks or Boulder,Curve Left,Uphill,Not Applicable,Daylight,Non-intersection,Sand/Gravel,Clear,,false,false,false,false,false,No Vehicle Defects,Driver,None,None,Not Ejected/Not Applicable,Properly used,"N/A Cars, truck, etc.",41.00,Deployed at pos. only,No Apparent Injury,No Other Method,Marijuana Not Suspected,No Other Method,Not Tested,m,,Pickup Truck/Utility Van,No Special Function,false,East,Negotiating a Curve,20.00,20.00,20.00,Over-Correcting / Over-Steering,,Driver Unfamiliar With Area,,,No Automation,,,,,,,,,,,,,,,,,,,,,,,,,,,,,,,,,,,,,,,,,,,,,,,,,,,,,,,,,,,,,,,,,,,,,,,,,,,,,,,,,,,,,,,,,,,,,,,,,,,
250043931,5/20/2025 4:51:00 PM,5/20/2025 4:51:00 PM,0.00,0.00,2.00,0.00,false,false,false,false,39.56,-104.99,,BROADWAY,PLAZA DR,On-roadway,1.00,4,Front to Rear,,,,Front to Rear,Curve Right,Downhill,Not Applicable,Daylight,Intersection Related,Dry,Clear,,false,false,false,false,false,No Vehicle Defects,Driver,None,None,Not Ejected/Not Applicable,Properly used,"N/A Cars, truck, etc.",19.00,Not Deployed,No Apparent Injury,No Observed,Marijuana Not Suspected,No Observed,Not Tested,m,,SUV,No Special Function,false,South,Going Straight,45.00,10.00,5.00,Followed Too Closely,,Distracted/Other Exterior,,,No Automation,,,,,,,,,,,,false,false,false,false,false,No Vehicle Defects,Driver,Not Complied With,Not Complied With,Not Ejected/Not Applicable,Properly used,"N/A Cars, truck, etc.",43.00,Not Deployed,No Apparent Injury,No Observed,Marijuana Not Suspected,No Observed,Not Tested,m,SUV,No Special Function,false,South,Stopped in Traffic,45.00,0.00,0.00,No Contributing Action,,No apparent contributing factor,,,No Automation,,,,,,,,,,,,,,,,,,,,,,,,,,,,,,,,,,,,,,,,,,,,,,,,,,,,,,
250043947,5/20/2025 5:14:00 PM,5/20/2025 5:14:00 PM,0.00,0.00,1.00,0.00,false,false,false,false,39.55,-104.81,,CHAMBERS RD,AVENTERRA PKWY,Center Median/Island,0.00,1,Sign,,,,Sign,Straight,Downhill,Not Applicable,Daylight,At Intersection,Dry,Clear,,true,false,false,,,,,,,,,,,,,,,,,,,Unknown Hit & Run Only,,,,Making U-Turn,,,,Careless Driving,,Not Observed,,,Unknown,,,,,,,,,,,,,,,,,,,,,,,,,,,,,,,,,,,,,,,,,,,,,,,,,,,,,,,,,,,,,,,,,,,,,,,,,,,,,,,,,,,,,,,,,,,,,,,,,,,
250044266,5/21/2025 2:00:00 PM,5/21/2025 2:00:00 PM,0.00,0.00,3.00,0.00,true,false,false,false,39.38,-105.10,800.00,RAMPART RANGE RD,,Ran off left side,0.00,1,Side to Side - Same Direction,Embankment,,,Embankment,Straight,Uphill,Not Applicable,Daylight,Non-intersection,Dry,Clear,,,true,,,,,,,,,,,,,,,,,,,,Motorcycle,No Special Function,false,East,Making Left Turn,30.00,15.00,,Disregard Stop Sign,,Looked / Did Not See,,,No Automation,,,,,,,,,,,,false,false,false,false,false,No Vehicle Defects,Driver,None,None,Not Ejected/Not Applicable,Properly used,"N/A Cars, truck, etc.",17.00,Not Deployed,No Apparent Injury,No Observed,Marijuana Not Suspected,No Observed,Not Tested,m,Passenger Car/Passenger Van,No Special Function,false,East,Swerve/Avoidance,30.00,50.00,50.00,Speeding,,Driver Unfamiliar With Area,,,No Automation,,,,,,,,,,,,false,false,false,false,false,Driver,None,None,No,Properly used,17.00,Not Deployed,No Apparent Injury,No Observed,Marijuana Not Suspected,No Observed,Not Tested,m,Passenger Car/Passenger Van,No Special Function,false,East,Slowing,30.00,40.00,40.00,Speeding,,Driver Unfamiliar With Area,,,No Automation,,,,,,,,,,,
250044346,5/21/2025 5:34:00 PM,5/21/2025 5:34:00 PM,0.00,0.00,2.00,0.00,true,false,false,false,39.54,-104.66,,DELBERT RD,BUCKBOARD RD,On-roadway,2.00,1,Front to Side,Sign,,,Front to Side,Straight,Downhill,Not Applicable,Daylight,At Intersection,Dry,Clear,,false,false,false,false,false,No Vehicle Defects,Driver,Complied With,None,Not Ejected/Not Applicable,Properly used,"N/A Cars, truck, etc.",16.00,Not Deployed,Possible Injury,No Other Method,Marijuana Not Suspected,No Other Method,Not Tested,f,,SUV,No Special Function,false,West,Making Left Turn,35.00,30.00,,Failed to Yield ROW,,Driver Inexperience,,,No Automation,,,,,,,,,,,,false,false,false,false,false,No Vehicle Defects,Driver,None,None,Not Ejected/Not Applicable,Properly used,"N/A Cars, truck, etc.",66.00,Deployed at pos. and others,No Apparent Injury,No Observed,Marijuana Not Suspected,No Observed,Not Tested,M,Pickup Truck/Utility Van,No Special Function,false,South,Going Straight,40.00,40.00,,No Contributing Action,,No apparent contributing factor,,,No Automation,,,,,,,,,,,,,,,,,,,,,,,,,,,,,,,,,,,,,,,,,,,,,,,,,,,,,,
250044348,5/21/2025 6:07:00 PM,5/21/2025 6:07:00 PM,0.00,0.00,2.00,0.00,true,false,false,false,39.52,-104.92,5952.00,JAGUAR WAY,,On-roadway,0.00,1,Front to Front,,,,Front to Front,Curve Left,Downhill,Not Applicable,Daylight,Non-intersection,Dry,Clear,,false,false,false,false,false,No Vehicle Defects,Driver,Complied With,None,Not Ejected/Not Applicable,Properly used,"N/A Cars, truck, etc.",16.00,Not Deployed,No Apparent Injury,No Observed,Marijuana Not Suspected,No Observed,Not Tested,F,,Passenger Car/Passenger Van,No Special Function,false,East,Negotiating a Curve,25.00,15.00,15.00,Lane Violation,,Driver Inexperience,,,No Automation,,,,,,,,,,,,false,false,false,false,false,No Vehicle Defects,Driver,None,None,Not Ejected/Not Applicable,Properly used,"N/A Cars, truck, etc.",21.00,Not Deployed,No Apparent Injury,No Observed,Marijuana Not Suspected,No Observed,Not Tested,f,SUV,No Special Function,false,West,Negotiating a Curve,25.00,5.00,5.00,No Contributing Action,,No apparent contributing factor,,,No Automation,,,,,,,,,,,,,,,,,,,,,,,,,,,,,,,,,,,,,,,,,,,,,,,,,,,,,,
250044529,5/22/2025 10:06:00 AM,5/22/2025 10:06:00 AM,0.00,0.00,1.00,0.00,false,false,false,false,39.49,-105.07,8800.00,RAMPART RANGE RD,,Ran off right side,2.00,1,Overturning/Rollover,Light Pole/Utility Pole,,,Overturning/Rollover,Straight,Downhill,Not Applicable,Daylight,Non-intersection,Dry,Clear,,false,false,false,false,false,Improper Load,Driver,None,None,Not Ejected/Not Applicable,Properly used,"N/A Cars, truck, etc.",38.00,Not Deployed,Possible Injury,No Observed,Marijuana Not Suspected,No Observed,Not Tested,m,,Pickup Truck/Utility Van,No Special Function,false,North,Slowing,50.00,55.00,50.00,Over-Correcting / Over-Steering,Other Contributing Action,Not Observed,,,No Automation,,,,,,,,,,,,,,,,,,,,,,,,,,,,,,,,,,,,,,,,,,,,,,,,,,,,,,,,,,,,,,,,,,,,,,,,,,,,,,,,,,,,,,,,,,,,,,,,,,,
250044572,5/22/2025 12:07:00 PM,5/22/2025 12:07:00 PM,0.00,0.00,2.00,0.00,false,false,false,false,39.54,-104.93,9550.00,UNIVERSITY BLVD,,On-roadway,1.00,3,Front to Side,Curb,,,Front to Side,Straight,Level,Not Applicable,Daylight,Non-intersection,Dry,Clear,,false,false,false,false,false,No Vehicle Defects,Driver,None,None,Not Ejected/Not Applicable,Properly used,"N/A Cars, truck, etc.",84.00,Not Deployed,No Apparent Injury,No Observed,Marijuana Not Suspected,No Observed,Not Tested,f,,SUV,No Special Function,false,West,Changing lanes,45.00,10.00,30.00,Improper Turn,Failed to Yield ROW,Looked / Did Not See,,,No Automation,,,,,,,,,,,,false,false,false,false,false,No Vehicle Defects,Driver,None,None,Not Ejected/Not Applicable,Properly used,"N/A Cars, truck, etc.",28.00,Not Deployed,No Apparent Injury,No Observed,Marijuana Not Suspected,No Observed,Not Tested,f,Passenger Car/Passenger Van,No Special Function,false,West,Going Straight,45.00,10.00,45.00,No Contributing Action,,No apparent contributing factor,,,No Automation,,,,,,,,,,,,,,,,,,,,,,,,,,,,,,,,,,,,,,,,,,,,,,,,,,,,,,
250044628,5/22/2025 2:38:00 PM,5/22/2025 2:38:00 PM,0.00,0.00,2.00,0.00,false,false,false,false,39.54,-105.00,9730.00,TIMBERVALE TRL,,On-roadway,0.00,1,Front to Rear,,,,Front to Rear,Straight,Level,Not Applicable,Daylight,Non-intersection,Dry,Clear,,false,false,false,false,false,No Vehicle Defects,Driver,None,None,Not Ejected/Not Applicable,Properly used,"N/A Cars, truck, etc.",52.00,Not Deployed,No Apparent Injury,No Observed,Marijuana Not Suspected,No Observed,Not Tested,m,,SUV,No Special Function,false,South,Stopped in Traffic,25.00,10.00,10.00,Reckless Driving,,Aggressive Driving,,,No Automation,,,,,,,,,,,,false,false,false,false,false,No Vehicle Defects,Driver,None,None,Not Ejected/Not Applicable,Properly used,"N/A Cars, truck, etc.",56.00,Not Deployed,No Apparent Injury,No Observed,Marijuana Not Suspected,No Observed,Not Tested,m,SUV,No Special Function,false,South,Passing,25.00,10.00,10.00,Followed Too Closely,,Aggressive Driving,,,No Automation,,,,,,,,,,,,,,,,,,,,,,,,,,,,,,,,,,,,,,,,,,,,,,,,,,,,,,
250044640,5/22/2025 2:53:00 PM,5/22/2025 2:53:00 PM,0.00,1.00,2.00,0.00,false,false,false,false,39.54,-104.86,,MERIDIAN BLVD,OSWEGO ST,On-roadway,2.00,1,Front to Side,Overturning/Rollover,Curb,Front to Rear,Overturning/Rollover,Straight,Level,Not Applicable,Daylight,At Intersection,Dry,Cloudy,,false,false,false,false,true,No Vehicle Defects,Driver,None,None,Not Ejected/Not Applicable,Properly used,"N/A Cars, truck, etc.",29.00,Deployed at pos. only,Suspected Serious Injury,No SFST,Unknown,Yes Drug Recognition Expert,Not Tested,m,,Passenger Car/Passenger Van,No Special Function,false,South,Going Straight,30.00,40.00,35.00,Disregarded Other Device / Sign / Markings,Failed to Stop at Signal,Other Factor,Distracted/Other Interior,,No Automation,,,,,,,,,,,,false,false,false,false,false,No Vehicle Defects,Driver,None,None,Not Ejected/Not Applicable,Properly used,"N/A Cars, truck, etc.",58.00,Deployed at pos. and others,Possible Injury,No Observed,Marijuana Not Suspected,No Observed,Not Tested,m,SUV,No Special Function,false,East,Going Straight,35.00,35.00,,No Contributing Action,,No apparent contributing factor,,,No Automation,,,,,,,,,,,,,,,,,,,,,,,,,,,,,,,,,,,,,,,,,,,,,,,,,,,,,,
250044672,5/22/2025 4:03:00 PM,5/22/2025 4:03:00 PM,0.00,0.00,2.00,0.00,false,false,false,false,39.49,-105.04,,WATERTON RD,EAGLE RIVER ST,On-roadway,0.00,3,Front to Rear,,,,Front to Rear,Straight,Level,Not Applicable,Daylight,At Intersection,Dry,Clear,,false,false,false,false,false,No Vehicle Defects,Driver,None,None,Not Ejected/Not Applicable,Properly used,"N/A Cars, truck, etc.",54.00,Not Deployed,No Apparent Injury,No Observed,Marijuana Not Suspected,No Observed,Not Tested,m,,Pickup Truck/Utility Van,No Special Function,false,West,Going Straight,45.00,45.00,,Signaling Violation,,Not Observed,,,No Automation,,,,,,,,,,,,false,false,false,false,false,No Vehicle Defects,Driver,None,None,Not Ejected/Not Applicable,Properly used,"N/A Cars, truck, etc.",36.00,Not Deployed,No Apparent Injury,No Observed,Marijuana Not Suspected,No Observed,Not Tested,m,SUV,No Special Function,false,South,Making Left Turn,25.00,20.00,20.00,No Contributing Action,,No apparent contributing factor,,,No Automation,,,,,,,,,,,,,,,,,,,,,,,,,,,,,,,,,,,,,,,,,,,,,,,,,,,,,,
250044804,5/23/2025 3:40:00 AM,5/23/2025 3:40:00 AM,0.00,0.00,1.00,0.00,false,false,false,false,39.45,-104.81,6100.00,CROWFOOT VALLEY RD,,Ran off right side,0.00,1,Embankment,,,,Embankment,Straight,Downhill,Not Applicable,Dark-unlighted,Non-intersection,Dry,Clear,,false,false,false,false,true,No Vehicle Defects,Driver,None,None,Not Ejected/Not Applicable,Properly used,"N/A Cars, truck, etc.",47.00,Not Deployed,No Apparent Injury,Yes SFST,Marijuana Not Suspected,No Other Method,Blood,m,,Pickup Truck/Utility Van,No Special Function,false,North,Going Straight,45.00,,45.00,Lane Violation,,No apparent contributing factor,,,No Automation,,,,,,,,,,,,,,,,,,,,,,,,,,,,,,,,,,,,,,,,,,,,,,,,,,,,,,,,,,,,,,,,,,,,,,,,,,,,,,,,,,,,,,,,,,,,,,,,,,,
250044829,5/23/2025 8:01:00 AM,5/23/2025 8:01:00 AM,0.00,0.00,2.00,0.00,true,false,false,false,39.55,-104.80,,AVENTERRA PKWY,STONEGATE PKWY,On-roadway,1.00,2,Front to Side,,,,Front to Side,Curve Right,Downhill,Not Applicable,Daylight,Intersection Related,Dry,Clear,,false,false,false,false,false,No Vehicle Defects,Driver,Complied With,None,Not Ejected/Not Applicable,Properly used,"N/A Cars, truck, etc.",16.00,Deployed at pos. only,No Apparent Injury,No Observed,Marijuana Not Suspected,No Drug Recognition Expert,Not Tested,f,,SUV,No Special Function,false,North,Going Straight,35.00,10.00,15.00,Failed to Yield ROW,,Driver Inexperience,,,No Automation,,,,,,,,,,,,false,false,false,false,false,No Vehicle Defects,Driver,None,None,Not Ejected/Not Applicable,Properly used,"N/A Cars, truck, etc.",48.00,Not Deployed,No Apparent Injury,No Observed,Marijuana Not Suspected,No Observed,Not Tested,m,Pickup Truck/Utility Van,No Special Function,false,East,Going Straight,45.00,25.00,25.00,No Contributing Action,,No apparent contributing factor,,,No Automation,,,,,,,,,,,,,,,,,,,,,,,,,,,,,,,,,,,,,,,,,,,,,,,,,,,,,,
250044904,5/23/2025 10:59:00 AM,5/23/2025 10:59:00 AM,0.00,0.00,1.00,1.00,true,false,false,false,39.54,-105.01,,HIGHLANDS RANCH PKWY,FOOTHILLS CANYON BLVD,On-roadway,1.00,2,Pedestrian,,,,Pedestrian,Straight,Level,Not Applicable,Daylight,Intersection Related,Dry,Clear,,false,false,false,false,false,No Vehicle Defects,Driver,None,None,Not Ejected/Not Applicable,Properly used,"N/A Cars, truck, etc.",16.00,Not Deployed,No Apparent Injury,No Observed,Marijuana Not Suspected,No Observed,Not Tested,m,,Pickup Truck/Utility Van,No Special Function,false,East,Making Right Turn,45.00,2.00,5.00,Improper Turn,,Driver Inexperience,Looked / Did Not See,,No Automation,,Pedestrian,Going Straight,Intersection-Marked Crosswalk,North,Crosswalk,No Contributing Action,,No Apparent Contributing Factor,,,,,,,,,,,,,,No Helmet,16.00,,Possible Injury,No Observed,Marijuana Not Suspected,No Observed,Not Tested,m,,,,,,,,,,,,,,,,,,,,,,,,,,,,,,,,,,,,,,,,,,,,,,,,,,,,,,,,,,,,,,,,,,,,
250044948,5/23/2025 12:53:00 PM,5/23/2025 12:53:00 PM,0.00,0.00,3.00,0.00,false,false,false,false,39.51,-105.07,,TITAN RD,WILDLIFE WAY,On-roadway,1.00,1,Front to Rear,Front to Rear,,,Front to Rear,Straight,Downhill,Not Applicable,Daylight,Mid-block Crosswalk,Dry,Clear,,false,false,false,false,false,No Vehicle Defects,Driver,None,None,Not Ejected/Not Applicable,Properly used,"N/A Cars, truck, etc.",16.00,Deployed at pos. and others,No Apparent Injury,No Observed,Marijuana Not Suspected,No Observed,Not Tested,m,,SUV,No Special Function,false,West,Going Straight,40.00,45.00,50.00,Followed Too Closely,,Driver Inexperience,Distracted / Manipulating Vehicle Control,,No Automation,,,,,,,,,,,,false,false,false,false,false,No Vehicle Defects,Driver,None,None,Not Ejected/Not Applicable,Properly used,"N/A Cars, truck, etc.",75.00,Not Deployed,No Apparent Injury,No Observed,Marijuana Not Suspected,No Observed,Not Tested,f,SUV,No Special Function,false,West,Going Straight,40.00,10.00,5.00,No Contributing Action,,No apparent contributing factor,,,No Automation,,,,,,,,,,,,false,false,false,false,false,Driver,None,None,No,Properly used,40.00,Not Deployed,No Apparent Injury,No Observed,Marijuana Not Suspected,No Observed,Not Tested,m,Passenger Car/Passenger Van,No Special Function,false,West,Stopped in Traffic,40.00,0.00,0.00,No Contributing Action,,No apparent contributing factor,,,No Automation,,,,,,,,,,,
250045088,5/23/2025 7:45:00 PM,5/23/2025 7:45:00 PM,0.00,0.00,1.00,0.00,false,false,false,false,39.32,-104.82,3300.00,LAKE GULCH RD,,Ran off right side,0.00,1,Guardrail Face,,,,Guardrail Face,Curve Left,Uphill,Not Applicable,Dawn or dusk,Non-intersection,Dry,Clear,,false,false,false,false,false,No Vehicle Defects,Driver,None,Not Complied With,Motorcycle,Not used,No Helmet,27.00,Not Equipped,Suspected Minor Injury,Yes Observed,Marijuana Not Suspected,No Observed,Blood,m,,Motorcycle,No Special Function,false,South,Out of Control,45.00,60.00,60.00,Careless Driving,,Other Factor,,,No Automation,,,,,,,,,,,,,,,,,,,,,,,,,,,,,,,,,,,,,,,,,,,,,,,,,,,,,,,,,,,,,,,,,,,,,,,,,,,,,,,,,,,,,,,,,,,,,,,,,,,
250045112,5/23/2025 9:17:00 PM,5/23/2025 9:17:00 PM,0.00,0.00,2.00,0.00,true,false,false,false,39.52,-104.92,,QUEBEC ST,MCARTHUR RANCH RD,On-roadway,2.00,1,Front to Side,,,,Front to Side,Straight,Level,Not Applicable,Dark-lighted,At Intersection,Dry,Clear,,false,false,false,false,false,No Vehicle Defects,Driver,Complied With,None,Not Ejected/Not Applicable,Properly used,"N/A Cars, truck, etc.",16.00,Deployed at pos. and others,No Apparent Injury,No Observed,Marijuana Not Suspected,No Observed,Not Tested,m,,SUV,No Special Function,false,North,Making Left Turn,45.00,15.00,15.00,Failed to Yield ROW,,Driver Inexperience,Looked / Did Not See,,No Automation,,,,,,,,,,,,false,false,false,false,false,No Vehicle Defects,Driver,Not Complied With,None,Not Ejected/Not Applicable,Properly used,"N/A Cars, truck, etc.",27.00,Deployed at pos. only,No Apparent Injury,No Observed,Marijuana Not Suspected,No Observed,Not Tested,f,SUV,No Special Function,false,South,Going Straight,45.00,45.00,43.00,No Contributing Action,,No apparent contributing factor,,,No Automation,,,,,,,,,,,,,,,,,,,,,,,,,,,,,,,,,,,,,,,,,,,,,,,,,,,,,,