Casetrackingid,Accidentdate,Accidenttime,Numberkilled,Numberinjured,Totalvehicles,Totalnonmotorists,Juvenilesinvolvedindicator,Secondarycrashindicator,Constructionzoneindicator,Schoolzoneindicator,Latitude,Longitude,Onroadaddress,_Primarystreet,_Crossstreet,Location,Numberoflanesblocked,Laneposition,Harmfulevent1,Harmfulevent2,Harmfulevent3,Harmfulevent4,Mostharmfulevent,Roadcontourcurves,Roadcontourgrade,Approachovertakingturn,Lightingcondition,Roaddescription,Roadcondition,Weathercondition1,Weathercondition2,Hitandrun_V1,Noncontact_V1,Parked_V1,Unlicenseddriver_V1,Duiindicator_V1,Vehicledefectcondition_V1,Positioninvehicle_D1,Drivingrestrictions_D1,Drivingendorsements_D1,Ejectionpath_D1,Safetyequipmentuse_D1,Safetyequipmenthelmet_D1,Age_D1,Airbagdeployment_D1,Injuryseverity_D1,Alcoholsuspected_D1,Marijuanasuspected_D1,Otherdrugssuspected_D1,Testedforotherdrugs_D1,Personsexcode_D1,Deadatscene_D1,Vehicletype_V1,Specialfunction_V1,Emergencylightsactivated_V1,Directionoftravel_V1,Vehiclemovement_V1,Roadwayspeedlimit_V1,Estimatedvehiclespeed_V1,Driverstatedspeed_V1,Driveraction1_V1,Driveraction2_V1,Mostapprthumancontrfactor1_V1,Mostapprthumancontrfactor2_V1,Mostapprthumancontrfactor3_V1,Autonomousvehiclecapability_V1,Drivercededcontrol_V1,Nonmotoristtype_V1,Nonmotoristmovement_V1,Nonmotoristlocation_V1,Nonmotoristlegofint_V1,Nonmotoristtypeoffacility_V1,Nonmotoristaction1_V1,Nonmotoristaction2_V1,Nonmotoristcontrfctr1_V1,Nonmotoristcontrfctr2_V1,Nonmotoristcontrfctr3_V1,Hitandrun_V2,Noncontact_V2,Parked_V2,Unlicenseddriver_V2,Duiindicator_V2,Vehicledefectcondition_V2,Positioninvehicle_D2,Drivingrestrictions_D2,Drivingendorsements_D2,Ejectionpath_D2,Safetyequipmentuse_D2,Safetyequipmenthelmet_D2,Age_D2,Airbagdeployment_D2,Injuryseverity_D2,Alcoholsuspected_D2,Marijuanasuspected_D2,Otherdrugssuspected_D2,Testedforotherdrugs_D2,Personsexcode_D2,Vehicletype_V2,Specialfunction_V2,Emergencylightsactivated_V2,Directionoftravel_V2,Vehiclemovement_V2,Roadwayspeedlimit_V2,Estimatedvehiclespeed_V2,Driverstatedspeed_V2,Driveraction1_V2,Driveraction2_V2,Mostapprthumancontrfactor1_V2,Mostapprthumancontrfactor2_V2,Mostapprthumancontrfactor3_V2,Autonomousvehiclecapability_V2,Drivercededcontrol_V2,Nonmotoristtype_V2,Nonmotoristmovement_V2,Nonmotoristlocation_V2,Nonmotoristlegofint_V2,Nonmotoristtypeoffacility_V2,Nonmotoristaction1_V2,Nonmotoristaction2_V2,Nonmotoristcontrfctr1_V2,Nonmotoristcontrfctr2_V2,Nonmotoristcontrfctr3_V2,Hitandrun_V3,Noncontact_V3,Parked_V3,Unlicenseddriver_V3,Duiindicator_V3,Positioninvehicle_D3,Drivingrestrictions_D3,Drivingendorsements_D3,Ejection_D3,Safetyequipmentuse_D3,Age_D3,Airbagdeployment_D3,Injuryseverity_D3,Alcoholsuspected_D3,Marijuanasuspected_D3,Otherdrugssuspected_D3,Testedforotherdrugs_D3,Personsexcode_D3,Vehicletype_V3,Specialfunction_V3,Emergencylightsactivated_V3,Directionoftravel_V3,Vehiclemovement_V3,Roadwayspeedlimit_V3,Estimatedvehiclespeed_V3,Driverstatedspeed_V3,Driveraction1_V3,Driveraction2_V3,Mostapprthumancontrfactor1_V3,Mostapprthumancontrfactor2_V3,Mostapprthumancontrfactor3_V3,Autonomousvehiclecapability_V3,Drivercededcontrol_V3,Nonmotoristtype_V3,Nonmotoristmovement_V3,Nonmotoristlocation_V3,Nonmotoristlegofint_V3,Nonmotoristtypeoffacility_V3,Nonmotoristaction1_V3,Nonmotoristaction2_V3,Nonmotoristcontrfctr1_V3,Nonmotoristcontrfctr2_V3,Nonmotoristcontrfctr3_V3
250072892,8/18/2025 5:25:00 PM,8/18/2025 5:25:00 PM,0.00,0.00,2.00,0.00,false,false,false,false,39.53,-104.80,,LINCOLN AVE,KEYSTONE BLVD,On-roadway,0.00,2,Front to Rear,,,,Front to Rear,Straight,Level,Not Applicable,Daylight,Intersection Related,Dry,Clear,,false,false,false,false,false,No Vehicle Defects,Driver,Complied With,None,Not Ejected/Not Applicable,Properly used,"N/A Cars, truck, etc.",35.00,Not Deployed,No Apparent Injury,No Observed,Marijuana Not Suspected,No Observed,Not Tested,f,,SUV,No Special Function,false,East,Slowing,45.00,10.00,15.00,Followed Too Closely,,No apparent contributing factor,,,No Automation,,,,,,,,,,,,false,false,false,false,false,No Vehicle Defects,Driver,None,None,Not Ejected/Not Applicable,Properly used,"N/A Cars, truck, etc.",22.00,Not Deployed,No Apparent Injury,Yes Preliminary Breath Test,Marijuana Not Suspected,No Observed,Not Tested,f,SUV,No Special Function,false,East,Slowing,45.00,0.00,10.00,No Contributing Action,,No apparent contributing factor,,,No Automation,,,,,,,,,,,,,,,,,,,,,,,,,,,,,,,,,,,,,,,,,,,,,,,,,,,,,,
250073090,8/19/2025 11:19:00 AM,8/19/2025 11:19:00 AM,0.00,0.00,1.00,0.00,true,false,false,false,39.52,-104.76,11000.00,PINE DR,,On-roadway,0.00,1,Wild Animal,,,,Wild Animal,Straight,Level,Not Applicable,Daylight,Non-intersection,Dry,Clear,,false,false,false,false,false,No Vehicle Defects,Driver,Complied With,None,Not Ejected/Not Applicable,Properly used,"N/A Cars, truck, etc.",28.00,Not Deployed,No Apparent Injury,No Observed,Marijuana Not Suspected,No Observed,Not Tested,f,,SUV,No Special Function,false,North,Going Straight,40.00,35.00,35.00,No Contributing Action,,No apparent contributing factor,,,No Automation,,,,,,,,,,,,,,,,,,,,,,,,,,,,,,,,,,,,,,,,,,,,,,,,,,,,,,,,,,,,,,,,,,,,,,,,,,,,,,,,,,,,,,,,,,,,,,,,,,,
250073099,8/19/2025 11:42:00 AM,8/19/2025 11:42:00 AM,0.00,1.00,2.00,0.00,false,false,false,false,39.57,-104.69,,SAMPSON GULCH WAY,LANGDALE WAY,On-roadway,1.00,1,Front to Rear,,,,Front to Rear,Straight,Level,Not Applicable,Daylight,Non-intersection,Dry,Clear,,false,false,false,false,false,No Vehicle Defects,Driver,None,None,Not Ejected/Not Applicable,Properly used,"N/A Cars, truck, etc.",34.00,Deployed at pos. only,Suspected Minor Injury,No Observed,Marijuana Not Suspected,No Observed,Not Tested,m,,Pickup Truck/Utility Van,No Special Function,false,West,Going Straight,35.00,20.00,30.00,Followed Too Closely,,Not Observed,,,No Automation,,,,,,,,,,,,false,false,false,false,false,No Vehicle Defects,Driver,None,None,Not Ejected/Not Applicable,Properly used,"N/A Cars, truck, etc.",64.00,Not Deployed,Possible Injury,No Observed,Marijuana Not Suspected,No Observed,Not Tested,f,Passenger Car/Passenger Van,No Special Function,false,West,Slowing,35.00,10.00,30.00,No Contributing Action,,No apparent contributing factor,,,No Automation,,,,,,,,,,,,,,,,,,,,,,,,,,,,,,,,,,,,,,,,,,,,,,,,,,,,,,
250073341,8/20/2025 6:41:00 AM,8/20/2025 6:41:00 AM,0.00,0.00,1.00,0.00,false,false,false,false,39.41,-104.68,3400.00,FLINTWOOD RD,,Ran off right side,0.00,,Fence,,,,Fence,Straight,Downhill,Not Applicable,Daylight,Non-intersection,Dry,Clear,,false,false,false,false,false,No Vehicle Defects,Driver,None,None,Not Ejected/Not Applicable,Unknown,"N/A Cars, truck, etc.",31.00,Not Deployed,No Apparent Injury,No Observed,Marijuana Not Suspected,No Observed,Not Tested,m,,Passenger Car/Passenger Van,No Special Function,false,South,Going Straight,45.00,45.00,40.00,Careless Driving,,Distracted/Other Interior,,,No Automation,,,,,,,,,,,,,,,,,,,,,,,,,,,,,,,,,,,,,,,,,,,,,,,,,,,,,,,,,,,,,,,,,,,,,,,,,,,,,,,,,,,,,,,,,,,,,,,,,,,
250073375,8/20/2025 8:04:00 AM,8/20/2025 8:04:00 AM,0.00,0.00,2.00,0.00,false,false,false,false,39.54,-104.96,2850.00,HIGHLANDS RANCH PKWY,,On-roadway,0.00,2,Side to Side - Same Direction,,,,Side to Side - Same Direction,Straight,Uphill,Not Applicable,Daylight,Non-intersection,Dry,Clear,,false,false,false,false,false,No Vehicle Defects,Driver,None,None,Not Ejected/Not Applicable,Unknown,"N/A Cars, truck, etc.",58.00,Not Deployed,No Apparent Injury,No Other Method,Marijuana Not Suspected,No Other Method,Not Tested,m,,Pickup Truck/Utility Van,No Special Function,false,East,Changing lanes,45.00,55.00,,Failed to Yield ROW,,Distracted Eating / Drinking,,,Unknown,,,,,,,,,,,,false,false,false,false,false,No Vehicle Defects,Driver,None,None,Not Ejected/Not Applicable,Properly used,"N/A Cars, truck, etc.",46.00,Not Deployed,No Apparent Injury,No Observed,Marijuana Not Suspected,No Observed,Not Tested,f,SUV,No Special Function,false,East,Changing lanes,45.00,60.00,,Speeding,,Aggressive Driving,,,No Automation,,,,,,,,,,,,,,,,,,,,,,,,,,,,,,,,,,,,,,,,,,,,,,,,,,,,,,
250073668,8/20/2025 9:48:00 PM,8/20/2025 9:48:00 PM,0.00,0.00,1.00,0.00,false,false,false,false,39.35,-104.84,,LAKE GULCH RD,HAYSTACK RD,On-roadway,0.00,1,Wild Animal,,,,Wild Animal,Straight,Downhill,Not Applicable,Dark-unlighted,At Intersection,Dry,Clear,,false,false,false,false,false,No Vehicle Defects,Driver,Complied With,None,Not Ejected/Not Applicable,Properly used,"N/A Cars, truck, etc.",60.00,Not Deployed,No Apparent Injury,No Observed,Marijuana Not Suspected,No Observed,Not Tested,m,,"Medium/Heavy Trucks crossing state line, GVWR/GCWR 10,001 or over",No Special Function,false,North,Going Straight,45.00,45.00,45.00,No Contributing Action,,No apparent contributing factor,,,No Automation,,,,,,,,,,,,,,,,,,,,,,,,,,,,,,,,,,,,,,,,,,,,,,,,,,,,,,,,,,,,,,,,,,,,,,,,,,,,,,,,,,,,,,,,,,,,,,,,,,,
250073908,8/21/2025 3:26:00 PM,8/21/2025 3:26:00 PM,0.00,0.00,2.00,0.00,false,false,false,false,39.52,-104.95,10740.00,CEDAR BROOK LN,,On-roadway,1.00,1,Side to Side - Opposite Direction,,,,Side to Side - Opposite Direction,Curve Left,Level,Not Applicable,Daylight,Non-intersection,Dry,Clear,,false,false,false,false,false,No Vehicle Defects,Driver,None,None,Not Ejected/Not Applicable,Properly used,No Helmet,18.00,Not Deployed,No Apparent Injury,No Observed,Marijuana Not Suspected,No Observed,Not Tested,M,,SUV,No Special Function,false,South,Making Left Turn,25.00,20.00,15.00,Improper Turn,Failed to Yield ROW,Age / Driver Ability,,,Driver Assistance,,,,,,,,,,,,false,false,false,false,false,No Vehicle Defects,Driver,None,None,Not Ejected/Not Applicable,Properly used,"N/A Cars, truck, etc.",49.00,Not Equipped,No Apparent Injury,No Observed,Marijuana Not Suspected,No Observed,Not Tested,F,SUV,No Special Function,false,North,Entering/Leaving Parked Position,25.00,5.00,5.00,No Contributing Action,,No apparent contributing factor,,,No Automation,,,,,,,,,,,,,,,,,,,,,,,,,,,,,,,,,,,,,,,,,,,,,,,,,,,,,,
250073950,8/21/2025 5:21:00 PM,8/21/2025 5:21:00 PM,0.00,0.00,2.00,0.00,false,false,false,false,39.57,-104.94,,COUNTY LINE RD,COLORADO BLVD,On-roadway,1.00,3,Front to Rear,,,,Front to Rear,Straight,Level,Not Applicable,Daylight,Non-intersection,Dry,Clear,,true,false,false,false,false,No Vehicle Defects,Driver,None,None,Not Ejected/Not Applicable,Unknown,"N/A Cars, truck, etc.",74.00,Not Deployed,No Apparent Injury,Yes SFST,Marijuana Not Suspected,No Observed,Not Tested,M,,Passenger Car/Passenger Van,No Special Function,false,East,Slowing,45.00,5.00,5.00,Followed Too Closely,,Age / Driver Ability,,,Driver Assistance,,,,,,,,,,,,false,false,false,false,false,No Vehicle Defects,Driver,None,None,Not Ejected/Not Applicable,Properly used,"N/A Cars, truck, etc.",80.00,Not Deployed,No Apparent Injury,No Observed,Marijuana Not Suspected,No Observed,Not Tested,F,SUV,No Special Function,false,East,Stopped in Traffic,45.00,0.00,0.00,No Contributing Action,,No apparent contributing factor,,,Driver Assistance,,,,,,,,,,,,,,,,,,,,,,,,,,,,,,,,,,,,,,,,,,,,,,,,,,,,,,
250073987,8/21/2025 8:35:00 PM,8/21/2025 8:35:00 PM,0.00,0.00,2.00,0.00,true,false,false,false,39.53,-105.01,,FOOTHILLS CANYON BLVD,WILDCAT RESERVE PKWY,On-roadway,1.00,1,Front to Rear,,,,Front to Rear,Straight,Level,Not Applicable,Dark-unlighted,Intersection Related,Dry,Clear,,false,false,false,false,false,No Vehicle Defects,Driver,Complied With,None,Not Ejected/Not Applicable,Properly used,"N/A Cars, truck, etc.",17.00,Not Deployed,No Apparent Injury,No Observed,Marijuana Not Suspected,No Observed,Not Tested,M,,Passenger Car/Passenger Van,No Special Function,false,West,Going Straight,25.00,5.00,5.00,Followed Too Closely,,Looked / Did Not See,Distracted/Other Exterior,,No Automation,,,,,,,,,,,,false,false,false,false,false,No Vehicle Defects,Driver,None,None,Not Ejected/Not Applicable,Properly used,"N/A Cars, truck, etc.",49.00,Not Deployed,No Apparent Injury,No Observed,Marijuana Not Suspected,No Observed,Not Tested,f,Passenger Car/Passenger Van,No Special Function,false,West,Making Right Turn,25.00,0.00,0.00,No Contributing Action,,No apparent contributing factor,,,No Automation,,,,,,,,,,,,,,,,,,,,,,,,,,,,,,,,,,,,,,,,,,,,,,,,,,,,,,
250073989,8/21/2025 8:39:00 PM,8/21/2025 8:39:00 PM,0.00,0.00,2.00,0.00,false,false,false,false,39.54,-104.94,,UNIVERSITY BLVD,WILDCAT RESERVE PKWY,On-roadway,1.00,2,Side to Side - Same Direction,,,,Side to Side - Same Direction,Straight,Level,Not Applicable,Dark-lighted,Non-intersection,Dry,Clear,,false,false,false,false,false,No Vehicle Defects,Driver,Complied With,Complied With,Not Ejected/Not Applicable,Properly used,"N/A Cars, truck, etc.",34.00,Not Deployed,No Apparent Injury,No Observed,Marijuana Not Suspected,No Observed,Not Tested,f,,SUV,No Special Function,false,East,Changing lanes,45.00,30.00,30.00,Lane Violation,,Looked / Did Not See,,,No Automation,,,,,,,,,,,,false,false,false,false,false,No Vehicle Defects,Driver,None,None,Not Ejected/Not Applicable,Properly used,"N/A Cars, truck, etc.",44.00,Not Deployed,No Apparent Injury,No Observed,Marijuana Not Suspected,No Observed,Not Tested,f,SUV,No Special Function,false,East,Going Straight,45.00,30.00,30.00,No Contributing Action,,No apparent contributing factor,,,No Automation,,,,,,,,,,,,,,,,,,,,,,,,,,,,,,,,,,,,,,,,,,,,,,,,,,,,,,
250074156,8/22/2025 11:38:00 AM,8/22/2025 11:38:00 AM,0.00,0.00,2.00,0.00,true,false,false,false,39.52,-104.93,,MCARTHUR RANCH RD,WAGON BOX CIR (W),On-roadway,1.00,2,Front to Rear,,,,Front to Rear,Straight,Level,Not Applicable,Daylight,At Intersection,Dry,Clear,,false,false,false,false,false,No Vehicle Defects,Driver,Complied With,None,Not Ejected/Not Applicable,Properly used,"N/A Cars, truck, etc.",17.00,Not Deployed,No Apparent Injury,No Observed,Marijuana Not Suspected,No Observed,Not Tested,f,,SUV,No Special Function,false,West,Slowing,40.00,20.00,25.00,Careless Driving,,Driver Inexperience,,,No Automation,,,,,,,,,,,,false,false,false,false,,No Vehicle Defects,Driver,Complied With,None,Not Ejected/Not Applicable,Properly used,"N/A Cars, truck, etc.",17.00,Not Deployed,No Apparent Injury,No Observed,Marijuana Not Suspected,No Observed,Not Tested,f,Passenger Car/Passenger Van,No Special Function,false,West,Stopped in Traffic,40.00,0.00,0.00,No Contributing Action,,No apparent contributing factor,,,No Automation,,,,,,,,,,,,,,,,,,,,,,,,,,,,,,,,,,,,,,,,,,,,,,,,,,,,,,
250074160,8/22/2025 12:14:00 PM,8/22/2025 12:14:00 PM,0.00,0.00,1.00,0.00,false,false,false,false,39.44,-104.67,11478.00,HILLTOP RD,,Ran off right side,0.00,1,Fence,Fence,Fence,,Fence,Curve Left,Hill Crest,Not Applicable,Daylight,Non-intersection,Dry,Clear,,true,false,false,,,,,,,,,,,,,,,,,,,Unknown Hit & Run Only,No Special Function,false,South,Other,45.00,60.00,,Careless Driving,,No apparent contributing factor,,,Unknown,,,,,,,,,,,,,,,,,,,,,,,,,,,,,,,,,,,,,,,,,,,,,,,,,,,,,,,,,,,,,,,,,,,,,,,,,,,,,,,,,,,,,,,,,,,,,,,,,,,
250074272,8/22/2025 4:10:00 PM,8/22/2025 4:10:00 PM,0.00,0.00,3.00,0.00,false,false,false,false,39.55,-104.94,,UNIVERSITY BLVD,HIGHLANDS RANCH PKWY,On-roadway,0.00,3,Front to Rear,Front to Rear,,,Front to Rear,Straight,Level,Not Applicable,Daylight,At Intersection,Dry,Clear,,false,false,false,false,false,No Vehicle Defects,Driver,None,None,Not Ejected/Not Applicable,Properly used,"N/A Cars, truck, etc.",21.00,Not Deployed,No Apparent Injury,No Observed,Marijuana Not Suspected,No Observed,Not Tested,m,,SUV,No Special Function,false,West,Going Straight,45.00,20.00,20.00,Followed Too Closely,,Distracted/Other Interior,,,Driver Assistance,,,,,,,,,,,,false,false,false,false,false,No Vehicle Defects,Driver,None,None,Not Ejected/Not Applicable,Properly used,"N/A Cars, truck, etc.",41.00,Not Deployed,No Apparent Injury,No Observed,Marijuana Not Suspected,No Observed,Not Tested,f,SUV,No Special Function,false,West,Stopped in Traffic,45.00,0.00,0.00,No Contributing Action,,No apparent contributing factor,,,Driver Assistance,,,,,,,,,,,,false,false,false,false,false,Driver,None,None,No,Properly used,49.00,Not Deployed,No Apparent Injury,No Observed,Marijuana Not Suspected,No Observed,Not Tested,f,Passenger Car/Passenger Van,No Special Function,false,West,Stopped in Traffic,45.00,0.00,0.00,No Contributing Action,,No apparent contributing factor,,,No Automation,,,,,,,,,,,
250074301,8/22/2025 5:45:00 PM,8/22/2025 5:45:00 PM,0.00,0.00,2.00,0.00,true,false,false,false,39.57,-104.91,,COUNTY LINE RD,QUEBEC ST,On-roadway,1.00,4,Front to Rear,,,,Front to Rear,Straight,Level,Not Applicable,Daylight,Non-intersection,Dry,Cloudy,,false,false,false,false,false,No Vehicle Defects,Driver,Complied With,None,Not Ejected/Not Applicable,Properly used,"N/A Cars, truck, etc.",81.00,Not Deployed,No Apparent Injury,No Observed,Marijuana Not Suspected,No Observed,Not Tested,f,,Passenger Car/Passenger Van,No Special Function,false,East,Stopped in Traffic,45.00,1.00,1.00,Careless Driving,,Other Factor,,,No Automation,,,,,,,,,,,,false,false,false,false,false,No Vehicle Defects,Driver,None,None,Not Ejected/Not Applicable,Properly used,"N/A Cars, truck, etc.",44.00,Not Deployed,No Apparent Injury,No Observed,Marijuana Not Suspected,No Observed,Not Tested,m,SUV,No Special Function,false,East,Stopped in Traffic,45.00,0.00,0.00,No Contributing Action,,No apparent contributing factor,,,No Automation,,,,,,,,,,,,,,,,,,,,,,,,,,,,,,,,,,,,,,,,,,,,,,,,,,,,,,
250074576,8/23/2025 4:35:00 PM,8/23/2025 4:35:00 PM,0.00,0.00,2.00,0.00,true,false,false,false,39.56,-104.94,,VENNEFORD RANCH RD,MALLARD WAY,,1.00,1,Overturning/Rollover,Front to Rear,,,Front to Rear,Straight,Level,Not Applicable,Daylight,At Intersection,Dry,Clear,,false,false,false,false,false,No Vehicle Defects,Driver,None,None,Not Ejected/Not Applicable,Properly used,"N/A Cars, truck, etc.",25.00,Not Deployed,No Apparent Injury,No Observed,Marijuana Not Suspected,No Observed,Not Tested,f,,SUV,No Special Function,false,East,Going Straight,35.00,30.00,30.00,Followed Too Closely,,Looked / Did Not See,,,No Automation,,,,,,,,,,,,false,false,false,false,false,No Vehicle Defects,Driver,None,None,Not Ejected/Not Applicable,Properly used,"N/A Cars, truck, etc.",46.00,Not Deployed,No Apparent Injury,No Observed,Marijuana Not Suspected,No Observed,Not Tested,f,SUV,No Special Function,false,East,Making Left Turn,35.00,10.00,10.00,Impeded Traffic,,Other Factor,,,No Automation,,,,,,,,,,,,,,,,,,,,,,,,,,,,,,,,,,,,,,,,,,,,,,,,,,,,,,
250074584,8/23/2025 5:01:00 PM,8/23/2025 5:01:00 PM,0.00,1.00,2.00,0.00,false,false,false,false,39.48,-104.92,7800.00,DANIELS PARK RD,,On-roadway,0.00,1,Front to Side,,,,Front to Side,Straight,Level,Overtaking Turn,Daylight,Non-intersection,Dry,Clear,,false,false,false,false,false,No Vehicle Defects,Driver,Compliance Not Known,None,Not Ejected/Not Applicable,Not used,"N/A Cars, truck, etc.",28.00,Not Deployed,No Apparent Injury,No Observed,Marijuana Not Suspected,No Observed,Not Tested,m,,SUV,No Special Function,false,North,Making U-Turn,25.00,10.00,5.00,Improper Turn,,Looked / Did Not See,,,No Automation,,,,,,,,,,,,false,false,false,false,false,No Vehicle Defects,Driver,Complied With,Complied With,Motorcycle,Properly used,Helmet Properly Used,23.00,Not Equipped,Suspected Minor Injury,No Observed,Marijuana Not Suspected,No Observed,Not Tested,m,Motorcycle,No Special Function,false,North,Going Straight,25.00,20.00,20.00,No Contributing Action,,No apparent contributing factor,,,No Automation,,,,,,,,,,,,,,,,,,,,,,,,,,,,,,,,,,,,,,,,,,,,,,,,,,,,,,
250074589,8/23/2025 6:01:00 PM,8/23/2025 6:01:00 PM,0.00,0.00,2.00,0.00,false,false,false,false,39.56,-104.80,8545.00,BLUE GRASS CIR,,Ran off right side,0.00,1,Front to Front,,,,Front to Front,Straight,Level,Not Applicable,Daylight,Driveway Access Related,Dry,Clear,,true,false,false,false,false,No Vehicle Defects,,,,,,,,,,,,,,,,Passenger Car/Passenger Van,No Special Function,false,South,Going Straight,25.00,15.00,,No Contributing Action,,Not Observed,,,No Automation,,,,,,,,,,,,false,false,true,,,,,,,,,,,,,,,,,,SUV,No Special Function,false,South,Parked,,,,,,,,,,,,,,,,,,,,,,,,,,,,,,,,,,,,,,,,,,,,,,,,,,,,,,,,,,,,,,,
250074618,8/23/2025 8:16:00 PM,8/23/2025 8:16:00 PM,0.00,0.00,1.00,0.00,false,false,false,false,39.44,-104.80,5596.00,RAINTREE DR,,Ran off right side,0.00,,Mailbox,,,,Mailbox,Curve Right,Level,Not Applicable,Dark-unlighted,Non-intersection,Dry,Clear,,true,false,false,,,,,,,,,,,,,,,,,,,Pickup Truck/Utility Van,No Special Function,false,North,Negotiating a Curve,25.00,25.00,,Lane Violation,,Not Observed,,,No Automation,,,,,,,,,,,,,,,,,,,,,,,,,,,,,,,,,,,,,,,,,,,,,,,,,,,,,,,,,,,,,,,,,,,,,,,,,,,,,,,,,,,,,,,,,,,,,,,,,,,
250074757,8/24/2025 10:26:00 AM,8/24/2025 10:26:00 AM,0.00,0.00,2.00,0.00,true,false,false,false,39.54,-104.94,,GRACE BLVD,WILDCAT RESERVE PKWY,On-roadway,0.00,2,Front to Rear,Side to Side - Same Direction,,,Front to Rear,Straight,Level,Not Applicable,Daylight,Intersection Related,Dry,Clear,,false,false,false,false,false,No Vehicle Defects,Driver,None,None,Not Ejected/Not Applicable,Properly used,"N/A Cars, truck, etc.",17.00,Not Deployed,No Apparent Injury,No Observed,Marijuana Not Suspected,No Observed,Not Tested,f,,Passenger Car/Passenger Van,No Special Function,false,East,Backing,30.00,5.00,5.00,Improper Backing,,Driver Inexperience,,,No Automation,,,,,,,,,,,,false,false,false,false,false,No Vehicle Defects,Driver,None,None,Not Ejected/Not Applicable,Properly used,"N/A Cars, truck, etc.",38.00,Not Deployed,No Apparent Injury,No Observed,Marijuana Not Suspected,No Observed,Not Tested,f,Passenger Car/Passenger Van,No Special Function,false,East,Stopped in Traffic,30.00,0.00,0.00,No Contributing Action,,No apparent contributing factor,,,No Automation,,,,,,,,,,,,,,,,,,,,,,,,,,,,,,,,,,,,,,,,,,,,,,,,,,,,,,
250074809,8/24/2025 2:18:00 PM,8/24/2025 2:18:00 PM,0.00,1.00,1.00,0.00,false,false,false,false,39.48,-105.06,8400.00,WATERTON RD,,Ran off left side,1.00,,Embankment,,,,Embankment,Curve Left,Level,Not Applicable,Daylight,Non-intersection,Dry,Clear,,false,false,false,false,false,No Vehicle Defects,Driver,Complied With,None,Not Ejected/Not Applicable,Properly used,"N/A Cars, truck, etc.",18.00,Deployed at pos. only,Suspected Minor Injury,No Observed,Marijuana Not Suspected,No Observed,Not Tested,m,,Passenger Car/Passenger Van,No Special Function,false,East,Negotiating a Curve,40.00,40.00,40.00,Careless Driving,Lane Violation,Manipulating Electronic Device,,,No Automation,,,,,,,,,,,,,,,,,,,,,,,,,,,,,,,,,,,,,,,,,,,,,,,,,,,,,,,,,,,,,,,,,,,,,,,,,,,,,,,,,,,,,,,,,,,,,,,,,,,
250074825,8/24/2025 2:10:00 PM,8/24/2025 2:10:00 PM,0.00,1.00,1.00,1.00,true,false,false,false,39.53,-104.99,,WILDCAT RESERVE PKWY,GRAYFEATHER WAY,On-roadway,0.00,1,Bicycle / Motorized Bicycle,,,,Bicycle / Motorized Bicycle,Straight,Uphill,Not Applicable,Daylight,At Intersection,Dry,Clear,,false,false,false,false,false,No Vehicle Defects,Driver,None,None,Not Ejected/Not Applicable,Properly used,"N/A Cars, truck, etc.",35.00,Not Deployed,No Apparent Injury,No Observed,Marijuana Not Suspected,No Observed,Not Tested,f,,SUV,No Special Function,false,South,Making Right Turn,25.00,5.00,4.00,Failed to Yield ROW,,Distracted/Other Interior,,,No Automation,,Bicyclist,Slowing,Marked Bicycle Lane,East,Marked Bicycle Lane,Traveling on sidewalk against traffic,,,,,,,,,,,,,,,,Helmet Properly Used,16.00,,Suspected Minor Injury,No Observed,Marijuana Not Suspected,No Observed,Not Tested,m,,,,,,,,,,,,,,,,,,,,,,,,,,,,,,,,,,,,,,,,,,,,,,,,,,,,,,,,,,,,,,,,,,,,
250074862,8/24/2025 4:54:00 PM,8/24/2025 4:54:00 PM,0.00,2.00,1.00,0.00,true,false,false,false,39.29,-104.77,4900.00,LAKE GULCH RD,,Ran off right side,0.00,1,Embankment,Overturning/Rollover,,,Overturning/Rollover,Curve Left,Uphill,Not Applicable,Daylight,Non-intersection,Wet,Rain,,false,false,false,false,false,No Vehicle Defects,Driver,None,None,Not Ejected/Not Applicable,Properly used,"N/A Cars, truck, etc.",26.00,Deployed at pos. and others,Suspected Minor Injury,No Observed,Marijuana Not Suspected,No Observed,Not Tested,m,,Pickup Truck/Utility Van,No Special Function,false,West,Negotiating a Curve,45.00,45.00,,Careless Driving,,Not Observed,Distracted/Other Interior,,No Automation,,,,,,,,,,,,,,,,,,,,,,,,,,,,,,,,,,,,,,,,,,,,,,,,,,,,,,,,,,,,,,,,,,,,,,,,,,,,,,,,,,,,,,,,,,,,,,,,,,,
250074866,8/24/2025 5:17:00 PM,8/24/2025 5:17:00 PM,0.00,0.00,2.00,0.00,true,false,false,false,39.57,-104.99,,BROADWAY,COUNTY LINE RD,On-roadway,4.00,1,Front to Front,,,,Front to Front,Straight,Level,Not Applicable,Daylight,At Intersection,Dry,Cloudy,,false,false,false,false,false,No Vehicle Defects,Driver,Complied With,Complied With,Not Ejected/Not Applicable,Properly used,"N/A Cars, truck, etc.",16.00,Deployed at pos. only,No Apparent Injury,No Observed,Marijuana Not Suspected,No Observed,Not Tested,f,,Passenger Car/Passenger Van,No Special Function,false,West,Making Left Turn,45.00,20.00,20.00,Failed to Yield ROW,,Looked / Did Not See,,,No Automation,,,,,,,,,,,,false,false,false,false,false,No Vehicle Defects,Driver,None,None,Not Ejected/Not Applicable,Properly used,"N/A Cars, truck, etc.",59.00,Deployed at pos. only,Possible Injury,No Observed,Marijuana Not Suspected,No Observed,Not Tested,m,SUV,No Special Function,false,East,Going Straight,45.00,45.00,,No Contributing Action,,No apparent contributing factor,,,No Automation,,,,,,,,,,,,,,,,,,,,,,,,,,,,,,,,,,,,,,,,,,,,,,,,,,,,,,