Casetrackingid,Accidentdate,Accidenttime,Numberkilled,Numberinjured,Totalvehicles,Totalnonmotorists,Juvenilesinvolvedindicator,Secondarycrashindicator,Constructionzoneindicator,Schoolzoneindicator,Latitude,Longitude,Onroadaddress,_Primarystreet,_Crossstreet,Location,Numberoflanesblocked,Laneposition,Harmfulevent1,Harmfulevent2,Harmfulevent3,Harmfulevent4,Mostharmfulevent,Roadcontourcurves,Roadcontourgrade,Approachovertakingturn,Lightingcondition,Roaddescription,Roadcondition,Weathercondition1,Weathercondition2,Hitandrun_V1,Noncontact_V1,Parked_V1,Unlicenseddriver_V1,Duiindicator_V1,Vehicledefectcondition_V1,Positioninvehicle_D1,Drivingrestrictions_D1,Drivingendorsements_D1,Ejectionpath_D1,Safetyequipmentuse_D1,Safetyequipmenthelmet_D1,Age_D1,Airbagdeployment_D1,Injuryseverity_D1,Alcoholsuspected_D1,Marijuanasuspected_D1,Otherdrugssuspected_D1,Testedforotherdrugs_D1,Personsexcode_D1,Deadatscene_D1,Vehicletype_V1,Specialfunction_V1,Emergencylightsactivated_V1,Directionoftravel_V1,Vehiclemovement_V1,Roadwayspeedlimit_V1,Estimatedvehiclespeed_V1,Driverstatedspeed_V1,Driveraction1_V1,Driveraction2_V1,Mostapprthumancontrfactor1_V1,Mostapprthumancontrfactor2_V1,Mostapprthumancontrfactor3_V1,Autonomousvehiclecapability_V1,Drivercededcontrol_V1,Nonmotoristtype_V1,Nonmotoristmovement_V1,Nonmotoristlocation_V1,Nonmotoristlegofint_V1,Nonmotoristtypeoffacility_V1,Nonmotoristaction1_V1,Nonmotoristaction2_V1,Nonmotoristcontrfctr1_V1,Nonmotoristcontrfctr2_V1,Nonmotoristcontrfctr3_V1,Hitandrun_V2,Noncontact_V2,Parked_V2,Unlicenseddriver_V2,Duiindicator_V2,Vehicledefectcondition_V2,Positioninvehicle_D2,Drivingrestrictions_D2,Drivingendorsements_D2,Ejectionpath_D2,Safetyequipmentuse_D2,Safetyequipmenthelmet_D2,Age_D2,Airbagdeployment_D2,Injuryseverity_D2,Alcoholsuspected_D2,Marijuanasuspected_D2,Otherdrugssuspected_D2,Testedforotherdrugs_D2,Personsexcode_D2,Vehicletype_V2,Specialfunction_V2,Emergencylightsactivated_V2,Directionoftravel_V2,Vehiclemovement_V2,Roadwayspeedlimit_V2,Estimatedvehiclespeed_V2,Driverstatedspeed_V2,Driveraction1_V2,Driveraction2_V2,Mostapprthumancontrfactor1_V2,Mostapprthumancontrfactor2_V2,Mostapprthumancontrfactor3_V2,Autonomousvehiclecapability_V2,Drivercededcontrol_V2,Nonmotoristtype_V2,Nonmotoristmovement_V2,Nonmotoristlocation_V2,Nonmotoristlegofint_V2,Nonmotoristtypeoffacility_V2,Nonmotoristaction1_V2,Nonmotoristaction2_V2,Nonmotoristcontrfctr1_V2,Nonmotoristcontrfctr2_V2,Nonmotoristcontrfctr3_V2,Hitandrun_V3,Noncontact_V3,Parked_V3,Unlicenseddriver_V3,Duiindicator_V3,Positioninvehicle_D3,Drivingrestrictions_D3,Drivingendorsements_D3,Ejection_D3,Safetyequipmentuse_D3,Age_D3,Airbagdeployment_D3,Injuryseverity_D3,Alcoholsuspected_D3,Marijuanasuspected_D3,Otherdrugssuspected_D3,Testedforotherdrugs_D3,Personsexcode_D3,Vehicletype_V3,Specialfunction_V3,Emergencylightsactivated_V3,Directionoftravel_V3,Vehiclemovement_V3,Roadwayspeedlimit_V3,Estimatedvehiclespeed_V3,Driverstatedspeed_V3,Driveraction1_V3,Driveraction2_V3,Mostapprthumancontrfactor1_V3,Mostapprthumancontrfactor2_V3,Mostapprthumancontrfactor3_V3,Autonomousvehiclecapability_V3,Drivercededcontrol_V3,Nonmotoristtype_V3,Nonmotoristmovement_V3,Nonmotoristlocation_V3,Nonmotoristlegofint_V3,Nonmotoristtypeoffacility_V3,Nonmotoristaction1_V3,Nonmotoristaction2_V3,Nonmotoristcontrfctr1_V3,Nonmotoristcontrfctr2_V3,Nonmotoristcontrfctr3_V3
250077028,8/30/2025 6:26:00 PM,8/30/2025 6:26:00 PM,0.00,1.00,1.00,0.00,false,false,false,false,39.13,-104.91,15500.00,PERRY PARK RD,,Ran off right side,1.00,1,Ditch,Overturning/Rollover,Ground,,Overturning/Rollover,Curve Left,Downhill,Not Applicable,Daylight,Non-intersection,Dry,Cloudy,,false,false,false,false,false,No Vehicle Defects,Driver,None,Complied With,Motorcycle,Properly used,Helmet Properly Used,28.00,Not Equipped,Suspected Serious Injury,No Observed,Marijuana Suspected,No Observed,Not Tested,m,,Motorcycle,No Special Function,false,North,Negotiating a Curve,35.00,35.00,,Too Fast For Conditions,,Not Observed,,,No Automation,,,,,,,,,,,,,,,,,,,,,,,,,,,,,,,,,,,,,,,,,,,,,,,,,,,,,,,,,,,,,,,,,,,,,,,,,,,,,,,,,,,,,,,,,,,,,,,,,,,
250077550,9/1/2025 12:17:00 PM,9/1/2025 12:17:00 PM,0.00,0.00,2.00,0.00,true,false,false,false,39.37,-104.68,565.00,FLINTWOOD RD,,On-roadway,0.00,1,Front to Side,,,,Front to Side,Straight,Downhill,Approach Turn,Daylight,Intersection Related,Dry,Clear,,false,false,false,false,false,No Vehicle Defects,Driver,None,None,Not Ejected/Not Applicable,Properly used,"N/A Cars, truck, etc.",35.00,Not Deployed,No Apparent Injury,No Observed,Marijuana Not Suspected,No Observed,Not Tested,f,,Pickup Truck/Utility Van,No Special Function,false,West,Making U-Turn,40.00,2.00,2.00,Careless Driving,,Aggressive Driving,,,No Automation,,,,,,,,,,,,false,false,false,false,false,No Vehicle Defects,Driver,None,None,Not Ejected/Not Applicable,Properly used,"N/A Cars, truck, etc.",17.00,Not Deployed,No Apparent Injury,No Observed,Marijuana Not Suspected,No Observed,Not Tested,m,Passenger Car/Passenger Van,No Special Function,false,North,Swerve/Avoidance,40.00,30.00,30.00,No Contributing Action,,No apparent contributing factor,,,No Automation,,,,,,,,,,,,,,,,,,,,,,,,,,,,,,,,,,,,,,,,,,,,,,,,,,,,,,
250077696,9/1/2025 8:29:00 PM,9/1/2025 8:29:00 PM,0.00,0.00,1.00,0.00,true,false,false,false,39.53,-104.98,-900.00,WILDCAT RESERVE PKWY,,On-roadway,0.00,1,Wild Animal,,,,Wild Animal,Straight,Grade - Unknown,Not Applicable,Dark-lighted,Non-intersection,Dry,Clear,,false,false,false,false,false,No Vehicle Defects,Driver,Complied With,None,Not Ejected/Not Applicable,Properly used,"N/A Cars, truck, etc.",17.00,Not Deployed,No Apparent Injury,No Observed,Marijuana Not Suspected,No Observed,Not Tested,m,,SUV,No Special Function,false,West,Going Straight,45.00,45.00,,Careless Driving,,Looked / Did Not See,Driver Inexperience,,No Automation,,,,,,,,,,,,,,,,,,,,,,,,,,,,,,,,,,,,,,,,,,,,,,,,,,,,,,,,,,,,,,,,,,,,,,,,,,,,,,,,,,,,,,,,,,,,,,,,,,,
250077732,9/2/2025 7:00:00 AM,9/2/2025 7:00:00 AM,0.00,0.00,1.00,0.00,false,false,false,false,39.51,-104.92,120000.00,MONARCH BLVD,,On-roadway,0.00,1,Wild Animal,,,,Wild Animal,Straight,Level,Not Applicable,Dark-unlighted,Non-intersection,Dry,Clear,,false,false,false,false,false,No Vehicle Defects,Driver,None,None,Not Ejected/Not Applicable,Properly used,"N/A Cars, truck, etc.",26.00,Not Deployed,No Apparent Injury,No Observed,Marijuana Not Suspected,No Observed,Not Tested,m,,SUV,No Special Function,false,North,Going Straight,45.00,40.00,40.00,No Contributing Action,,No apparent contributing factor,,,No Automation,,,,,,,,,,,,,,,,,,,,,,,,,,,,,,,,,,,,,,,,,,,,,,,,,,,,,,,,,,,,,,,,,,,,,,,,,,,,,,,,,,,,,,,,,,,,,,,,,,,
250077736,9/2/2025 1:37:00 AM,9/2/2025 1:37:00 AM,0.00,0.00,1.00,0.00,false,false,false,false,39.50,-104.85,15000.00,HESS RD,,On-roadway,0.00,0,Wild Animal,,,,Wild Animal,Curve Right,Level,Not Applicable,Dark-unlighted,Non-intersection,Dry,Clear,,false,false,false,false,false,No Vehicle Defects,Driver,None,None,Not Ejected/Not Applicable,Properly used,"N/A Cars, truck, etc.",33.00,Deployed at pos. and others,No Apparent Injury,No Observed,Marijuana Not Suspected,No Observed,Not Tested,m,,Pickup Truck/Utility Van,No Special Function,false,East,Going Straight,55.00,55.00,,No Contributing Action,,No apparent contributing factor,,,No Automation,,,,,,,,,,,,,,,,,,,,,,,,,,,,,,,,,,,,,,,,,,,,,,,,,,,,,,,,,,,,,,,,,,,,,,,,,,,,,,,,,,,,,,,,,,,,,,,,,,,
250077767,9/2/2025 7:53:00 AM,9/2/2025 7:53:00 AM,0.00,1.00,2.00,0.00,false,false,false,false,39.53,-105.02,9600.00,HIGHLANDS RANCH PKWY,,On-roadway,1.00,2,Front to Side,,,,Front to Side,Curve Left,Uphill,Not Applicable,Daylight,Non-intersection,Dry,Clear,,false,false,false,false,false,No Vehicle Defects,Driver,None,None,Not Ejected/Not Applicable,Properly used,"N/A Cars, truck, etc.",37.00,Not Deployed,No Apparent Injury,No Observed,Marijuana Not Suspected,No Observed,Not Tested,m,,SUV,Police,true,East,Making U-Turn,45.00,15.00,15.00,Turned from Wrong Lane or Position,,Looked / Did Not See,,,Driver Assistance,,,,,,,,,,,,false,false,false,false,false,No Vehicle Defects,Driver,Complied With,None,Not Ejected/Not Applicable,Properly used,"N/A Cars, truck, etc.",49.00,"Not deployed at pos., deployed at others",No Apparent Injury,No Observed,Marijuana Not Suspected,No Observed,Not Tested,m,Passenger Car/Passenger Van,No Special Function,false,East,Going Straight,45.00,30.00,20.00,No Contributing Action,,No apparent contributing factor,,,No Automation,,,,,,,,,,,,,,,,,,,,,,,,,,,,,,,,,,,,,,,,,,,,,,,,,,,,,,
250077886,9/2/2025 12:03:00 PM,9/2/2025 12:03:00 PM,0.00,0.00,2.00,0.00,false,false,false,false,39.56,-104.90,,QUEBEC ST,PARK MEADOWS DR,On-roadway,0.00,2,Side to Side - Same Direction,,,,Side to Side - Same Direction,Straight,Level,Not Applicable,Daylight,At Intersection,Dry,Clear,,false,false,false,false,false,No Vehicle Defects,Driver,None,None,Not Ejected/Not Applicable,Properly used,"N/A Cars, truck, etc.",48.00,Not Deployed,No Apparent Injury,No Observed,Marijuana Not Suspected,No Observed,Not Tested,f,,SUV,No Special Function,false,South,Going Straight,45.00,20.00,20.00,Lane Violation,,Looked / Did Not See,,,No Automation,,,,,,,,,,,,false,false,false,false,false,No Vehicle Defects,Driver,None,None,Not Ejected/Not Applicable,Properly used,"N/A Cars, truck, etc.",75.00,Not Deployed,No Apparent Injury,No Observed,Marijuana Not Suspected,No Observed,Not Tested,m,SUV,No Special Function,false,South,Going Straight,45.00,20.00,20.00,Lane Violation,,Looked / Did Not See,,,No Automation,,,,,,,,,,,,,,,,,,,,,,,,,,,,,,,,,,,,,,,,,,,,,,,,,,,,,,
250077960,9/2/2025 1:38:00 PM,9/2/2025 1:38:00 PM,0.00,0.00,2.00,0.00,false,false,false,false,39.56,-104.99,,CENTENNIAL BLVD,BROADWAY,On-roadway,0.00,2,Front to Side,,,,Front to Side,Straight,Level,Not Applicable,Daylight,Driveway Access Related,Dry,Clear,,false,false,false,false,false,No Vehicle Defects,Driver,None,None,Not Ejected/Not Applicable,Properly used,"N/A Cars, truck, etc.",42.00,Not Deployed,No Apparent Injury,No Observed,Marijuana Not Suspected,No Observed,Not Tested,f,,SUV,No Special Function,false,North,Making Right Turn,35.00,20.00,20.00,Improper Turn,,Looked / Did Not See,,,No Automation,,,,,,,,,,,,false,false,false,false,false,No Vehicle Defects,Driver,None,None,Not Ejected/Not Applicable,Properly used,"N/A Cars, truck, etc.",20.00,Not Deployed,No Apparent Injury,No Observed,Marijuana Not Suspected,No Observed,Not Tested,f,Passenger Car/Passenger Van,No Special Function,false,South,Making Left Turn,35.00,10.00,10.00,Improper Turn,,Looked / Did Not See,,,No Automation,,,,,,,,,,,,,,,,,,,,,,,,,,,,,,,,,,,,,,,,,,,,,,,,,,,,,,
250078059,9/2/2025 4:39:00 PM,9/2/2025 4:39:00 PM,0.00,0.00,2.00,0.00,false,false,false,false,39.47,-105.07,7665.00,BROWN BEAR WAY,,On-roadway,0.00,,Parked Motor Vehicle,,,,Parked Motor Vehicle,Straight,Level,Not Applicable,Daylight,Non-intersection,Dry,Clear,,false,false,false,false,false,No Vehicle Defects,Driver,Complied With,None,Not Ejected/Not Applicable,Properly used,"N/A Cars, truck, etc.",78.00,Not Deployed,No Apparent Injury,No Observed,Marijuana Not Suspected,No Observed,Not Tested,f,,SUV,No Special Function,false,South,Weaving,25.00,20.00,20.00,Careless Driving,,Manipulating Electronic Device,,,No Automation,,,,,,,,,,,,false,false,true,,,,,,,,,,,,,,,,,,SUV,No Special Function,false,South,Parked,,,,,,,,,,,,,,,,,,,,,,,,,,,,,,,,,,,,,,,,,,,,,,,,,,,,,,,,,,,,,,,
250078198,9/3/2025 8:07:00 AM,9/3/2025 8:07:00 AM,0.00,0.00,2.00,0.00,true,false,false,false,39.54,-104.94,,GRACE BLVD,SABLE RUN,,1.00,1,Front to Side,,,,Front to Side,Straight,Level,Not Applicable,Daylight,At Intersection,Dry,Clear,,false,false,false,false,false,No Vehicle Defects,Driver,None,None,Not Ejected/Not Applicable,Properly used,"N/A Cars, truck, etc.",31.00,Not Deployed,No Apparent Injury,No Observed,Marijuana Not Suspected,No Observed,Not Tested,f,,SUV,No Special Function,false,South,Making Left Turn,25.00,10.00,5.00,Failed to Yield ROW,,Looked / Did Not See,,,No Automation,,,,,,,,,,,,false,false,false,false,false,No Vehicle Defects,Driver,None,None,Not Ejected/Not Applicable,Properly used,"N/A Cars, truck, etc.",17.00,Not Deployed,No Apparent Injury,No Observed,Marijuana Not Suspected,No Observed,Not Tested,m,SUV,No Special Function,false,West,Going Straight,30.00,25.00,25.00,No Contributing Action,,No apparent contributing factor,,,No Automation,,,,,,,,,,,,,,,,,,,,,,,,,,,,,,,,,,,,,,,,,,,,,,,,,,,,,,
250078345,9/3/2025 12:55:00 PM,9/3/2025 12:55:00 PM,0.00,0.00,2.00,0.00,true,false,false,false,39.53,-104.81,,CHAMBERS RD,COSMOPOLITAN CIR(N),On-roadway,2.00,1,Front to Rear,Curb,,,Front to Rear,Curve Left,Downhill,Not Applicable,Daylight,Intersection Related,Dry,Clear,,false,false,false,false,false,No Vehicle Defects,Driver,Not Complied With,None,Not Ejected/Not Applicable,Properly used,"N/A Cars, truck, etc.",16.00,Deployed at pos. only,Possible Injury,No Observed,Marijuana Not Suspected,No Observed,Not Tested,m,,SUV,No Special Function,false,South,Swerve/Avoidance,45.00,57.00,50.00,Speeding,Improper Passing on Right,Driver Inexperience,Aggressive Driving,,Partial Automation,,,,,,,,,,,,false,false,false,false,false,No Vehicle Defects,Driver,None,None,Not Ejected/Not Applicable,Properly used,"N/A Cars, truck, etc.",51.00,Not Deployed,Possible Injury,No Observed,Marijuana Not Suspected,No Observed,Not Tested,f,Passenger Car/Passenger Van,No Special Function,false,South,Making Right Turn,45.00,15.00,30.00,Turned from Wrong Lane or Position,,Looked / Did Not See,,,No Automation,,,,,,,,,,,,,,,,,,,,,,,,,,,,,,,,,,,,,,,,,,,,,,,,,,,,,,
250078479,9/3/2025 5:32:00 PM,9/3/2025 5:32:00 PM,0.00,0.00,2.00,0.00,false,false,false,false,39.54,-104.91,,QUEBEC ST,TIMBERLINE RD,On-roadway,0.00,1,Front to Side,Curb,,,Front to Side,Straight,Uphill,Not Applicable,Daylight,At Intersection,Dry,Clear,,false,false,false,false,false,No Vehicle Defects,Driver,None,None,Not Ejected/Not Applicable,Properly used,"N/A Cars, truck, etc.",71.00,Not Deployed,No Apparent Injury,No Observed,Marijuana Not Suspected,No Observed,Not Tested,m,,Passenger Car/Passenger Van,No Special Function,false,North,Making Left Turn,45.00,15.00,,Careless Driving,Failed to Yield ROW,Other Factor,,,Driver Assistance,,,,,,,,,,,,false,false,false,false,false,No Vehicle Defects,Driver,None,None,Not Ejected/Not Applicable,Properly used,"N/A Cars, truck, etc.",31.00,Deployed at pos. and others,Possible Injury,No Observed,Marijuana Not Suspected,No Observed,Not Tested,f,Passenger Car/Passenger Van,No Special Function,false,South,Going Straight,45.00,45.00,,No Contributing Action,,No apparent contributing factor,,,Driver Assistance,,,,,,,,,,,,,,,,,,,,,,,,,,,,,,,,,,,,,,,,,,,,,,,,,,,,,,
250078537,9/3/2025 9:32:00 PM,9/3/2025 9:32:00 PM,0.00,0.00,2.00,0.00,true,false,false,false,39.55,-104.91,9290.00,QUEBEC ST,,On-roadway,1.00,2,Side to Side - Same Direction,,,,Side to Side - Same Direction,Straight,Level,Not Applicable,Dark-lighted,Non-intersection,Dry,Clear,,false,false,false,false,false,No Vehicle Defects,Driver,None,None,Not Ejected/Not Applicable,Properly used,"N/A Cars, truck, etc.",16.00,Not Deployed,No Apparent Injury,No Observed,Marijuana Not Suspected,No Observed,Not Tested,f,,SUV,No Special Function,false,North,Changing lanes,45.00,40.00,40.00,No Contributing Action,,Driver Inexperience,,,No Automation,,,,,,,,,,,,false,false,false,false,false,No Vehicle Defects,Driver,None,None,Not Ejected/Not Applicable,Properly used,"N/A Cars, truck, etc.",16.00,Not Deployed,No Apparent Injury,No Observed,Marijuana Not Suspected,No Observed,Not Tested,f,Passenger Car/Passenger Van,No Special Function,false,North,Going Straight,45.00,45.00,45.00,No Contributing Action,,No apparent contributing factor,,,No Automation,,,,,,,,,,,,,,,,,,,,,,,,,,,,,,,,,,,,,,,,,,,,,,,,,,,,,,
250078582,9/4/2025 3:01:00 AM,9/4/2025 3:01:00 AM,0.00,0.00,1.00,0.00,false,false,false,false,39.53,-104.82,10450.00,RUTLEDGE ST,,"Ran off ""T"" intersection",0.00,0,Culvert or Headwall,,,,Culvert or Headwall,Straight,Level,Not Applicable,Dark-lighted,Driveway Access Related,Dry,Clear,,true,false,false,false,false,No Vehicle Defects,Driver,Not Complied With,None,Not Ejected/Not Applicable,Unknown,"N/A Cars, truck, etc.",32.00,Not Deployed,Possible Injury,Yes Other Method,Unknown,No Other Method,Not Tested,m,,SUV,No Special Function,false,East,Going Straight,25.00,35.00,,Careless Driving,Speeding,Evading Law Enforcement Officer,,,No Automation,,,,,,,,,,,,,,,,,,,,,,,,,,,,,,,,,,,,,,,,,,,,,,,,,,,,,,,,,,,,,,,,,,,,,,,,,,,,,,,,,,,,,,,,,,,,,,,,,,,
250078593,9/4/2025 6:20:00 AM,9/4/2025 6:20:00 AM,0.00,0.00,2.00,0.00,false,false,false,false,39.55,-104.96,,UNIVERSITY BLVD,VENNEFORD RANCH RD,On-roadway,3.00,1,Front to Side,,,,Front to Side,Straight,Level,Approach Turn,Daylight,At Intersection,Dry,Clear,,false,false,false,false,false,No Vehicle Defects,Driver,None,None,Not Ejected/Not Applicable,Properly used,"N/A Cars, truck, etc.",57.00,Deployed at pos. only,No Apparent Injury,No Observed,Marijuana Not Suspected,No Observed,Not Tested,m,,Passenger Car/Passenger Van,No Special Function,false,South,Making Left Turn,45.00,10.00,,Failed to Yield ROW,Failed to Stop at Signal,Driver Inexperience,,,No Automation,,,,,,,,,,,,false,false,false,false,false,No Vehicle Defects,Driver,None,None,Not Ejected/Not Applicable,Properly used,"N/A Cars, truck, etc.",42.00,Not Deployed,No Apparent Injury,No Observed,Marijuana Not Suspected,No Observed,Not Tested,m,Pickup Truck/Utility Van,No Special Function,false,North,Going Straight,45.00,40.00,45.00,Failed to Stop at Signal,,Looked / Did Not See,,,No Automation,,,,,,,,,,,,,,,,,,,,,,,,,,,,,,,,,,,,,,,,,,,,,,,,,,,,,,
250078740,9/4/2025 1:08:00 PM,9/4/2025 1:08:00 PM,0.00,0.00,2.00,0.00,false,false,false,false,39.56,-104.99,,PLAZA DR,CENTENNIAL BLVD,On-roadway,0.00,2,Side to Side - Same Direction,,,,Side to Side - Same Direction,Straight,Downhill,Approach Turn,Daylight,Non-intersection,Dry,Clear,,false,false,false,false,false,No Vehicle Defects,Driver,None,None,Not Ejected/Not Applicable,Properly used,"N/A Cars, truck, etc.",78.00,Not Deployed,No Apparent Injury,No Observed,Marijuana Not Suspected,No Observed,Not Tested,m,,Passenger Car/Passenger Van,No Special Function,false,South,Making Right Turn,35.00,7.00,5.00,Lane Violation,,Looked / Did Not See,,,No Automation,,,,,,,,,,,,false,false,false,false,false,No Vehicle Defects,Driver,None,None,Not Ejected/Not Applicable,Properly used,"N/A Cars, truck, etc.",30.00,Not Deployed,No Apparent Injury,No Observed,Marijuana Not Suspected,No Observed,Not Tested,m,Passenger Car/Passenger Van,No Special Function,false,West,Going Straight,35.00,35.00,35.00,No Contributing Action,,No apparent contributing factor,,,No Automation,,,,,,,,,,,,,,,,,,,,,,,,,,,,,,,,,,,,,,,,,,,,,,,,,,,,,,
250078835,9/4/2025 4:07:00 PM,9/4/2025 4:07:00 PM,0.00,2.00,3.00,0.00,false,false,false,false,39.56,-104.91,,QUEBEC ST,8664,On-roadway,2.00,2,Front to Side,Front to Front,,,Front to Side,Straight,Level,Not Applicable,Daylight,At Intersection,Dry,Clear,,false,false,false,false,false,No Vehicle Defects,Driver,None,None,Not Ejected/Not Applicable,Properly used,"N/A Cars, truck, etc.",39.00,Deployed at pos. and others,Suspected Minor Injury,No Observed,Marijuana Not Suspected,No Observed,Not Tested,f,,SUV,No Special Function,false,South,Going Straight,45.00,35.00,35.00,Failed to Stop at Signal,,Driver Emotionally Upset,Distracted / Manipulating Vehicle Control,,Driver Assistance,,,,,,,,,,,,false,false,false,false,false,No Vehicle Defects,Driver,None,Complied With,Not Ejected/Not Applicable,Properly used,"N/A Cars, truck, etc.",64.00,Deployed at pos. and others,Suspected Minor Injury,No Observed,Marijuana Not Suspected,No Observed,Not Tested,f,SUV,No Special Function,false,East,Going Straight,45.00,10.00,10.00,No Contributing Action,,No apparent contributing factor,,,No Automation,,,,,,,,,,,,false,false,false,false,false,Driver,None,Complied With,No,Properly used,54.00,Not Deployed,No Apparent Injury,No Observed,Marijuana Not Suspected,No Observed,Not Tested,m,SUV,No Special Function,false,North,Stopped in Traffic,45.00,0.00,0.00,No Contributing Action,,No apparent contributing factor,,,No Automation,,,,,,,,,,,
250079063,9/5/2025 9:42:00 AM,9/5/2025 9:42:00 AM,0.00,0.00,2.00,0.00,false,false,false,false,39.55,-104.91,,QUEBEC ST,CHESTNUT HILL ST(N),On-roadway,3.00,1,Front to Front,,,,Front to Front,Curve Left,Uphill,Approach Turn,Daylight,At Intersection,Dry,Cloudy,,false,false,false,false,false,No Vehicle Defects,Driver,None,None,Not Ejected/Not Applicable,Properly used,"N/A Cars, truck, etc.",76.00,Not Deployed,,No Observed,Marijuana Not Suspected,No Observed,Not Tested,m,,SUV,No Special Function,false,South,Making Left Turn,45.00,15.00,3.00,Failed to Yield ROW,,Driver Unfamiliar With Area,Age / Driver Ability,,No Automation,,,,,,,,,,,,false,false,false,false,false,No Vehicle Defects,Driver,None,None,Not Ejected/Not Applicable,Properly used,"N/A Cars, truck, etc.",54.00,Deployed at pos. only,No Apparent Injury,No Observed,Marijuana Not Suspected,No Observed,Not Tested,m,Pickup Truck/Utility Van,No Special Function,false,North,Going Straight,45.00,40.00,,No Contributing Action,,No apparent contributing factor,,,No Automation,,,,,,,,,,,,,,,,,,,,,,,,,,,,,,,,,,,,,,,,,,,,,,,,,,,,,,
250079135,9/5/2025 1:25:00 PM,9/5/2025 1:25:00 PM,0.00,0.00,2.00,0.00,false,false,false,false,39.51,-105.03,,TITAN RD,MOORE RD,On-roadway,1.00,1,Side to Side - Same Direction,,,,Side to Side - Same Direction,Straight,Level,Not Applicable,Daylight,Intersection Related,Dry,Cloudy,,true,false,false,,,,,,,,,,,,,,,,,,,"Medium/Heavy Trucks crossing state line, GVWR/GCWR 10,001 or over",No Special Function,false,East,Going Straight,40.00,10.00,,Lane Violation,,Looked / Did Not See,,,No Automation,,,,,,,,,,,,false,false,false,false,false,No Vehicle Defects,Driver,None,None,Not Ejected/Not Applicable,Properly used,"N/A Cars, truck, etc.",42.00,Not Deployed,No Apparent Injury,No Observed,Marijuana Not Suspected,No Observed,Not Tested,m,SUV,No Special Function,false,West,Going Straight,40.00,30.00,,No Contributing Action,,No apparent contributing factor,,,No Automation,,,,,,,,,,,,,,,,,,,,,,,,,,,,,,,,,,,,,,,,,,,,,,,,,,,,,,
250079185,9/5/2025 3:57:00 PM,9/5/2025 3:57:00 PM,0.00,0.00,2.00,0.00,false,false,false,false,39.53,-104.82,9550.00,UNIVERSITY BLVD,,On-roadway,0.00,1,Front to Rear,,,,Front to Rear,Straight,Downhill,Not Applicable,Daylight,Non-intersection,Dry,Clear,,false,false,false,false,false,No Vehicle Defects,Driver,None,None,Not Ejected/Not Applicable,Properly used,"N/A Cars, truck, etc.",20.00,Not Deployed,No Apparent Injury,No Observed,Marijuana Not Suspected,No Observed,Not Tested,f,,SUV,No Special Function,false,West,Going Straight,45.00,45.00,45.00,Followed Too Closely,,Not Observed,,,No Automation,,,,,,,,,,,,false,false,false,false,false,No Vehicle Defects,Driver,None,None,Not Ejected/Not Applicable,Properly used,"N/A Cars, truck, etc.",31.00,Not Deployed,No Apparent Injury,No Observed,Marijuana Not Suspected,No Observed,Not Tested,m,Pickup Truck/Utility Van,No Special Function,false,West,Making U-Turn,45.00,0.00,0.00,No Contributing Action,,No apparent contributing factor,,,No Automation,,,,,,,,,,,,,,,,,,,,,,,,,,,,,,,,,,,,,,,,,,,,,,,,,,,,,,
250079362,9/6/2025 8:55:00 AM,9/6/2025 8:55:00 AM,0.00,0.00,2.00,0.00,false,false,false,false,39.56,-104.87,,INVERNESS PKWY,INVERNESS DR SOUTH,On-roadway,1.00,1,Front to Rear,,,,Front to Rear,Straight,Level,Not Applicable,Daylight,Intersection Related,Dry,Clear,,true,false,false,false,false,No Vehicle Defects,Driver,Compliance Not Known,Compliance Not Known,Not Ejected/Not Applicable,Unknown,"N/A Cars, truck, etc.",28.00,Not Deployed,No Apparent Injury,No Other Method,Marijuana Not Suspected,No Other Method,Not Tested,f,,Pickup Truck/Utility Van,No Special Function,false,South,Making Left Turn,30.00,20.00,,Followed Too Closely,,Aggressive Driving,,,No Automation,,,,,,,,,,,,false,false,false,false,false,No Vehicle Defects,Driver,None,None,Not Ejected/Not Applicable,Properly used,"N/A Cars, truck, etc.",32.00,Not Deployed,No Apparent Injury,No Observed,Marijuana Not Suspected,No Observed,Not Tested,m,Passenger Car/Passenger Van,No Special Function,false,South,Making Left Turn,30.00,0.00,0.00,No Contributing Action,,No apparent contributing factor,,,No Automation,,,,,,,,,,,,,,,,,,,,,,,,,,,,,,,,,,,,,,,,,,,,,,,,,,,,,,
250079394,9/6/2025 12:16:00 PM,9/6/2025 12:16:00 PM,0.00,0.00,2.00,0.00,false,false,false,false,39.48,-105.07,8367.00,RAMPART RANGE RD,,On-roadway,1.00,3,Front to Side,,,,Front to Side,Straight,Level,Not Applicable,Daylight,Non-intersection,Dry,Clear,,false,false,false,false,false,No Vehicle Defects,Driver,None,None,Not Ejected/Not Applicable,Properly used,"N/A Cars, truck, etc.",29.00,Not Deployed,No Apparent Injury,No Observed,Marijuana Not Suspected,No Observed,Not Tested,f,,SUV,No Special Function,false,East,Making Left Turn,15.00,5.00,5.00,Failed to Yield ROW,,Looked / Did Not See,,,No Automation,,,,,,,,,,,,false,false,false,false,false,No Vehicle Defects,Driver,None,None,Not Ejected/Not Applicable,Properly used,"N/A Cars, truck, etc.",39.00,Not Deployed,No Apparent Injury,No Observed,Marijuana Not Suspected,No Observed,Not Tested,f,Passenger Car/Passenger Van,No Special Function,false,South,Going Straight,40.00,35.00,30.00,No Contributing Action,,No apparent contributing factor,,,No Automation,,,,,,,,,,,,,,,,,,,,,,,,,,,,,,,,,,,,,,,,,,,,,,,,,,,,,,