Casetrackingid,Accidentdate,Accidenttime,Numberkilled,Numberinjured,Totalvehicles,Totalnonmotorists,Juvenilesinvolvedindicator,Secondarycrashindicator,Constructionzoneindicator,Schoolzoneindicator,Latitude,Longitude,Onroadaddress,_Primarystreet,_Crossstreet,Location,Numberoflanesblocked,Laneposition,Harmfulevent1,Harmfulevent2,Harmfulevent3,Harmfulevent4,Mostharmfulevent,Roadcontourcurves,Roadcontourgrade,Approachovertakingturn,Lightingcondition,Roaddescription,Roadcondition,Weathercondition1,Weathercondition2,Hitandrun_V1,Noncontact_V1,Parked_V1,Unlicenseddriver_V1,Duiindicator_V1,Vehicledefectcondition_V1,Positioninvehicle_D1,Drivingrestrictions_D1,Drivingendorsements_D1,Ejectionpath_D1,Safetyequipmentuse_D1,Safetyequipmenthelmet_D1,Age_D1,Airbagdeployment_D1,Injuryseverity_D1,Alcoholsuspected_D1,Marijuanasuspected_D1,Otherdrugssuspected_D1,Testedforotherdrugs_D1,Personsexcode_D1,Deadatscene_D1,Vehicletype_V1,Specialfunction_V1,Emergencylightsactivated_V1,Directionoftravel_V1,Vehiclemovement_V1,Roadwayspeedlimit_V1,Estimatedvehiclespeed_V1,Driverstatedspeed_V1,Driveraction1_V1,Driveraction2_V1,Mostapprthumancontrfactor1_V1,Mostapprthumancontrfactor2_V1,Mostapprthumancontrfactor3_V1,Autonomousvehiclecapability_V1,Drivercededcontrol_V1,Nonmotoristtype_V1,Nonmotoristmovement_V1,Nonmotoristlocation_V1,Nonmotoristlegofint_V1,Nonmotoristtypeoffacility_V1,Nonmotoristaction1_V1,Nonmotoristaction2_V1,Nonmotoristcontrfctr1_V1,Nonmotoristcontrfctr2_V1,Nonmotoristcontrfctr3_V1,Hitandrun_V2,Noncontact_V2,Parked_V2,Unlicenseddriver_V2,Duiindicator_V2,Vehicledefectcondition_V2,Positioninvehicle_D2,Drivingrestrictions_D2,Drivingendorsements_D2,Ejectionpath_D2,Safetyequipmentuse_D2,Safetyequipmenthelmet_D2,Age_D2,Airbagdeployment_D2,Injuryseverity_D2,Alcoholsuspected_D2,Marijuanasuspected_D2,Otherdrugssuspected_D2,Testedforotherdrugs_D2,Personsexcode_D2,Vehicletype_V2,Specialfunction_V2,Emergencylightsactivated_V2,Directionoftravel_V2,Vehiclemovement_V2,Roadwayspeedlimit_V2,Estimatedvehiclespeed_V2,Driverstatedspeed_V2,Driveraction1_V2,Driveraction2_V2,Mostapprthumancontrfactor1_V2,Mostapprthumancontrfactor2_V2,Mostapprthumancontrfactor3_V2,Autonomousvehiclecapability_V2,Drivercededcontrol_V2,Nonmotoristtype_V2,Nonmotoristmovement_V2,Nonmotoristlocation_V2,Nonmotoristlegofint_V2,Nonmotoristtypeoffacility_V2,Nonmotoristaction1_V2,Nonmotoristaction2_V2,Nonmotoristcontrfctr1_V2,Nonmotoristcontrfctr2_V2,Nonmotoristcontrfctr3_V2,Hitandrun_V3,Noncontact_V3,Parked_V3,Unlicenseddriver_V3,Duiindicator_V3,Positioninvehicle_D3,Drivingrestrictions_D3,Drivingendorsements_D3,Ejection_D3,Safetyequipmentuse_D3,Age_D3,Airbagdeployment_D3,Injuryseverity_D3,Alcoholsuspected_D3,Marijuanasuspected_D3,Otherdrugssuspected_D3,Testedforotherdrugs_D3,Personsexcode_D3,Vehicletype_V3,Specialfunction_V3,Emergencylightsactivated_V3,Directionoftravel_V3,Vehiclemovement_V3,Roadwayspeedlimit_V3,Estimatedvehiclespeed_V3,Driverstatedspeed_V3,Driveraction1_V3,Driveraction2_V3,Mostapprthumancontrfactor1_V3,Mostapprthumancontrfactor2_V3,Mostapprthumancontrfactor3_V3,Autonomousvehiclecapability_V3,Drivercededcontrol_V3,Nonmotoristtype_V3,Nonmotoristmovement_V3,Nonmotoristlocation_V3,Nonmotoristlegofint_V3,Nonmotoristtypeoffacility_V3,Nonmotoristaction1_V3,Nonmotoristaction2_V3,Nonmotoristcontrfctr1_V3,Nonmotoristcontrfctr2_V3,Nonmotoristcontrfctr3_V3
250083885,9/20/2025 9:49:00 PM,9/20/2025 9:49:00 PM,0.00,2.00,1.00,0.00,true,false,true,false,39.54,-105.04,,HWY 85,HIGHLANDS RANCH PKWY,Ran off right side,1.00,,Curb,Curb,Embankment,,Embankment,Straight,Level,Not Applicable,Dark-lighted,At Intersection,Dry,Clear,,true,false,false,false,true,No Vehicle Defects,Driver,Not Complied With,None,Not Ejected/Not Applicable,Unknown,"N/A Cars, truck, etc.",16.00,Deployed at pos. and others,Suspected Minor Injury,Yes Observed,Unknown,No Other Method,Not Tested,m,,SUV,No Special Function,false,North,Going Straight,45.00,80.00,,Reckless Driving,Turned from Wrong Lane or Position,Driver Inexperience,,,No Automation,,,,,,,,,,,,,,,,,,,,,,,,,,,,,,,,,,,,,,,,,,,,,,,,,,,,,,,,,,,,,,,,,,,,,,,,,,,,,,,,,,,,,,,,,,,,,,,,,,,
250083934,9/21/2025 7:41:00 AM,9/21/2025 7:41:00 AM,0.00,0.00,2.00,0.00,true,false,false,false,39.53,-105.02,,HIGHLANDS RANCH PKWY,WESTRIDGE VILLAGE PKWY,On-roadway,0.00,2,Front to Rear,,,,Front to Rear,Curve Left,Level,Not Applicable,Daylight,Intersection Related,Dry,Clear,,true,false,false,false,true,No Vehicle Defects,Driver,None,None,Not Ejected/Not Applicable,Properly used,"N/A Cars, truck, etc.",51.00,Not Deployed,No Apparent Injury,Yes Observed,Unknown,No Observed,Not Tested,m,,Passenger Car/Passenger Van,No Special Function,false,East,Going Straight,45.00,40.00,,Speeding,,Not Observed,,,No Automation,,,,,,,,,,,,false,false,false,false,false,No Vehicle Defects,Driver,None,None,Not Ejected/Not Applicable,Properly used,"N/A Cars, truck, etc.",76.00,Not Deployed,No Apparent Injury,No Observed,Marijuana Not Suspected,No Observed,Not Tested,f,SUV,No Special Function,false,East,Stopped in Traffic,45.00,0.00,0.00,No Contributing Action,,No apparent contributing factor,,,No Automation,,,,,,,,,,,,,,,,,,,,,,,,,,,,,,,,,,,,,,,,,,,,,,,,,,,,,,
250084075,9/21/2025 4:37:00 PM,9/21/2025 4:37:00 PM,0.00,4.00,2.00,0.00,true,false,false,false,39.54,-104.66,,DELBERT RD,BUCKBOARD RD,On-roadway,3.00,1,Front to Side,,,,Front to Side,Straight,Level,Not Applicable,Daylight,At Intersection,Dry,Clear,,false,false,false,false,false,No Vehicle Defects,Driver,None,None,Not Ejected/Not Applicable,Improperly used,"N/A Cars, truck, etc.",18.00,Deployed at pos. and others,Suspected Minor Injury,No Observed,Marijuana Not Suspected,No Observed,Not Tested,m,,Passenger Car/Passenger Van,No Special Function,false,East,Going Straight,25.00,45.00,20.00,Disregard Stop Sign,,Asleep or Fatigued,Driver Inexperience,,No Automation,,,,,,,,,,,,false,false,false,false,false,No Vehicle Defects,Driver,Complied With,None,Not Ejected/Not Applicable,Properly used,"N/A Cars, truck, etc.",49.00,Not Deployed,Suspected Minor Injury,No Observed,Marijuana Not Suspected,No Observed,Not Tested,f,SUV,No Special Function,false,South,Going Straight,45.00,46.00,50.00,No Contributing Action,,No apparent contributing factor,,,No Automation,,,,,,,,,,,,,,,,,,,,,,,,,,,,,,,,,,,,,,,,,,,,,,,,,,,,,,
250084157,9/22/2025 6:08:00 AM,9/22/2025 6:08:00 AM,0.00,0.00,1.00,0.00,false,false,false,false,39.54,-104.92,9900.00,QUEBEC ST,,On-roadway,1.00,2,Wild Animal,,,,Wild Animal,Curve Right,Downhill,Not Applicable,Dawn or dusk,Non-intersection,Dry,Cloudy,,false,false,false,false,false,No Vehicle Defects,Driver,Complied With,None,Not Ejected/Not Applicable,Properly used,"N/A Cars, truck, etc.",49.00,Not Deployed,No Apparent Injury,No Observed,Marijuana Not Suspected,No Observed,Not Tested,m,,SUV,No Special Function,false,North,Going Straight,45.00,48.00,48.00,No Contributing Action,,No apparent contributing factor,,,No Automation,,,,,,,,,,,,,,,,,,,,,,,,,,,,,,,,,,,,,,,,,,,,,,,,,,,,,,,,,,,,,,,,,,,,,,,,,,,,,,,,,,,,,,,,,,,,,,,,,,,
250084343,9/22/2025 2:00:00 PM,9/22/2025 2:00:00 PM,0.00,0.00,1.00,0.00,false,false,false,false,39.32,-104.92,3581.00,CASTLE BUTTE DR,,On Private Property,0.00,0,Fence,Tree,,,Tree,,,Not Applicable,Daylight,,,Clear,,false,false,false,false,false,No Vehicle Defects,Driver,None,None,Not Ejected/Not Applicable,Properly used,"N/A Cars, truck, etc.",79.00,Deployed at pos. only,No Apparent Injury,No Observed,Marijuana Not Suspected,No Observed,Not Tested,m,,SUV,No Special Function,false,South,Weaving,50.00,50.00,,Other Contributing Action,,Medical,,,Driver Assistance,,,,,,,,,,,,,,,,,,,,,,,,,,,,,,,,,,,,,,,,,,,,,,,,,,,,,,,,,,,,,,,,,,,,,,,,,,,,,,,,,,,,,,,,,,,,,,,,,,,
250084434,9/23/2025 6:31:00 AM,9/23/2025 6:31:00 AM,0.00,0.00,1.00,0.00,false,false,false,false,39.43,-104.83,4300.00,CROWFOOT VALLEY RD,,On-roadway,0.00,1,Wild Animal,,,,Wild Animal,Straight,Level,Not Applicable,Dark-unlighted,Non-intersection,Wet,Rain,,false,false,false,false,false,No Vehicle Defects,Driver,None,None,Not Ejected/Not Applicable,Properly used,"N/A Cars, truck, etc.",21.00,Not Deployed,No Apparent Injury,No Observed,Marijuana Not Suspected,No Observed,Not Tested,m,,SUV,No Special Function,false,Southwest,Going Straight,50.00,50.00,50.00,No Contributing Action,,No apparent contributing factor,,,No Automation,,,,,,,,,,,,,,,,,,,,,,,,,,,,,,,,,,,,,,,,,,,,,,,,,,,,,,,,,,,,,,,,,,,,,,,,,,,,,,,,,,,,,,,,,,,,,,,,,,,
250084507,9/25/2025 11:05:00 AM,9/25/2025 11:05:00 AM,0.00,0.00,2.00,0.00,false,false,true,false,39.57,-104.91,,COUNTY LINE RD,COUNTY LINE PL,On-roadway,0.00,1,Side to Side - Same Direction,,,,Side to Side - Same Direction,Straight,Level,Not Applicable,Daylight,At Intersection,Wet,Rain,,false,false,false,false,false,No Vehicle Defects,Driver,None,None,Not Ejected/Not Applicable,Properly used,"N/A Cars, truck, etc.",34.00,Not Deployed,No Apparent Injury,No Observed,Marijuana Not Suspected,No Observed,Not Tested,m,,"Medium/Heavy Trucks crossing state line, GVWR/GCWR 10,001 or over",No Special Function,false,North,Making Left Turn,25.00,5.00,0.00,Other Contributing Action,,Other Factor,,,No Automation,,,,,,,,,,,,false,false,false,false,false,No Vehicle Defects,Driver,None,None,Not Ejected/Not Applicable,Properly used,"N/A Cars, truck, etc.",29.00,Not Deployed,No Apparent Injury,No Observed,Marijuana Not Suspected,No Observed,Not Tested,m,Passenger Car/Passenger Van,No Special Function,false,North,Making Right Turn,25.00,0.00,0.00,Other Contributing Action,,Other Factor,,,No Automation,,,,,,,,,,,,,,,,,,,,,,,,,,,,,,,,,,,,,,,,,,,,,,,,,,,,,,
250084760,9/24/2025 9:30:00 AM,9/24/2025 9:30:00 AM,0.00,0.00,2.00,0.00,false,false,false,false,39.52,-104.70,,TOMAHAWK RD,PARKER RD,On-roadway,0.00,1,Front to Side,,,,Front to Side,Straight,Level,Not Applicable,Daylight,At Intersection,Wet,Cloudy,,false,false,false,false,false,No Vehicle Defects,Driver,None,None,Not Ejected/Not Applicable,Properly used,"N/A Cars, truck, etc.",70.00,Not Deployed,No Apparent Injury,No Observed,Marijuana Not Suspected,No Observed,Not Tested,f,,Passenger Car/Passenger Van,No Special Function,false,North,Going Straight,40.00,10.00,5.00,Failed to Yield ROW,,Not Observed,,,No Automation,,,,,,,,,,,,false,false,false,false,false,No Vehicle Defects,Driver,None,None,Not Ejected/Not Applicable,Properly used,"N/A Cars, truck, etc.",76.00,Not Deployed,No Apparent Injury,No Observed,Marijuana Not Suspected,No Observed,Not Tested,m,Pickup Truck/Utility Van,No Special Function,false,North,Going Straight,35.00,10.00,5.00,No Contributing Action,,No apparent contributing factor,,,No Automation,,,,,,,,,,,,,,,,,,,,,,,,,,,,,,,,,,,,,,,,,,,,,,,,,,,,,,
250084924,9/24/2025 2:57:00 PM,9/24/2025 2:57:00 PM,0.00,0.00,2.00,0.00,false,false,false,false,39.56,-104.91,6400.00,BUSINESS CENTER DR,,On-roadway,1.00,1,Front to Side,,,,Front to Side,Straight,Level,Not Applicable,Daylight,Driveway Access Related,Dry,Clear,,false,false,false,false,false,No Vehicle Defects,Driver,Complied With,None,Not Ejected/Not Applicable,Properly used,"N/A Cars, truck, etc.",35.00,Not Deployed,No Apparent Injury,No Observed,Marijuana Not Suspected,No Observed,Not Tested,m,,Pickup Truck/Utility Van,No Special Function,false,South,Making Left Turn,35.00,10.00,10.00,Improper Turn,,Looked / Did Not See,,,Partial Automation,,,,,,,,,,,,false,false,false,false,false,No Vehicle Defects,Driver,None,None,Not Ejected/Not Applicable,Properly used,"N/A Cars, truck, etc.",75.00,Not Deployed,Possible Injury,No Observed,Marijuana Not Suspected,No Observed,Not Tested,m,SUV,No Special Function,false,West,Going Straight,35.00,35.00,35.00,No Contributing Action,,No apparent contributing factor,,,No Automation,,,,,,,,,,,,,,,,,,,,,,,,,,,,,,,,,,,,,,,,,,,,,,,,,,,,,,
250084965,9/24/2025 4:27:00 PM,9/24/2025 4:27:00 PM,0.00,0.00,2.00,0.00,true,false,false,false,39.45,-104.81,,PRADERA PKWY,CROWFOOT VALLEY RD,On-roadway,1.00,1,Front to Rear,,,,Front to Rear,Straight,Downhill,Not Applicable,Daylight,Intersection Related,Dry,Clear,,false,false,false,false,false,No Vehicle Defects,Driver,None,None,Not Ejected/Not Applicable,Properly used,"N/A Cars, truck, etc.",17.00,Not Deployed,No Apparent Injury,No Observed,Marijuana Not Suspected,No Observed,Not Tested,f,,Passenger Car/Passenger Van,No Special Function,false,West,Making Left Turn,40.00,5.00,5.00,Followed Too Closely,,Distracted/Other Exterior,Driver Inexperience,,No Automation,,,,,,,,,,,,false,false,false,false,false,No Vehicle Defects,Driver,None,None,Not Ejected/Not Applicable,Properly used,"N/A Cars, truck, etc.",40.00,Not Deployed,No Apparent Injury,No Observed,Marijuana Not Suspected,No Observed,Not Tested,f,SUV,No Special Function,false,West,Making Left Turn,40.00,0.00,0.00,No Contributing Action,,No apparent contributing factor,,,No Automation,,,,,,,,,,,,,,,,,,,,,,,,,,,,,,,,,,,,,,,,,,,,,,,,,,,,,,
250084978,9/24/2025 5:05:00 PM,9/24/2025 5:05:00 PM,0.00,0.00,2.00,0.00,true,false,false,false,39.57,-104.92,,COUNTY LINE RD,HOLLY ST,On-roadway,0.00,1,Side to Side - Same Direction,,,,Side to Side - Same Direction,Straight,Level,Not Applicable,Daylight,At Intersection,Dry,Clear,,true,false,false,,,,,,,,,,,,,,,,,,,Passenger Car/Passenger Van,No Special Function,false,South,Making Left Turn,30.00,15.00,15.00,Improper Turn,,,,,No Automation,,,,,,,,,,,,false,false,false,false,false,No Vehicle Defects,Driver,None,Complied With,Not Ejected/Not Applicable,Properly used,"N/A Cars, truck, etc.",42.00,Not Deployed,No Apparent Injury,No Observed,Marijuana Not Suspected,No Observed,Not Tested,f,SUV,No Special Function,false,South,Making Left Turn,30.00,15.00,15.00,No Contributing Action,,No apparent contributing factor,,,No Automation,,,,,,,,,,,,,,,,,,,,,,,,,,,,,,,,,,,,,,,,,,,,,,,,,,,,,,
250085201,9/25/2025 11:58:00 AM,9/25/2025 11:58:00 AM,0.00,0.00,2.00,0.00,true,false,false,false,39.57,-104.99,,BROADWAY,COUNTY LINE RD,On-roadway,0.00,3,Front to Rear,,,,Front to Rear,Straight,Sag/Bottom,Not Applicable,Daylight,Ramp-related,Dry,Clear,,false,false,false,false,false,No Vehicle Defects,Driver,Complied With,None,Not Ejected/Not Applicable,Properly used,"N/A Cars, truck, etc.",16.00,Not Deployed,No Apparent Injury,No Observed,Marijuana Not Suspected,No Observed,Not Tested,m,,Passenger Car/Passenger Van,No Special Function,false,North,Going Straight,45.00,25.00,,Followed Too Closely,,Not Observed,,,No Automation,,,,,,,,,,,,false,false,false,false,false,No Vehicle Defects,Driver,None,None,Not Ejected/Not Applicable,Properly used,"N/A Cars, truck, etc.",73.00,Not Deployed,No Apparent Injury,No Observed,Marijuana Not Suspected,No Observed,Not Tested,f,Passenger Car/Passenger Van,No Special Function,false,North,Slowing,45.00,5.00,0.00,No Contributing Action,,No apparent contributing factor,,,No Automation,,,,,,,,,,,,,,,,,,,,,,,,,,,,,,,,,,,,,,,,,,,,,,,,,,,,,,
250085469,9/26/2025 8:34:00 AM,9/26/2025 8:34:00 AM,0.00,0.00,2.00,0.00,false,false,false,false,39.56,-104.94,3950.00,MALLARD LN,,On-roadway,0.00,1,Front to Front,Front to Side,,,Front to Front,Curve Right,Uphill,Not Applicable,Dark-unlighted,Non-intersection,Dry,Clear,,true,false,false,false,false,No Vehicle Defects,Driver,None,None,Not Ejected/Not Applicable,Not used,"N/A Cars, truck, etc.",61.00,Not Deployed,No Apparent Injury,No Observed,Marijuana Not Suspected,No Observed,Not Tested,M,,Passenger Car/Passenger Van,No Special Function,false,South,Negotiating a Curve,25.00,25.00,,Lane Violation,,,,,No Automation,,,,,,,,,,,,false,false,true,,,,,,,,,,,,,,,,,,Pickup Truck/Utility Van,No Special Function,false,North,Parked,,,,,,,,,,,,,,,,,,,,,,,,,,,,,,,,,,,,,,,,,,,,,,,,,,,,,,,,,,,,,,,
250085646,9/26/2025 5:13:00 PM,9/26/2025 5:13:00 PM,0.00,0.00,1.00,0.00,true,false,false,false,39.54,-104.95,6000.00,CLAIRTON DR,,On-roadway,0.00,1,Tree,,,,Tree,Straight,Downhill,Not Applicable,Daylight,Non-intersection,Dry,Clear,,false,false,false,false,false,No Vehicle Defects,Driver,None,None,Not Ejected/Not Applicable,Properly used,"N/A Cars, truck, etc.",50.00,Deployed at pos. and others,No Apparent Injury,No Observed,Marijuana Not Suspected,No Observed,Not Tested,f,,SUV,No Special Function,false,South,Going Straight,25.00,30.00,15.00,Lane Violation,,Medical,,,Partial Automation,,,,,,,,,,,,,,,,,,,,,,,,,,,,,,,,,,,,,,,,,,,,,,,,,,,,,,,,,,,,,,,,,,,,,,,,,,,,,,,,,,,,,,,,,,,,,,,,,,,
250085655,9/26/2025 5:43:00 PM,9/26/2025 5:43:00 PM,0.00,0.00,1.00,0.00,true,false,false,false,39.54,-104.95,3600.00,HIGHLANDS RANCH PKWY,,Ran off right side,0.00,2,Wall or Building,,,,Wall or Building,Straight,Uphill,Not Applicable,Daylight,Non-intersection,Dry,Clear,,false,false,false,false,false,No Vehicle Defects,Driver,None,None,Not Ejected/Not Applicable,Properly used,"N/A Cars, truck, etc.",16.00,Not Deployed,Possible Injury,No Observed,Marijuana Not Suspected,No Observed,Not Tested,f,,SUV,No Special Function,false,East,Going Straight,45.00,25.00,25.00,No Contributing Action,,Medical,,,No Automation,,,,,,,,,,,,,,,,,,,,,,,,,,,,,,,,,,,,,,,,,,,,,,,,,,,,,,,,,,,,,,,,,,,,,,,,,,,,,,,,,,,,,,,,,,,,,,,,,,,
250085659,9/26/2025 6:23:00 PM,9/26/2025 6:23:00 PM,0.00,0.00,1.00,0.00,false,false,false,false,39.23,-104.77,9000.00,SPRING VALLEY RD,,On-roadway,0.00,1,Wild Animal,,,,Wild Animal,Straight,Downhill,Not Applicable,Dawn or dusk,Non-intersection,Dry,Clear,,false,false,false,false,false,No Vehicle Defects,Driver,Complied With,None,Not Ejected/Not Applicable,Properly used,"N/A Cars, truck, etc.",55.00,Not Deployed,No Apparent Injury,No Observed,Marijuana Not Suspected,No Observed,Not Tested,f,,SUV,No Special Function,false,South,Going Straight,35.00,35.00,35.00,No Contributing Action,,No apparent contributing factor,,,No Automation,,,,,,,,,,,,,,,,,,,,,,,,,,,,,,,,,,,,,,,,,,,,,,,,,,,,,,,,,,,,,,,,,,,,,,,,,,,,,,,,,,,,,,,,,,,,,,,,,,,
250085847,9/27/2025 1:40:00 PM,9/27/2025 1:40:00 PM,0.00,1.00,2.00,0.00,false,false,false,false,39.23,-104.94,,PERRY PARK RD,PERRY PARK AVE,On-roadway,1.00,1,Front to Rear,,,,Front to Rear,Curve Right,Uphill,Not Applicable,Daylight,At Intersection,Dry,Clear,,false,false,false,false,false,No Vehicle Defects,Driver,None,Complied With,Not Ejected/Not Applicable,Not used,No Helmet,61.00,Not Equipped,Suspected Minor Injury,No Observed,Marijuana Not Suspected,No Observed,Not Tested,m,,Motorcycle,No Special Function,false,South,Going Straight,40.00,40.00,30.00,Careless Driving,,Distracted/Other Exterior,,,No Automation,,,,,,,,,,,,false,false,false,false,false,No Vehicle Defects,Driver,None,Complied With,Not Ejected/Not Applicable,Not used,No Helmet,62.00,Not Equipped,No Apparent Injury,No Observed,Marijuana Not Suspected,No Observed,Not Tested,m,Motorcycle,No Special Function,false,South,Stopped in Traffic,40.00,0.00,0.00,No Contributing Action,,No apparent contributing factor,,,No Automation,,,,,,,,,,,,,,,,,,,,,,,,,,,,,,,,,,,,,,,,,,,,,,,,,,,,,,
250086124,9/28/2025 1:56:00 PM,9/28/2025 1:56:00 PM,0.00,1.00,1.00,0.00,false,false,false,false,39.27,-105.22,7300.00,HWY 67,,Ran off left side,1.00,1,Embankment,,,,Embankment,Curve Right,Level,Not Applicable,Daylight,Non-intersection,Dry,Clear,,false,false,false,false,false,No Vehicle Defects,Driver,Compliance Not Known,Complied With,Motorcycle,Properly used,Helmet Properly Used,77.00,Not Equipped,Suspected Serious Injury,No Other Method,Marijuana Not Suspected,No Other Method,Not Tested,m,,Motorcycle,No Special Function,false,North,Making Right Turn,35.00,35.00,,Other Contributing Action,,Age / Driver Ability,,,No Automation,,,,,,,,,,,,,,,,,,,,,,,,,,,,,,,,,,,,,,,,,,,,,,,,,,,,,,,,,,,,,,,,,,,,,,,,,,,,,,,,,,,,,,,,,,,,,,,,,,,
250086243,9/29/2025 6:34:00 AM,9/29/2025 6:34:00 AM,0.00,0.00,2.00,0.00,false,false,false,false,39.46,-104.69,,SINGING HILLS RD,HILLTOP RD,On-roadway,1.00,1,Front to Rear,,,,Front to Rear,Straight,Level,Not Applicable,Daylight,Non-intersection,Dry,Clear,,false,false,false,false,false,No Vehicle Defects,Driver,Complied With,None,Not Ejected/Not Applicable,Properly used,"N/A Cars, truck, etc.",62.00,Deployed at pos. only,Suspected Minor Injury,No Other Method,Marijuana Not Suspected,No Other Method,Not Tested,f,,SUV,No Special Function,false,West,Going Straight,45.00,45.00,45.00,Careless Driving,,Distracted/Other Interior,,,Partial Automation,,,,,,,,,,,,false,false,false,false,false,No Vehicle Defects,Driver,Not Complied With,Not Complied With,Not Ejected/Not Applicable,Not used,"N/A Cars, truck, etc.",24.00,Not Deployed,No Apparent Injury,No Observed,Marijuana Not Suspected,No Observed,Not Tested,m,SUV,No Special Function,false,West,Stopped in Traffic,45.00,0.00,0.00,No Contributing Action,,No apparent contributing factor,,,No Automation,,,,,,,,,,,,,,,,,,,,,,,,,,,,,,,,,,,,,,,,,,,,,,,,,,,,,,
250086276,9/29/2025 8:30:00 AM,9/29/2025 8:30:00 AM,0.00,1.00,1.00,1.00,false,false,false,false,39.53,-104.95,,ASTORBROOK WAY,SUMMIT VIEW PKWY,On-roadway,2.00,1,Bicycle / Motorized Bicycle,Domestic Animal,Ground,,Bicycle / Motorized Bicycle,Straight,Uphill,Approach Turn,Daylight,At Intersection,Dry,Clear,,false,false,false,false,false,No Vehicle Defects,Driver,None,None,Not Ejected/Not Applicable,Properly used,"N/A Cars, truck, etc.",30.00,Not Deployed,No Apparent Injury,No Observed,Marijuana Not Suspected,No Observed,Not Tested,m,,SUV,No Special Function,false,South,Making Left Turn,35.00,10.00,,Failed to Yield ROW,,No apparent contributing factor,,,No Automation,,Bicyclist,Going Straight,Intersection-Unmarked Crosswalk,East,Crosswalk,No Contributing Action,No Contributing Action,,,,,,,,,,,,,,,Helmet Properly Used,70.00,,Suspected Serious Injury,No Observed,Marijuana Not Suspected,No Observed,Not Tested,m,,,,,,,,,,,,,,,,,,,,,,,,,,,,,,,,,,,,,,,,,,,,,,,,,,,,,,,,,,,,,,,,,,,,
250086283,9/29/2025 8:46:00 AM,9/29/2025 8:46:00 AM,0.00,0.00,2.00,0.00,false,false,false,false,39.52,-104.82,,RIDGEGATE PKWY,MERIDIAN VILLAGE PKWY,On-roadway,1.00,4,Front to Side,,,,Front to Side,Straight,Level,Not Applicable,Daylight,At Intersection,Dry,Clear,,false,false,false,false,false,No Vehicle Defects,Driver,None,None,Not Ejected/Not Applicable,Properly used,"N/A Cars, truck, etc.",34.00,Deployed at pos. and others,No Apparent Injury,No Observed,Marijuana Not Suspected,No Observed,Not Tested,f,,Passenger Car/Passenger Van,No Special Function,false,West,Going Straight,45.00,45.00,40.00,Failed to Stop at Signal,,Looked / Did Not See,,,Partial Automation,,,,,,,,,,,,false,false,false,false,false,No Vehicle Defects,Driver,None,None,Not Ejected/Not Applicable,Properly used,"N/A Cars, truck, etc.",24.00,Deployed at pos. only,No Apparent Injury,No Observed,Marijuana Not Suspected,No Observed,Not Tested,m,SUV,No Special Function,false,South,Going Straight,30.00,30.00,30.00,No Contributing Action,,No apparent contributing factor,,,No Automation,,,,,,,,,,,,,,,,,,,,,,,,,,,,,,,,,,,,,,,,,,,,,,,,,,,,,,
250086292,9/29/2025 8:35:00 AM,9/29/2025 8:35:00 AM,0.00,0.00,2.00,0.00,false,false,false,false,39.54,-104.92,,UNIVERSITY BLVD,CROSSPOINTE DR,On-roadway,0.00,1,Front to Rear,,,,Front to Rear,Straight,Level,Not Applicable,Daylight,Intersection Related,Dry,Clear,,false,false,false,false,false,No Vehicle Defects,Driver,None,None,Not Ejected/Not Applicable,Properly used,"N/A Cars, truck, etc.",25.00,Not Deployed,No Apparent Injury,No Observed,Marijuana Not Suspected,No Observed,Not Tested,m,,SUV,No Special Function,false,West,Going Straight,45.00,5.00,5.00,Careless Driving,,Driver Inexperience,,,No Automation,,,,,,,,,,,,false,false,false,false,false,No Vehicle Defects,Driver,None,None,Not Ejected/Not Applicable,Properly used,"N/A Cars, truck, etc.",51.00,Not Deployed,No Apparent Injury,No Observed,Marijuana Not Suspected,No Observed,Not Tested,f,SUV,No Special Function,false,West,Stopped in Traffic,45.00,0.00,0.00,No Contributing Action,,No apparent contributing factor,,,No Automation,,,,,,,,,,,,,,,,,,,,,,,,,,,,,,,,,,,,,,,,,,,,,,,,,,,,,,
250086335,9/29/2025 10:50:00 AM,9/29/2025 10:50:00 AM,0.00,0.00,2.00,0.00,false,false,false,false,39.57,-104.90,,QUEBEC ST,HWY C470 WESTBOUND,On-roadway,0.00,3,Front to Rear,,,,Front to Rear,Straight,Level,Not Applicable,Daylight,Intersection Related,Dry,Clear,,false,false,false,false,false,No Vehicle Defects,Driver,Complied With,None,Not Ejected/Not Applicable,Properly used,"N/A Cars, truck, etc.",85.00,Not Deployed,No Apparent Injury,No Observed,Marijuana Not Suspected,No Observed,Not Tested,m,,SUV,No Special Function,false,South,Going Straight,45.00,10.00,10.00,Followed Too Closely,,Age / Driver Ability,,,Driver Assistance,,,,,,,,,,,,false,false,false,false,false,No Vehicle Defects,Driver,None,None,Not Ejected/Not Applicable,Properly used,"N/A Cars, truck, etc.",82.00,Not Deployed,No Apparent Injury,No Observed,Marijuana Not Suspected,No Observed,Not Tested,f,Passenger Car/Passenger Van,No Special Function,false,South,Stopped in Traffic,45.00,0.00,0.00,No Contributing Action,,No apparent contributing factor,,,No Automation,,,,,,,,,,,,,,,,,,,,,,,,,,,,,,,,,,,,,,,,,,,,,,,,,,,,,,