Casetrackingid,Accidentdate,Accidenttime,Numberkilled,Numberinjured,Totalvehicles,Totalnonmotorists,Juvenilesinvolvedindicator,Secondarycrashindicator,Constructionzoneindicator,Schoolzoneindicator,Latitude,Longitude,Onroadaddress,_Primarystreet,_Crossstreet,Location,Numberoflanesblocked,Laneposition,Harmfulevent1,Harmfulevent2,Harmfulevent3,Harmfulevent4,Mostharmfulevent,Roadcontourcurves,Roadcontourgrade,Approachovertakingturn,Lightingcondition,Roaddescription,Roadcondition,Weathercondition1,Weathercondition2,Hitandrun_V1,Noncontact_V1,Parked_V1,Unlicenseddriver_V1,Duiindicator_V1,Vehicledefectcondition_V1,Positioninvehicle_D1,Drivingrestrictions_D1,Drivingendorsements_D1,Ejectionpath_D1,Safetyequipmentuse_D1,Safetyequipmenthelmet_D1,Age_D1,Airbagdeployment_D1,Injuryseverity_D1,Alcoholsuspected_D1,Marijuanasuspected_D1,Otherdrugssuspected_D1,Testedforotherdrugs_D1,Personsexcode_D1,Deadatscene_D1,Vehicletype_V1,Specialfunction_V1,Emergencylightsactivated_V1,Directionoftravel_V1,Vehiclemovement_V1,Roadwayspeedlimit_V1,Estimatedvehiclespeed_V1,Driverstatedspeed_V1,Driveraction1_V1,Driveraction2_V1,Mostapprthumancontrfactor1_V1,Mostapprthumancontrfactor2_V1,Mostapprthumancontrfactor3_V1,Autonomousvehiclecapability_V1,Drivercededcontrol_V1,Nonmotoristtype_V1,Nonmotoristmovement_V1,Nonmotoristlocation_V1,Nonmotoristlegofint_V1,Nonmotoristtypeoffacility_V1,Nonmotoristaction1_V1,Nonmotoristaction2_V1,Nonmotoristcontrfctr1_V1,Nonmotoristcontrfctr2_V1,Nonmotoristcontrfctr3_V1,Hitandrun_V2,Noncontact_V2,Parked_V2,Unlicenseddriver_V2,Duiindicator_V2,Vehicledefectcondition_V2,Positioninvehicle_D2,Drivingrestrictions_D2,Drivingendorsements_D2,Ejectionpath_D2,Safetyequipmentuse_D2,Safetyequipmenthelmet_D2,Age_D2,Airbagdeployment_D2,Injuryseverity_D2,Alcoholsuspected_D2,Marijuanasuspected_D2,Otherdrugssuspected_D2,Testedforotherdrugs_D2,Personsexcode_D2,Vehicletype_V2,Specialfunction_V2,Emergencylightsactivated_V2,Directionoftravel_V2,Vehiclemovement_V2,Roadwayspeedlimit_V2,Estimatedvehiclespeed_V2,Driverstatedspeed_V2,Driveraction1_V2,Driveraction2_V2,Mostapprthumancontrfactor1_V2,Mostapprthumancontrfactor2_V2,Mostapprthumancontrfactor3_V2,Autonomousvehiclecapability_V2,Drivercededcontrol_V2,Nonmotoristtype_V2,Nonmotoristmovement_V2,Nonmotoristlocation_V2,Nonmotoristlegofint_V2,Nonmotoristtypeoffacility_V2,Nonmotoristaction1_V2,Nonmotoristaction2_V2,Nonmotoristcontrfctr1_V2,Nonmotoristcontrfctr2_V2,Nonmotoristcontrfctr3_V2,Hitandrun_V3,Noncontact_V3,Parked_V3,Unlicenseddriver_V3,Duiindicator_V3,Positioninvehicle_D3,Drivingrestrictions_D3,Drivingendorsements_D3,Ejection_D3,Safetyequipmentuse_D3,Age_D3,Airbagdeployment_D3,Injuryseverity_D3,Alcoholsuspected_D3,Marijuanasuspected_D3,Otherdrugssuspected_D3,Testedforotherdrugs_D3,Personsexcode_D3,Vehicletype_V3,Specialfunction_V3,Emergencylightsactivated_V3,Directionoftravel_V3,Vehiclemovement_V3,Roadwayspeedlimit_V3,Estimatedvehiclespeed_V3,Driverstatedspeed_V3,Driveraction1_V3,Driveraction2_V3,Mostapprthumancontrfactor1_V3,Mostapprthumancontrfactor2_V3,Mostapprthumancontrfactor3_V3,Autonomousvehiclecapability_V3,Drivercededcontrol_V3,Nonmotoristtype_V3,Nonmotoristmovement_V3,Nonmotoristlocation_V3,Nonmotoristlegofint_V3,Nonmotoristtypeoffacility_V3,Nonmotoristaction1_V3,Nonmotoristaction2_V3,Nonmotoristcontrfctr1_V3,Nonmotoristcontrfctr2_V3,Nonmotoristcontrfctr3_V3
250086365,9/29/2025 12:26:00 PM,9/29/2025 12:26:00 PM,0.00,0.00,2.00,0.00,false,false,false,false,39.55,-105.00,,HIGHLANDS RANCH PKWY,BLAKE DR,On-roadway,2.00,2,Front to Side,,,,Front to Side,Straight,Downhill,Not Applicable,Daylight,At Intersection,Dry,Clear,,false,false,false,false,false,No Vehicle Defects,Driver,Complied With,None,Not Ejected/Not Applicable,Properly used,"N/A Cars, truck, etc.",77.00,Not Deployed,No Apparent Injury,No Observed,Marijuana Not Suspected,No Observed,Not Tested,f,,SUV,No Special Function,false,East,Going Straight,45.00,35.00,35.00,Failed to Stop at Signal,,Driver Unfamiliar With Area,Age / Driver Ability,,No Automation,,,,,,,,,,,,false,false,false,false,false,No Vehicle Defects,Driver,Complied With,None,Not Ejected/Not Applicable,Properly used,"N/A Cars, truck, etc.",34.00,Not Deployed,No Apparent Injury,No Observed,Marijuana Not Suspected,No Observed,Not Tested,m,Passenger Car/Passenger Van,No Special Function,false,West,Making Left Turn,45.00,10.00,10.00,No Contributing Action,,No apparent contributing factor,,,No Automation,,,,,,,,,,,,,,,,,,,,,,,,,,,,,,,,,,,,,,,,,,,,,,,,,,,,,,
250086453,9/29/2025 3:50:00 PM,9/29/2025 3:50:00 PM,0.00,0.00,2.00,0.00,false,false,true,false,39.54,-105.03,-3500.00,HIGHLANDS RANCH PKWY,,On-roadway,1.00,1,Side to Side - Same Direction,,,,Side to Side - Same Direction,Straight,Level,Not Applicable,Daylight,Intersection Related,Wet,Rain,,false,false,false,false,false,No Vehicle Defects,Driver,None,None,Not Ejected/Not Applicable,Properly used,"N/A Cars, truck, etc.",32.00,Not Deployed,No Apparent Injury,No Observed,Marijuana Not Suspected,No Observed,Not Tested,f,,SUV,No Special Function,false,Northwest,Going Straight,45.00,20.00,20.00,Disregarded Other Device / Sign / Markings,Improper Passing on Left,Aggressive Driving,,,No Automation,,,,,,,,,,,,false,false,false,false,false,No Vehicle Defects,Driver,None,None,Not Ejected/Not Applicable,Properly used,"N/A Cars, truck, etc.",57.00,Not Deployed,No Apparent Injury,No Observed,Marijuana Not Suspected,No Observed,Not Tested,m,SUV,No Special Function,false,Northwest,Changing lanes,45.00,5.00,5.00,No Contributing Action,,Looked / Did Not See,,,Driver Assistance,,,,,,,,,,,,,,,,,,,,,,,,,,,,,,,,,,,,,,,,,,,,,,,,,,,,,,
250086460,9/29/2025 4:37:00 PM,9/29/2025 4:37:00 PM,0.00,0.00,2.00,0.00,false,false,false,false,39.53,-104.81,,LINCOLN AVE,STONEGATE PKWY,On-roadway,1.00,2,Front to Rear,,,,Front to Rear,Straight,Uphill,Not Applicable,Daylight,Intersection Related,Wet,Rain,,true,false,false,false,false,No Vehicle Defects,Driver,Compliance Not Known,None,Not Ejected/Not Applicable,Properly used,"N/A Cars, truck, etc.",25.00,Not Deployed,No Apparent Injury,No Observed,Marijuana Not Suspected,No Observed,Not Tested,f,,Passenger Car/Passenger Van,No Special Function,false,West,Going Straight,45.00,35.00,,Careless Driving,,Not Observed,,,No Automation,,,,,,,,,,,,false,false,false,false,false,No Vehicle Defects,Driver,Complied With,None,Not Ejected/Not Applicable,Properly used,"N/A Cars, truck, etc.",31.00,Not Deployed,Possible Injury,No Observed,Marijuana Not Suspected,No Observed,Not Tested,f,Passenger Car/Passenger Van,No Special Function,false,West,Going Straight,45.00,2.00,15.00,No Contributing Action,,No apparent contributing factor,,,No Automation,,,,,,,,,,,,,,,,,,,,,,,,,,,,,,,,,,,,,,,,,,,,,,,,,,,,,,
250086465,9/29/2025 4:58:00 PM,9/29/2025 4:58:00 PM,0.00,0.00,2.00,0.00,true,false,false,false,39.56,-104.91,,QUEBEC ST,8664,On-roadway,0.00,2,Front to Side,,,,Front to Side,Straight,Level,Not Applicable,Daylight,Intersection Related,Wet,Rain,,false,false,false,false,false,No Vehicle Defects,Driver,None,None,Not Ejected/Not Applicable,Properly used,"N/A Cars, truck, etc.",16.00,Not Deployed,No Apparent Injury,No Observed,Marijuana Not Suspected,No Observed,Not Tested,m,,SUV,No Special Function,false,South,Going Straight,45.00,20.00,20.00,Too Fast For Conditions,,Driver Inexperience,,,No Automation,,,,,,,,,,,,false,false,false,false,false,No Vehicle Defects,Driver,Complied With,None,Not Ejected/Not Applicable,Properly used,"N/A Cars, truck, etc.",44.00,Not Deployed,No Apparent Injury,No Observed,Marijuana Not Suspected,No Observed,Not Tested,m,Pickup Truck/Utility Van,No Special Function,false,Southeast,Making Left Turn,15.00,15.00,,No Contributing Action,,No apparent contributing factor,,,No Automation,,,,,,,,,,,,,,,,,,,,,,,,,,,,,,,,,,,,,,,,,,,,,,,,,,,,,,
250086488,9/29/2025 7:27:00 PM,9/29/2025 7:27:00 PM,0.00,0.00,1.00,0.00,false,false,false,false,39.53,-104.73,,PONDEROSA LN,DEER LN,Ran off right side,1.00,1,Overturning/Rollover,,,,Overturning/Rollover,Curve Left,Downhill,Not Applicable,Dark-unlighted,Intersection Related,Dry,Clear,,false,false,false,false,false,No Vehicle Defects,Driver,None,None,Not Ejected/Not Applicable,Improperly used,"N/A Cars, truck, etc.",32.00,Deployed at pos. only,No Apparent Injury,No Observed,Marijuana Not Suspected,No Observed,Not Tested,m,,SUV,No Special Function,false,Northwest,Making Left Turn,25.00,15.00,,Disregarded Other Device / Sign / Markings,Improper Turn,Driver Unfamiliar With Area,,,No Automation,,,,,,,,,,,,,,,,,,,,,,,,,,,,,,,,,,,,,,,,,,,,,,,,,,,,,,,,,,,,,,,,,,,,,,,,,,,,,,,,,,,,,,,,,,,,,,,,,,,
250086555,9/30/2025 7:18:00 AM,9/30/2025 7:18:00 AM,0.00,0.00,1.00,1.00,true,false,false,false,39.54,-104.94,,UNIVERSITY BLVD,TEAL RIDGE CT,On-roadway,0.00,2,School Age To/From School,,,,School Age To/From School,Straight,Level,Not Applicable,Daylight,At Intersection,Dry,Clear,,false,false,false,false,false,No Vehicle Defects,Driver,None,None,Not Ejected/Not Applicable,Properly used,"N/A Cars, truck, etc.",57.00,Not Deployed,No Apparent Injury,No Observed,Marijuana Not Suspected,No Observed,Not Tested,m,,Passenger Car/Passenger Van,No Special Function,false,South,Making Right Turn,25.00,0.00,0.00,Failed to Yield ROW,,Sun Glare,Looked / Did Not See,,No Automation,,Other Pedestrian,Going Straight,Intersection-Marked Crosswalk,North,Crosswalk,Cross/Enter at Intersection,,No Apparent Contributing Factor,,,,,,,,,,,,,,No Helmet,14.00,,No Apparent Injury,No Observed,Marijuana Not Suspected,No Observed,Not Tested,m,,,,,,,,,,,,,,,,,,,,,,,,,,,,,,,,,,,,,,,,,,,,,,,,,,,,,,,,,,,,,,,,,,,,
250086564,9/30/2025 7:57:00 AM,9/30/2025 7:57:00 AM,0.00,2.00,2.00,0.00,true,false,false,false,39.53,-104.80,,LINCOLN AVE,KEYSTONE BLVD,On-roadway,4.00,1,Front to Side,Wall or Building,,,Front to Side,Straight,Uphill,Approach Turn,Daylight,At Intersection,Dry,Clear,,false,false,false,false,false,No Vehicle Defects,Driver,None,None,Not Ejected/Not Applicable,Properly used,"N/A Cars, truck, etc.",39.00,Deployed at pos. and others,Suspected Serious Injury,No Observed,Marijuana Not Suspected,No Observed,Not Tested,f,,Passenger Car/Passenger Van,No Special Function,false,West,Making Left Turn,45.00,15.00,,Failed to Yield ROW,,Looked / Did Not See,,,No Automation,,,,,,,,,,,,false,false,false,false,false,No Vehicle Defects,Driver,None,None,Not Ejected/Not Applicable,Properly used,"N/A Cars, truck, etc.",57.00,Deployed at pos. and others,Possible Injury,No Observed,Marijuana Not Suspected,No Observed,Not Tested,f,SUV,No Special Function,false,East,Going Straight,45.00,45.00,35.00,No Contributing Action,,No apparent contributing factor,,,No Automation,,,,,,,,,,,,,,,,,,,,,,,,,,,,,,,,,,,,,,,,,,,,,,,,,,,,,,
250086578,9/30/2025 7:48:00 AM,9/30/2025 7:48:00 AM,0.00,0.00,2.00,0.00,false,false,false,false,39.49,-105.09,,WATERTON RD,DANTE DR,On-roadway,1.00,1,Front to Rear,,,,Front to Rear,Straight,Level,Not Applicable,Daylight,At Intersection,Dry,Clear,,false,false,false,false,false,No Vehicle Defects,Driver,None,None,Not Ejected/Not Applicable,Properly used,"N/A Cars, truck, etc.",44.00,Not Deployed,No Apparent Injury,No Observed,Marijuana Not Suspected,No Observed,Not Tested,m,,Passenger Car/Passenger Van,No Special Function,false,West,Going Straight,40.00,10.00,,Followed Too Closely,,Not Observed,,,No Automation,,,,,,,,,,,,false,false,false,false,false,No Vehicle Defects,Driver,None,None,Not Ejected/Not Applicable,Not used,"N/A Cars, truck, etc.",38.00,Not Deployed,No Apparent Injury,No Observed,Marijuana Not Suspected,No Observed,Not Tested,f,SUV,No Special Function,false,West,Stopped in Traffic,40.00,0.00,0.00,No Contributing Action,,No apparent contributing factor,,,No Automation,,,,,,,,,,,,,,,,,,,,,,,,,,,,,,,,,,,,,,,,,,,,,,,,,,,,,,
250086605,9/30/2025 9:30:00 AM,9/30/2025 9:30:00 AM,0.00,0.00,2.00,0.00,false,false,false,false,39.57,-104.99,,BROADWAY,COUNTY LINE RD,On-roadway,0.00,4,Front to Rear,,,,Front to Rear,Curve Right,Level,Not Applicable,Daylight,Ramp-related,Dry,Clear,,true,false,false,,,,Driver,Compliance Not Known,None,Not Ejected/Not Applicable,Unknown,"N/A Cars, truck, etc.",,Not Deployed,No Apparent Injury,No Other Method,Unknown,No Other Method,Not Tested,,,Passenger Car/Passenger Van,No Special Function,false,North,Slowing,45.00,15.00,,Followed Too Closely,,Not Observed,,,Unknown,,,,,,,,,,,,false,false,false,false,false,No Vehicle Defects,Driver,Complied With,None,Not Ejected/Not Applicable,Properly used,"N/A Cars, truck, etc.",51.00,Not Deployed,No Apparent Injury,No Preliminary Breath Test,Marijuana Not Suspected,No Observed,Not Tested,m,Pickup Truck/Utility Van,No Special Function,false,North,Stopped in Traffic,45.00,0.00,0.00,No Contributing Action,,No apparent contributing factor,,,No Automation,,,,,,,,,,,,,,,,,,,,,,,,,,,,,,,,,,,,,,,,,,,,,,,,,,,,,,
250086750,9/30/2025 2:56:00 PM,9/30/2025 2:56:00 PM,0.00,0.00,2.00,0.00,false,false,false,false,39.46,-104.69,,SINGING HILLS RD,HILLTOP RD,On-roadway,0.00,1,Front to Rear,,,,Front to Rear,Curve Right,Uphill,Not Applicable,Daylight,Intersection Related,Dry,Clear,,false,false,false,false,false,No Vehicle Defects,Driver,None,None,Not Ejected/Not Applicable,Properly used,"N/A Cars, truck, etc.",28.00,Not Deployed,No Apparent Injury,No Observed,Marijuana Not Suspected,No Observed,Not Tested,m,,Passenger Car/Passenger Van,No Special Function,false,West,Making Right Turn,45.00,5.00,,Followed Too Closely,,Not Observed,,,No Automation,,,,,,,,,,,,false,false,false,false,false,No Vehicle Defects,Driver,Complied With,None,Not Ejected/Not Applicable,Properly used,"N/A Cars, truck, etc.",65.00,Not Deployed,No Apparent Injury,No Observed,Marijuana Not Suspected,No Observed,Not Tested,f,Pickup Truck/Utility Van,No Special Function,false,West,Making Right Turn,45.00,0.00,0.00,No Contributing Action,,No apparent contributing factor,,,No Automation,,,,,,,,,,,,,,,,,,,,,,,,,,,,,,,,,,,,,,,,,,,,,,,,,,,,,,
250086833,10/1/2025 5:22:00 AM,10/1/2025 5:22:00 AM,0.00,0.00,1.00,0.00,false,false,false,false,39.53,-104.81,10306.00,STONEMEADOW DR,,Ran off right side,0.00,0,Other Non-Collision,,,,Other Non-Collision,Straight,Level,Not Applicable,Dark-lighted,Non-intersection,Dry,Clear,,false,false,false,false,true,No Vehicle Defects,Driver,Complied With,None,Not Ejected/Not Applicable,Unknown,"N/A Cars, truck, etc.",40.00,Not Deployed,No Apparent Injury,Yes SFST,Marijuana Not Suspected,No Observed,Not Tested,m,,Pickup Truck/Utility Van,No Special Function,false,North,Going Straight,25.00,25.00,25.00,Other Contributing Action,,Other Factor,,,No Automation,,,,,,,,,,,,,,,,,,,,,,,,,,,,,,,,,,,,,,,,,,,,,,,,,,,,,,,,,,,,,,,,,,,,,,,,,,,,,,,,,,,,,,,,,,,,,,,,,,,
250086902,10/1/2025 7:29:00 AM,10/1/2025 7:29:00 AM,0.00,0.00,2.00,0.00,true,false,false,false,39.43,-104.75,7160.00,BAYOU GULCH RD,,On-roadway,1.00,1,Front to Side,,,,Front to Side,Straight,Level,Not Applicable,Daylight,Driveway Access Related,Dry,Clear,,false,false,false,false,false,No Vehicle Defects,Driver,Complied With,None,Not Ejected/Not Applicable,Properly used,"N/A Cars, truck, etc.",16.00,Deployed at pos. and others,Possible Injury,No Observed,Marijuana Not Suspected,No Observed,Not Tested,f,,Passenger Car/Passenger Van,No Special Function,false,East,Making U-Turn,45.00,10.00,,Improper Turn,,Looked / Did Not See,Driver Inexperience,,No Automation,,,,,,,,,,,,false,false,false,false,false,No Vehicle Defects,Driver,None,None,Not Ejected/Not Applicable,Properly used,"N/A Cars, truck, etc.",47.00,Not Deployed,No Apparent Injury,No Observed,Marijuana Not Suspected,No Observed,Not Tested,m,Pickup Truck/Utility Van,No Special Function,false,East,Going Straight,45.00,40.00,40.00,No Contributing Action,,Not Observed,,,No Automation,,,,,,,,,,,,,,,,,,,,,,,,,,,,,,,,,,,,,,,,,,,,,,,,,,,,,,
250087078,10/1/2025 1:52:00 PM,10/1/2025 1:52:00 PM,0.00,0.00,2.00,0.00,false,false,false,false,39.54,-104.82,,LINCOLN AVE,MERIDIAN VILLAGE PKWY,On-roadway,0.00,1,Front to Rear,,,,Front to Rear,Straight,Downhill,Not Applicable,Daylight,Non-intersection,Dry,Clear,,false,false,false,false,false,No Vehicle Defects,Driver,Complied With,None,Not Ejected/Not Applicable,Properly used,"N/A Cars, truck, etc.",27.00,Not Deployed,No Apparent Injury,No Observed,Marijuana Not Suspected,No Observed,Not Tested,f,,SUV,No Special Function,false,East,Going Straight,45.00,5.00,5.00,Followed Too Closely,,Looked / Did Not See,,,No Automation,,,,,,,,,,,,false,false,false,false,false,No Vehicle Defects,Driver,Complied With,None,Not Ejected/Not Applicable,Properly used,"N/A Cars, truck, etc.",56.00,Not Deployed,No Apparent Injury,No Observed,Marijuana Not Suspected,No Observed,Not Tested,m,SUV,No Special Function,false,East,Stopped in Traffic,45.00,0.00,0.00,No Contributing Action,,No apparent contributing factor,,,No Automation,,,,,,,,,,,,,,,,,,,,,,,,,,,,,,,,,,,,,,,,,,,,,,,,,,,,,,
250087084,10/1/2025 2:15:00 PM,10/1/2025 2:15:00 PM,0.00,1.00,1.00,0.00,false,false,false,false,39.53,-104.76,6699.00,HILLS DR,,On-roadway,0.00,1,Ground,,,,Ground,Curve Left,Uphill,Not Applicable,Daylight,Non-intersection,Dry,Clear,,false,false,false,false,false,No Vehicle Defects,Driver,Complied With,None,Not Ejected/Not Applicable,Properly used,"N/A Cars, truck, etc.",31.00,Not Deployed,Suspected Minor Injury,No Observed,Marijuana Not Suspected,No Observed,Not Tested,m,,"Medium/Heavy Trucks crossing state line, GVWR/GCWR 10,001 or over",Public Utility,false,West,Going Straight,35.00,10.00,10.00,No Contributing Action,,No apparent contributing factor,,,No Automation,,,,,,,,,,,,,,,,,,,,,,,,,,,,,,,,,,,,,,,,,,,,,,,,,,,,,,,,,,,,,,,,,,,,,,,,,,,,,,,,,,,,,,,,,,,,,,,,,,,
250087155,10/1/2025 4:11:00 PM,10/1/2025 4:11:00 PM,0.00,0.00,2.00,0.00,false,false,false,false,39.56,-104.90,,QUEBEC ST,BUSINESS CENTER DR,On-roadway,1.00,3,Front to Side,,,,Front to Side,Straight,Uphill,Not Applicable,Daylight,Intersection Related,Dry,Clear,,false,false,false,false,false,No Vehicle Defects,Driver,None,None,Not Ejected/Not Applicable,Properly used,"N/A Cars, truck, etc.",57.00,"Not deployed at pos., deployed at others",No Apparent Injury,No Observed,Marijuana Not Suspected,No Observed,Not Tested,f,,SUV,No Special Function,false,South,Changing lanes,40.00,5.00,5.00,Failed to Yield ROW,,No apparent contributing factor,,,No Automation,,,,,,,,,,,,false,false,false,false,false,No Vehicle Defects,Driver,None,None,Not Ejected/Not Applicable,Properly used,"N/A Cars, truck, etc.",35.00,Not Deployed,No Apparent Injury,No Observed,Marijuana Not Suspected,No Observed,Not Tested,f,SUV,No Special Function,false,South,Going Straight,40.00,35.00,0.00,No Contributing Action,,No apparent contributing factor,,,No Automation,,,,,,,,,,,,,,,,,,,,,,,,,,,,,,,,,,,,,,,,,,,,,,,,,,,,,,
250087204,10/1/2025 6:38:00 PM,10/1/2025 6:38:00 PM,0.00,0.00,1.00,0.00,false,false,false,false,39.54,-104.99,9708.00,SYLVESTOR RD,,Ran off right side,0.00,1,Fence,,,,Fence,Curve Left,Uphill,Not Applicable,Dawn or dusk,Intersection Related,Dry,Clear,,true,false,false,,,,,,,,,,,,,,,,,,,Unknown Hit & Run Only,No Special Function,false,West,Going Straight,30.00,5.00,5.00,Careless Driving,,,,,Unknown,,,,,,,,,,,,,,,,,,,,,,,,,,,,,,,,,,,,,,,,,,,,,,,,,,,,,,,,,,,,,,,,,,,,,,,,,,,,,,,,,,,,,,,,,,,,,,,,,,,
250087450,10/2/2025 3:07:00 PM,10/2/2025 3:07:00 PM,0.00,1.00,3.00,0.00,true,false,false,false,39.52,-104.96,10600.00,POSTON PKWY,,On-roadway,1.00,1,Front to Rear,Front to Rear,,,Front to Rear,Straight,Level,Not Applicable,Daylight,Non-intersection,Dry,Clear,,false,false,false,false,false,No Vehicle Defects,Driver,None,None,Not Ejected/Not Applicable,Properly used,"N/A Cars, truck, etc.",71.00,Deployed at pos. and others,Suspected Minor Injury,No Observed,Marijuana Not Suspected,No Observed,Not Tested,f,,SUV,No Special Function,false,South,Going Straight,30.00,20.00,30.00,Careless Driving,,Manipulating Electronic Device,,,No Automation,,,,,,,,,,,,false,false,false,false,false,No Vehicle Defects,Driver,None,None,Not Ejected/Not Applicable,Properly used,"N/A Cars, truck, etc.",16.00,Not Deployed,No Apparent Injury,No Observed,Marijuana Not Suspected,No Observed,Not Tested,f,SUV,No Special Function,false,South,Stopped in Traffic,30.00,0.00,0.00,No Contributing Action,,No apparent contributing factor,,,No Automation,,,,,,,,,,,,false,false,false,false,false,Driver,Not Complied With,None,No,Properly used,16.00,Not Deployed,No Apparent Injury,No Observed,Marijuana Not Suspected,No Observed,Not Tested,f,SUV,No Special Function,false,South,Stopped in Traffic,30.00,0.00,0.00,No Contributing Action,,No apparent contributing factor,,,No Automation,,,,,,,,,,,
250087769,10/3/2025 1:06:00 PM,10/3/2025 1:06:00 PM,0.00,1.00,2.00,0.00,true,false,false,false,39.52,-104.96,,WILDCAT RESERVE PKWY,SUMMIT VIEW PKWY,On-roadway,0.00,2,Front to Side,,,,Front to Side,Straight,Hill Crest,Not Applicable,Daylight,At Intersection,Dry,Clear,,false,false,false,false,false,No Vehicle Defects,Driver,None,None,Not Ejected/Not Applicable,Properly used,"N/A Cars, truck, etc.",17.00,Not Deployed,No Apparent Injury,No Observed,Marijuana Not Suspected,No Observed,Not Tested,f,,SUV,No Special Function,false,West,Making Right Turn,45.00,15.00,15.00,Failed to Yield ROW,,No apparent contributing factor,,,No Automation,,,,,,,,,,,,false,false,false,false,false,No Vehicle Defects,Driver,None,None,Not Ejected/Not Applicable,Properly used,"N/A Cars, truck, etc.",17.00,Not Deployed,Suspected Minor Injury,No Observed,Marijuana Not Suspected,No Observed,Not Tested,m,Passenger Car/Passenger Van,No Special Function,false,West,Going Straight,45.00,45.00,45.00,No Contributing Action,,No apparent contributing factor,,,No Automation,,,,,,,,,,,,,,,,,,,,,,,,,,,,,,,,,,,,,,,,,,,,,,,,,,,,,,
250087840,10/2/2025 4:05:00 PM,10/2/2025 4:05:00 PM,0.00,0.00,2.00,0.00,false,false,false,false,39.54,-104.99,,TIMBERVALE TRL,KENDRICK CASTILLO WAY,On-roadway,1.00,1,Front to Side,,,,Front to Side,Curve Left,Uphill,Not Applicable,Daylight,At Intersection,Dry,Clear,,false,false,false,false,false,No Vehicle Defects,Driver,None,None,Not Ejected/Not Applicable,Properly used,"N/A Cars, truck, etc.",55.00,Not Deployed,No Apparent Injury,No Observed,Marijuana Not Suspected,No Observed,Not Tested,m,,Pickup Truck/Utility Van,No Special Function,false,North,Making Left Turn,25.00,10.00,10.00,Improper Turn,,Looked / Did Not See,,,Partial Automation,,,,,,,,,,,,false,false,false,false,false,No Vehicle Defects,Driver,None,None,Not Ejected/Not Applicable,Properly used,"N/A Cars, truck, etc.",32.00,Not Deployed,No Apparent Injury,No Observed,Marijuana Not Suspected,No Observed,Not Tested,m,SUV,No Special Function,false,East,Making Left Turn,45.00,0.00,0.00,No Contributing Action,,No apparent contributing factor,,,No Automation,,,,,,,,,,,,,,,,,,,,,,,,,,,,,,,,,,,,,,,,,,,,,,,,,,,,,,
250087844,10/3/2025 3:52:00 PM,10/3/2025 3:52:00 PM,0.00,2.00,2.00,0.00,false,false,false,false,39.51,-104.82,,STEPPING STONE CIR (E),BIG STONE LN,On-roadway,1.00,1,Front to Side,,,,Front to Side,Curve Right,Level,Not Applicable,Daylight,Non-intersection,Dry,Clear,,false,false,false,false,true,No Vehicle Defects,Driver,None,None,Not Ejected/Not Applicable,Properly used,"N/A Cars, truck, etc.",52.00,Deployed at pos. only,Suspected Minor Injury,Yes SFST,Marijuana Not Suspected,No Observed,Not Tested,f,,SUV,No Special Function,false,Northeast,Negotiating a Curve,35.00,35.00,35.00,Lane Violation,,Not Observed,,,No Automation,,,,,,,,,,,,false,false,false,false,false,No Vehicle Defects,Driver,None,None,Not Ejected/Not Applicable,Properly used,"N/A Cars, truck, etc.",36.00,Deployed at pos. and others,No Apparent Injury,No Observed,Marijuana Not Suspected,No Observed,Not Tested,m,SUV,No Special Function,false,Southwest,Negotiating a Curve,25.00,15.00,15.00,No Contributing Action,,No apparent contributing factor,,,No Automation,,,,,,,,,,,,,,,,,,,,,,,,,,,,,,,,,,,,,,,,,,,,,,,,,,,,,,
250087854,10/3/2025 3:28:00 PM,10/3/2025 3:28:00 PM,0.00,0.00,1.00,0.00,true,false,false,false,39.54,-104.95,,FAIRVIEW PKWY,GRACE BLVD,Ran off right side,1.00,2,Curb,Other Fixed Object,Ground,,Curb,Straight,Level,Not Applicable,Daylight,Intersection Related,Dry,Clear,,false,false,false,false,false,No Vehicle Defects,Driver,Complied With,None,Not Ejected/Not Applicable,Properly used,"N/A Cars, truck, etc.",16.00,Not Deployed,No Apparent Injury,No Observed,Marijuana Not Suspected,No Observed,Not Tested,m,,Passenger Car/Passenger Van,No Special Function,false,North,Making Right Turn,40.00,40.00,15.00,Careless Driving,Over-Correcting / Over-Steering,Driver Inexperience,Aggressive Driving,,No Automation,,,,,,,,,,,,,,,,,,,,,,,,,,,,,,,,,,,,,,,,,,,,,,,,,,,,,,,,,,,,,,,,,,,,,,,,,,,,,,,,,,,,,,,,,,,,,,,,,,,
250087949,10/4/2025 3:00:00 AM,10/4/2025 3:00:00 AM,0.00,0.00,2.00,0.00,true,false,false,false,39.54,-104.81,,LINCOLN AVE,CHAMBERS RD,On-roadway,1.00,2,Side to Side - Same Direction,,,,Side to Side - Same Direction,Straight,Level,Not Applicable,Dark-unlighted,Non-intersection,Dry,Clear,,true,false,false,false,false,No Vehicle Defects,Driver,Not Complied With,None,Not Ejected/Not Applicable,Unknown,"N/A Cars, truck, etc.",17.00,Not Deployed,No Apparent Injury,Yes Observed,Marijuana Not Suspected,No Observed,Not Tested,f,,SUV,No Special Function,false,East,Going Straight,45.00,65.00,,Speeding,Lane Violation,Evading Law Enforcement Officer,Driver Inexperience,,No Automation,,,,,,,,,,,,false,false,false,false,false,No Vehicle Defects,Driver,None,None,Not Ejected/Not Applicable,Unknown,"N/A Cars, truck, etc.",37.00,Not Deployed,No Apparent Injury,No Other Method,Marijuana Not Suspected,No Other Method,Not Tested,m,SUV,No Special Function,false,East,Going Straight,45.00,30.00,,No Contributing Action,,No apparent contributing factor,,,No Automation,,,,,,,,,,,,,,,,,,,,,,,,,,,,,,,,,,,,,,,,,,,,,,,,,,,,,,