Casetrackingid,Accidentdate,Accidenttime,Numberkilled,Numberinjured,Totalvehicles,Totalnonmotorists,Juvenilesinvolvedindicator,Secondarycrashindicator,Constructionzoneindicator,Schoolzoneindicator,Latitude,Longitude,Onroadaddress,_Primarystreet,_Crossstreet,Location,Numberoflanesblocked,Laneposition,Harmfulevent1,Harmfulevent2,Harmfulevent3,Harmfulevent4,Mostharmfulevent,Roadcontourcurves,Roadcontourgrade,Approachovertakingturn,Lightingcondition,Roaddescription,Roadcondition,Weathercondition1,Weathercondition2,Hitandrun_V1,Noncontact_V1,Parked_V1,Unlicenseddriver_V1,Duiindicator_V1,Vehicledefectcondition_V1,Positioninvehicle_D1,Drivingrestrictions_D1,Drivingendorsements_D1,Ejectionpath_D1,Safetyequipmentuse_D1,Safetyequipmenthelmet_D1,Age_D1,Airbagdeployment_D1,Injuryseverity_D1,Alcoholsuspected_D1,Marijuanasuspected_D1,Otherdrugssuspected_D1,Testedforotherdrugs_D1,Personsexcode_D1,Deadatscene_D1,Vehicletype_V1,Specialfunction_V1,Emergencylightsactivated_V1,Directionoftravel_V1,Vehiclemovement_V1,Roadwayspeedlimit_V1,Estimatedvehiclespeed_V1,Driverstatedspeed_V1,Driveraction1_V1,Driveraction2_V1,Mostapprthumancontrfactor1_V1,Mostapprthumancontrfactor2_V1,Mostapprthumancontrfactor3_V1,Autonomousvehiclecapability_V1,Drivercededcontrol_V1,Nonmotoristtype_V1,Nonmotoristmovement_V1,Nonmotoristlocation_V1,Nonmotoristlegofint_V1,Nonmotoristtypeoffacility_V1,Nonmotoristaction1_V1,Nonmotoristaction2_V1,Nonmotoristcontrfctr1_V1,Nonmotoristcontrfctr2_V1,Nonmotoristcontrfctr3_V1,Hitandrun_V2,Noncontact_V2,Parked_V2,Unlicenseddriver_V2,Duiindicator_V2,Vehicledefectcondition_V2,Positioninvehicle_D2,Drivingrestrictions_D2,Drivingendorsements_D2,Ejectionpath_D2,Safetyequipmentuse_D2,Safetyequipmenthelmet_D2,Age_D2,Airbagdeployment_D2,Injuryseverity_D2,Alcoholsuspected_D2,Marijuanasuspected_D2,Otherdrugssuspected_D2,Testedforotherdrugs_D2,Personsexcode_D2,Vehicletype_V2,Specialfunction_V2,Emergencylightsactivated_V2,Directionoftravel_V2,Vehiclemovement_V2,Roadwayspeedlimit_V2,Estimatedvehiclespeed_V2,Driverstatedspeed_V2,Driveraction1_V2,Driveraction2_V2,Mostapprthumancontrfactor1_V2,Mostapprthumancontrfactor2_V2,Mostapprthumancontrfactor3_V2,Autonomousvehiclecapability_V2,Drivercededcontrol_V2,Nonmotoristtype_V2,Nonmotoristmovement_V2,Nonmotoristlocation_V2,Nonmotoristlegofint_V2,Nonmotoristtypeoffacility_V2,Nonmotoristaction1_V2,Nonmotoristaction2_V2,Nonmotoristcontrfctr1_V2,Nonmotoristcontrfctr2_V2,Nonmotoristcontrfctr3_V2,Hitandrun_V3,Noncontact_V3,Parked_V3,Unlicenseddriver_V3,Duiindicator_V3,Positioninvehicle_D3,Drivingrestrictions_D3,Drivingendorsements_D3,Ejection_D3,Safetyequipmentuse_D3,Age_D3,Airbagdeployment_D3,Injuryseverity_D3,Alcoholsuspected_D3,Marijuanasuspected_D3,Otherdrugssuspected_D3,Testedforotherdrugs_D3,Personsexcode_D3,Vehicletype_V3,Specialfunction_V3,Emergencylightsactivated_V3,Directionoftravel_V3,Vehiclemovement_V3,Roadwayspeedlimit_V3,Estimatedvehiclespeed_V3,Driverstatedspeed_V3,Driveraction1_V3,Driveraction2_V3,Mostapprthumancontrfactor1_V3,Mostapprthumancontrfactor2_V3,Mostapprthumancontrfactor3_V3,Autonomousvehiclecapability_V3,Drivercededcontrol_V3,Nonmotoristtype_V3,Nonmotoristmovement_V3,Nonmotoristlocation_V3,Nonmotoristlegofint_V3,Nonmotoristtypeoffacility_V3,Nonmotoristaction1_V3,Nonmotoristaction2_V3,Nonmotoristcontrfctr1_V3,Nonmotoristcontrfctr2_V3,Nonmotoristcontrfctr3_V3
250090006,10/10/2025 3:31:00 PM,10/10/2025 3:31:00 PM,0.00,0.00,1.00,0.00,false,false,false,false,39.48,-105.07,,VILLAGE CIR EAST(N),RAMPART RANGE RD,Ran off right side,0.00,,Curb,,,,Curb,Straight,Uphill,Not Applicable,Daylight,At Intersection,Dry,Clear,,false,false,false,false,false,No Vehicle Defects,Driver,None,None,Not Ejected/Not Applicable,Properly used,"N/A Cars, truck, etc.",19.00,Not Deployed,No Apparent Injury,No Observed,Marijuana Not Suspected,No Observed,Not Tested,m,,Passenger Car/Passenger Van,No Special Function,false,South,Making Right Turn,45.00,70.00,70.00,Reckless Driving,,Driver Inexperience,,,No Automation,,,,,,,,,,,,,,,,,,,,,,,,,,,,,,,,,,,,,,,,,,,,,,,,,,,,,,,,,,,,,,,,,,,,,,,,,,,,,,,,,,,,,,,,,,,,,,,,,,,
250090019,10/10/2025 4:17:00 PM,10/10/2025 4:17:00 PM,0.00,1.00,2.00,0.00,false,false,false,false,39.56,-104.84,,COMPARK BLVD,PEORIA ST,On-roadway,2.00,2,Front to Side,,,,Front to Side,Straight,Level,Not Applicable,Daylight,At Intersection,Dry,Cloudy,,false,false,false,false,false,No Vehicle Defects,Driver,None,None,Not Ejected/Not Applicable,Properly used,"N/A Cars, truck, etc.",53.00,Not Deployed,No Apparent Injury,No Observed,Marijuana Not Suspected,No Observed,Not Tested,m,,Pickup Truck/Utility Van,No Special Function,false,West,Making Left Turn,35.00,15.00,15.00,Careless Driving,,No apparent contributing factor,,,No Automation,,,,,,,,,,,,false,false,false,false,false,No Vehicle Defects,Driver,None,None,Not Ejected/Not Applicable,Not used,"N/A Cars, truck, etc.",32.00,Deployed at pos. only,Suspected Minor Injury,No Observed,Marijuana Not Suspected,No Observed,Not Tested,f,Passenger Car/Passenger Van,No Special Function,false,East,Going Straight,30.00,15.00,15.00,No Contributing Action,,No apparent contributing factor,,,No Automation,,,,,,,,,,,,,,,,,,,,,,,,,,,,,,,,,,,,,,,,,,,,,,,,,,,,,,
250090020,10/10/2025 4:26:00 PM,10/10/2025 4:26:00 PM,0.00,0.00,3.00,0.00,false,false,false,false,39.42,-104.83,,MACANTA BLVD,CROWFOOT VALLEY RD,On-roadway,5.00,1,Front to Side,,,,Front to Side,Straight,Level,Not Applicable,Daylight,At Intersection,Dry,Cloudy,,false,false,false,false,false,No Vehicle Defects,Driver,None,None,Not Ejected/Not Applicable,Properly used,"N/A Cars, truck, etc.",43.00,Deployed at pos. and others,No Apparent Injury,No Observed,Marijuana Not Suspected,No Observed,Not Tested,f,,SUV,No Special Function,false,North,Making Left Turn,30.00,25.00,,Failed to Yield ROW,,Driver Unfamiliar With Area,Looked / Did Not See,,No Automation,,,,,,,,,,,,false,false,false,false,false,No Vehicle Defects,Driver,None,None,Not Ejected/Not Applicable,Properly used,"N/A Cars, truck, etc.",23.00,Deployed at pos. only,No Apparent Injury,No Observed,Marijuana Not Suspected,No Observed,Not Tested,f,Passenger Car/Passenger Van,No Special Function,false,East,Going Straight,50.00,50.00,50.00,No Contributing Action,,No apparent contributing factor,,,No Automation,,,,,,,,,,,,false,false,false,false,false,Driver,None,None,No,Properly used,45.00,Not Deployed,No Apparent Injury,No Observed,Marijuana Not Suspected,No Observed,Not Tested,f,SUV,No Special Function,false,East,Going Straight,50.00,50.00,50.00,No Contributing Action,,No apparent contributing factor,,,No Automation,,,,,,,,,,,
250090021,10/10/2025 2:58:00 PM,10/10/2025 2:58:00 PM,0.00,0.00,2.00,0.00,false,false,false,false,39.52,-104.83,13730.00,WORTHINGTON CIR,,On-roadway,0.00,,Parked Motor Vehicle,,,,Parked Motor Vehicle,Straight,Downhill,Not Applicable,Dark-lighted,Non-intersection,Dry,Clear,,true,false,false,,,,,,,,,,,,,,,,,,,Unknown Hit & Run Only,,,,,,,,,,,,,,,,,,,,,,,,,false,false,true,,,,,,,,,,,,,,,,,,Passenger Car/Passenger Van,No Special Function,false,North,Parked,,,,,,,,,,,,,,,,,,,,,,,,,,,,,,,,,,,,,,,,,,,,,,,,,,,,,,,,,,,,,,,
250090069,10/10/2025 7:30:00 PM,10/10/2025 7:30:00 PM,0.00,0.00,2.00,0.00,true,false,false,false,39.56,-104.90,,BUSINESS CENTER DR,QUEBEC ST,On-roadway,2.00,3,Front to Side,,,,Front to Side,Straight,Hill Crest,Approach Turn,Dark-lighted,At Intersection,Wet,Rain,,false,false,false,false,false,No Vehicle Defects,Driver,None,None,Not Ejected/Not Applicable,Properly used,"N/A Cars, truck, etc.",63.00,Not Deployed,Possible Injury,No Observed,Marijuana Not Suspected,No Observed,Not Tested,f,,Passenger Car/Passenger Van,No Special Function,false,East,Going Straight,35.00,20.00,5.00,Disregarded Other Device / Sign / Markings,,Not Observed,,,No Automation,,,,,,,,,,,,false,false,false,false,false,No Vehicle Defects,Driver,Not Complied With,None,Not Ejected/Not Applicable,Properly used,"N/A Cars, truck, etc.",16.00,Not Deployed,No Apparent Injury,No Observed,Marijuana Not Suspected,No Observed,Not Tested,m,SUV,No Special Function,false,West,Making Left Turn,35.00,20.00,15.00,No Contributing Action,,No apparent contributing factor,,,No Automation,,,,,,,,,,,,,,,,,,,,,,,,,,,,,,,,,,,,,,,,,,,,,,,,,,,,,,
250090082,10/10/2025 8:17:00 PM,10/10/2025 8:17:00 PM,0.00,0.00,1.00,0.00,true,false,false,false,39.44,-104.71,,DEMOCRAT RD,SOUTH PINERY PKWY,"Ran off ""T"" intersection",0.00,1,Curb,,,,Curb,Straight,Downhill,Not Applicable,Dark-unlighted,At Intersection,Wet,Rain,,false,false,false,false,false,No Vehicle Defects,Driver,Complied With,None,Not Ejected/Not Applicable,Properly used,"N/A Cars, truck, etc.",17.00,Deployed at pos. and others,No Apparent Injury,No Observed,Marijuana Not Suspected,No Observed,Not Tested,m,,SUV,No Special Function,false,West,Going Straight,30.00,55.00,50.00,Speeding,Disregard Stop Sign,Driver Inexperience,,,Driver Assistance,,,,,,,,,,,,,,,,,,,,,,,,,,,,,,,,,,,,,,,,,,,,,,,,,,,,,,,,,,,,,,,,,,,,,,,,,,,,,,,,,,,,,,,,,,,,,,,,,,,
250090313,10/11/2025 4:20:00 PM,10/11/2025 4:20:00 PM,0.00,0.00,1.00,0.00,false,false,false,false,39.32,-104.81,,LAKE GULCH RD,RIDGE RD,On-roadway,2.00,1,Other Non-Collision,,,,Other Non-Collision,Curve Right,Uphill,Not Applicable,Daylight,At Intersection,Dry,Cloudy,,false,false,false,false,false,No Vehicle Defects,Driver,None,None,Motorcycle,Not used,Helmet Properly Used,31.00,Not Equipped,Suspected Minor Injury,No Preliminary Breath Test,Marijuana Not Suspected,No Observed,Not Tested,m,,Motorcycle,No Special Function,false,South,Going Straight,45.00,45.00,45.00,Signaling Violation,,Not Observed,,,No Automation,,,,,,,,,,,,,,,,,,,,,,,,,,,,,,,,,,,,,,,,,,,,,,,,,,,,,,,,,,,,,,,,,,,,,,,,,,,,,,,,,,,,,,,,,,,,,,,,,,,
250090459,10/12/2025 1:46:00 AM,10/12/2025 1:46:00 AM,0.00,0.00,1.00,0.00,false,true,false,false,39.56,-104.91,8700.00,QUEBEC ST,,On-roadway,0.00,1,Curb,,,,Curb,Curve Left,Uphill,Not Applicable,Daylight,Non-intersection,Dry,Clear,,false,false,false,false,true,No Vehicle Defects,Driver,Not Complied With,None,Not Ejected/Not Applicable,Unknown,"N/A Cars, truck, etc.",18.00,Not Deployed,No Apparent Injury,Yes SFST,Unknown,No Observed,Not Tested,m,,SUV,No Special Function,false,South,Traveled Wrong Way,45.00,40.00,,Lane Violation,Reckless Driving,Other Factor,,,No Automation,,,,,,,,,,,,,,,,,,,,,,,,,,,,,,,,,,,,,,,,,,,,,,,,,,,,,,,,,,,,,,,,,,,,,,,,,,,,,,,,,,,,,,,,,,,,,,,,,,,
250090634,10/12/2025 2:50:00 PM,10/12/2025 2:50:00 PM,0.00,2.00,2.00,0.00,false,false,false,false,39.44,-104.91,5500.00,DANIELS PARK RD,,Ran off right side,0.00,1,Front to Rear,Overturning/Rollover,Ditch,,Overturning/Rollover,Straight,Downhill,Not Applicable,Daylight,Non-intersection,Dry,Clear,,false,false,false,true,false,No Vehicle Defects,Driver,Not Complied With,Not Complied With,Motorcycle,Properly used,Helmet Properly Used,27.00,Not Equipped,Suspected Serious Injury,No Observed,Marijuana Not Suspected,No Observed,Not Tested,m,,Motorcycle,No Special Function,false,South,Swerve/Avoidance,40.00,40.00,45.00,Followed Too Closely,,Distracted/Other Exterior,,,No Automation,,,,,,,,,,,,false,false,false,false,false,No Vehicle Defects,Driver,None,Not Complied With,Motorcycle,Properly used,No Helmet,51.00,Not Equipped,Suspected Minor Injury,No Observed,Marijuana Not Suspected,No Observed,Not Tested,m,Motorcycle,No Special Function,false,South,Slowing,40.00,40.00,38.00,No Contributing Action,,No apparent contributing factor,,,No Automation,,,,,,,,,,,,,,,,,,,,,,,,,,,,,,,,,,,,,,,,,,,,,,,,,,,,,,
250090659,10/12/2025 4:35:00 PM,10/12/2025 4:35:00 PM,0.00,1.00,1.00,0.00,false,false,false,false,39.32,-104.97,3000.00,PERRY PARK RD,,Ran off right side,0.00,1,Fence,Tree,Other Fixed Object,Other non-Fixed Object,Other Fixed Object,Curve Left,Level,Not Applicable,Daylight,Non-intersection,Dry,Clear,,false,false,false,false,false,No Vehicle Defects,Driver,Complied With,None,Not Ejected/Not Applicable,Properly used,"N/A Cars, truck, etc.",84.00,Deployed at pos. and others,Suspected Minor Injury,No Observed,Marijuana Not Suspected,No Observed,Not Tested,m,,Pickup Truck/Utility Van,No Special Function,false,South,Going Straight,50.00,50.00,50.00,Careless Driving,,Medical,,,No Automation,,,,,,,,,,,,,,,,,,,,,,,,,,,,,,,,,,,,,,,,,,,,,,,,,,,,,,,,,,,,,,,,,,,,,,,,,,,,,,,,,,,,,,,,,,,,,,,,,,,
250091018,10/13/2025 5:56:00 PM,10/13/2025 5:56:00 PM,0.00,0.00,2.00,0.00,false,false,false,false,39.53,-104.83,,TALL OAK ST,BRISTLERIDGE DR,On-roadway,0.00,1,Rear to Side,,,,Rear to Side,Straight,Level,Not Applicable,Daylight,Roundabout,Dry,Clear,,false,false,false,false,false,No Vehicle Defects,Driver,None,None,Not Ejected/Not Applicable,Properly used,"N/A Cars, truck, etc.",33.00,Not Deployed,No Apparent Injury,No Observed,Marijuana Not Suspected,No Observed,Not Tested,m,,Pickup Truck/Utility Van,No Special Function,false,North,Traveled Wrong Way,25.00,5.00,5.00,Disregarded Other Device / Sign / Markings,Lane Violation,Driver Unfamiliar With Area,,,No Automation,,,,,,,,,,,,false,false,false,false,false,No Vehicle Defects,Driver,None,Complied With,Not Ejected/Not Applicable,Properly used,"N/A Cars, truck, etc.",46.00,Not Deployed,No Apparent Injury,No Observed,Marijuana Not Suspected,No Observed,Not Tested,m,SUV,No Special Function,false,South,Negotiating a Curve,25.00,5.00,5.00,No Contributing Action,,No apparent contributing factor,,,No Automation,,,,,,,,,,,,,,,,,,,,,,,,,,,,,,,,,,,,,,,,,,,,,,,,,,,,,,
250091160,10/14/2025 8:00:00 AM,10/14/2025 8:00:00 AM,0.00,0.00,1.00,1.00,true,false,false,false,39.56,-104.94,,CANYON RANCH RD,COLORADO BLVD,On-roadway,0.00,1,Front to Side,,,,Front to Side,Straight,Level,Not Applicable,Daylight,Intersection Related,Dry,Clear,,false,false,false,false,false,No Vehicle Defects,Driver,None,None,Not Ejected/Not Applicable,Properly used,"N/A Cars, truck, etc.",76.00,Not Deployed,No Apparent Injury,No Observed,Marijuana Not Suspected,No Observed,Not Tested,m,,Pickup Truck/Utility Van,No Special Function,false,East,Making Left Turn,15.00,5.00,5.00,No Contributing Action,,No apparent contributing factor,,,No Automation,,Other Bicyclist/Cyclist,Going Straight,Intersection-Marked Crosswalk,North,Crosswalk,Failure to Yield Right-Of-Way,,,,,,,,,,,,,,,,Helmet Properly Used,15.00,,No Apparent Injury,No Other Method,Unknown,No Other Method,Not Tested,m,,,,,,,,,,,,,,,,,,,,,,,,,,,,,,,,,,,,,,,,,,,,,,,,,,,,,,,,,,,,,,,,,,,,
250091381,10/14/2025 4:18:00 PM,10/14/2025 4:18:00 PM,0.00,0.00,2.00,0.00,false,false,false,false,39.54,-104.94,,HIGHLANDS RANCH PKWY,UNIVERSITY BLVD,On-roadway,1.00,4,Front to Rear,,,,Front to Rear,Straight,Uphill,Not Applicable,Daylight,Intersection Related,Dry,Clear,,true,false,false,false,true,No Vehicle Defects,Driver,Not Complied With,None,Not Ejected/Not Applicable,Properly used,"N/A Cars, truck, etc.",61.00,Not Deployed,No Apparent Injury,Yes SFST,Marijuana Not Suspected,No Observed,Blood,f,,Passenger Car/Passenger Van,No Special Function,false,Northeast,Going Straight,45.00,40.00,40.00,Failed to Stop at Signal,Careless Driving,Driver Emotionally Upset,,,No Automation,,,,,,,,,,,,false,false,false,false,false,No Vehicle Defects,Driver,None,None,Not Ejected/Not Applicable,Properly used,"N/A Cars, truck, etc.",27.00,Not Deployed,No Apparent Injury,No Observed,Marijuana Not Suspected,No Observed,Not Tested,m,SUV,No Special Function,false,Northeast,Stopped in Traffic,45.00,0.00,0.00,No Contributing Action,,No apparent contributing factor,,,No Automation,,,,,,,,,,,,,,,,,,,,,,,,,,,,,,,,,,,,,,,,,,,,,,,,,,,,,,
250091402,9/17/2025 10:51:00 AM,9/17/2025 10:51:00 AM,0.00,0.00,2.00,0.00,false,false,false,false,39.55,-104.90,13225.00,PEACOCK DR,,On-roadway,0.00,1,Parked Motor Vehicle,,,,Parked Motor Vehicle,Straight,Level,Not Applicable,Daylight,Non-intersection,,,,true,false,false,false,false,No Vehicle Defects,,,,,,,,,,,,,,,,Pickup Truck/Utility Van,No Special Function,false,West,Entering/Leaving Parked Position,25.00,2.00,,Improper Backing,,No apparent contributing factor,,,No Automation,,,,,,,,,,,,false,false,true,,,,,,,,,,,,,,,,,,Motor Home,No Special Function,false,Northwest,Parked,,,,,,,,,,,,,,,,,,,,,,,,,,,,,,,,,,,,,,,,,,,,,,,,,,,,,,,,,,,,,,,
250091432,10/14/2025 8:00:00 PM,10/14/2025 8:00:00 PM,0.00,0.00,2.00,0.00,false,false,false,false,39.55,-104.93,,SANDERLING WAY,POCHARD ST,On-roadway,0.00,,Parked Motor Vehicle,,,,Parked Motor Vehicle,Curve Left,Level,Not Applicable,Dark-unlighted,Non-intersection,Dry,Clear,,true,false,false,false,false,No Vehicle Defects,Driver,Compliance Not Known,,Not Ejected/Not Applicable,Unknown,"N/A Cars, truck, etc.",26.00,Not Deployed,No Apparent Injury,,,,,f,,Other Vehicle Type,Other,false,Southeast,Backing,25.00,15.00,,Improper Backing,,Not Observed,,,No Automation,,,,,,,,,,,,false,false,true,,,,,,,,,,,,,,,,,,SUV,No Special Function,false,West,Parked,,,,,,,,,,,,,,,,,,,,,,,,,,,,,,,,,,,,,,,,,,,,,,,,,,,,,,,,,,,,,,,
250091497,10/15/2025 7:38:00 AM,10/15/2025 7:38:00 AM,0.00,0.00,2.00,0.00,true,false,false,false,39.24,-104.97,4384.00,RED ROCK DR,,On-roadway,1.00,1,Front to Rear,,,,Front to Rear,Curve Right,Downhill,Not Applicable,Dawn or dusk,Driveway Access Related,Dry,Clear,,false,false,false,false,false,No Vehicle Defects,Driver,None,None,Not Ejected/Not Applicable,Properly used,"N/A Cars, truck, etc.",21.00,Not Deployed,No Apparent Injury,No Observed,Marijuana Not Suspected,No Observed,Not Tested,f,,SUV,No Special Function,false,East,Going Straight,30.00,30.00,30.00,Too Fast For Conditions,,No apparent contributing factor,,,No Automation,,,,,,,,,,,,false,false,false,false,false,No Vehicle Defects,Driver,None,None,Not Ejected/Not Applicable,Properly used,"N/A Cars, truck, etc.",44.00,Not Deployed,No Apparent Injury,No Observed,Marijuana Not Suspected,No Observed,Not Tested,m,Passenger Car/Passenger Van,No Special Function,false,East,Making Right Turn,30.00,5.00,3.00,No Contributing Action,,No apparent contributing factor,,,No Automation,,,,,,,,,,,,,,,,,,,,,,,,,,,,,,,,,,,,,,,,,,,,,,,,,,,,,,
250091602,10/15/2025 1:24:00 PM,10/15/2025 1:24:00 PM,0.00,0.00,1.00,0.00,false,false,false,false,39.48,-104.92,7700.00,DANIELS PARK RD,,Ran off right side,0.00,1,Embankment,,,,Embankment,Curve Left,Level,Not Applicable,Daylight,Non-intersection,Dry,Clear,,false,false,false,false,false,No Vehicle Defects,Driver,None,None,Not Ejected/Not Applicable,Properly used,"N/A Cars, truck, etc.",77.00,Deployed at pos. only,No Apparent Injury,No Observed,Marijuana Not Suspected,No Observed,Not Tested,m,,Pickup Truck/Utility Van,No Special Function,false,North,Going Straight,25.00,25.00,25.00,Over-Correcting / Over-Steering,,Other Factor,,,No Automation,,,,,,,,,,,,,,,,,,,,,,,,,,,,,,,,,,,,,,,,,,,,,,,,,,,,,,,,,,,,,,,,,,,,,,,,,,,,,,,,,,,,,,,,,,,,,,,,,,,
250091658,10/15/2025 3:30:00 PM,10/15/2025 3:30:00 PM,0.00,0.00,3.00,0.00,true,false,false,false,39.53,-104.92,,QUEBEC ST,GLENSTONE CIR(N),On-roadway,1.00,3,Front to Rear,,,,Front to Rear,Straight,Sag/Bottom,Not Applicable,Daylight,At Intersection,Dry,Clear,,false,false,false,false,false,No Vehicle Defects,Driver,None,None,Not Ejected/Not Applicable,Properly used,"N/A Cars, truck, etc.",73.00,Not Deployed,No Apparent Injury,No Observed,Marijuana Not Suspected,No Observed,Not Tested,f,,SUV,No Special Function,false,South,Going Straight,45.00,25.00,40.00,Followed Too Closely,,Age / Driver Ability,,,No Automation,,,,,,,,,,,,false,false,false,false,false,No Vehicle Defects,Driver,None,None,Not Ejected/Not Applicable,Properly used,"N/A Cars, truck, etc.",42.00,Not Deployed,No Apparent Injury,No Observed,Marijuana Not Suspected,No Observed,Not Tested,m,SUV,No Special Function,false,South,Stopped in Traffic,45.00,0.00,0.00,No Contributing Action,,No apparent contributing factor,,,No Automation,,,,,,,,,,,,false,false,false,false,false,Driver,Complied With,None,No,Properly used,67.00,Not Deployed,No Apparent Injury,No Observed,Marijuana Not Suspected,No Observed,Not Tested,m,SUV,No Special Function,false,South,Other,45.00,0.00,0.00,No Contributing Action,,No apparent contributing factor,,,No Automation,,,,,,,,,,,
250091817,10/16/2025 8:31:00 AM,10/16/2025 8:31:00 AM,0.00,0.00,2.00,0.00,true,false,false,false,39.48,-105.07,,RAMPART RANGE RD,VILLAGE CIR WEST(N),On-roadway,0.00,1,Front to Rear,,,,Front to Rear,Straight,Level,Not Applicable,Daylight,At Intersection,Dry,Clear,,true,false,false,,,,,,,,,,,,,,,,,,,Passenger Car/Passenger Van,No Special Function,false,East,Making Left Turn,25.00,5.00,5.00,Failed to Stop at Signal,,Not Observed,,,No Automation,,,,,,,,,,,,false,false,false,false,false,No Vehicle Defects,Driver,Complied With,None,Not Ejected/Not Applicable,Properly used,"N/A Cars, truck, etc.",17.00,Not Deployed,No Apparent Injury,No Observed,Marijuana Not Suspected,No Observed,Not Tested,f,Passenger Car/Passenger Van,No Special Function,false,East,Stopped in Traffic,,,,No Contributing Action,,No apparent contributing factor,,,No Automation,,,,,,,,,,,,,,,,,,,,,,,,,,,,,,,,,,,,,,,,,,,,,,,,,,,,,,
250091846,10/16/2025 10:14:00 AM,10/16/2025 10:14:00 AM,0.00,0.00,2.00,0.00,false,false,false,false,39.54,-104.85,11802.00,OSWEGO ST,,On Private Property,0.00,1,Curb,Sign,Parked Motor Vehicle,,Parked Motor Vehicle,Straight,Level,Not Applicable,Daylight,Driveway Access Related,Dry,Clear,,false,false,false,false,false,No Vehicle Defects,Driver,Complied With,None,Not Ejected/Not Applicable,Properly used,"N/A Cars, truck, etc.",19.00,Deployed at pos. only,No Apparent Injury,No Observed,Marijuana Not Suspected,No Observed,Not Tested,m,,SUV,No Special Function,false,West,Making Right Turn,15.00,30.00,30.00,Speeding,Improper Turn,No apparent contributing factor,,,No Automation,,,,,,,,,,,,false,false,true,,,,,,,,,,,,,,,,,,Pickup Truck/Utility Van,No Special Function,false,West,Parked,,,,,,,,,,,,,,,,,,,,,,,,,,,,,,,,,,,,,,,,,,,,,,,,,,,,,,,,,,,,,,,
250091891,10/16/2025 12:13:00 PM,10/16/2025 12:13:00 PM,0.00,0.00,2.00,0.00,false,false,false,false,39.55,-105.00,,HIGHLANDS RANCH PKWY,RIDGELINE BLVD,On-roadway,1.00,1,Front to Side,,,,Front to Side,,,,,,,,,false,false,false,false,false,No Vehicle Defects,Driver,None,None,Not Ejected/Not Applicable,Properly used,"N/A Cars, truck, etc.",76.00,Not Deployed,No Apparent Injury,No Observed,Marijuana Not Suspected,No Observed,Not Tested,f,,SUV,No Special Function,false,East,Making Right Turn,45.00,15.00,15.00,Failed to Yield ROW,,No apparent contributing factor,,,No Automation,,,,,,,,,,,,false,false,false,false,false,No Vehicle Defects,Driver,None,None,Not Ejected/Not Applicable,Properly used,"N/A Cars, truck, etc.",72.00,Not Deployed,No Apparent Injury,No Observed,Marijuana Not Suspected,No Observed,Not Tested,f,SUV,No Special Function,false,South,Making Left Turn,30.00,15.00,15.00,No Contributing Action,,No apparent contributing factor,,,No Automation,,,,,,,,,,,,,,,,,,,,,,,,,,,,,,,,,,,,,,,,,,,,,,,,,,,,,,
250092002,10/16/2025 5:00:00 PM,10/16/2025 5:00:00 PM,0.00,0.00,2.00,0.00,true,false,false,false,39.55,-105.00,,TOWN CENTER DR,SSG CHRIS FALKEL DR,On-roadway,1.00,1,Front to Side,,,,Front to Side,Straight,Level,Not Applicable,Daylight,At Intersection,Dry,Clear,,false,false,false,false,false,No Vehicle Defects,Driver,None,None,Not Ejected/Not Applicable,Properly used,"N/A Cars, truck, etc.",17.00,"Not deployed at pos., deployed at others",No Apparent Injury,No Observed,Marijuana Not Suspected,No Observed,Not Tested,m,,SUV,No Special Function,false,West,Going Straight,40.00,25.00,35.00,Failed to Yield ROW,,Age / Driver Ability,,,No Automation,,,,,,,,,,,,false,false,false,false,false,No Vehicle Defects,Driver,None,None,Not Ejected/Not Applicable,Properly used,"N/A Cars, truck, etc.",49.00,Not Deployed,No Apparent Injury,No Observed,Marijuana Not Suspected,No Observed,Not Tested,m,Passenger Car/Passenger Van,No Special Function,false,East,Going Straight,40.00,30.00,30.00,No Contributing Action,,No apparent contributing factor,,,No Automation,,,,,,,,,,,,,,,,,,,,,,,,,,,,,,,,,,,,,,,,,,,,,,,,,,,,,,
250092082,10/16/2025 10:47:00 PM,10/16/2025 10:47:00 PM,0.00,0.00,5.00,0.00,true,false,false,false,39.56,-104.98,8440.00,SUNFLOWER ST,,On-roadway,2.00,1,Parked Motor Vehicle,,,,Parked Motor Vehicle,Straight,Level,Not Applicable,Dark-lighted,Non-intersection,Dry,Clear,,false,false,false,false,true,No Vehicle Defects,Driver,Not Complied With,None,Not Ejected/Not Applicable,Properly used,"N/A Cars, truck, etc.",16.00,Deployed at pos. and others,No Apparent Injury,Yes Observed,Marijuana Not Suspected,No Observed,Not Tested,f,,Passenger Car/Passenger Van,No Special Function,false,South,Going Straight,25.00,60.00,2.00,Reckless Driving,Speeding,Driver Inexperience,Other Factor,,No Automation,,,,,,,,,,,,false,false,true,,,,,,,,,,,,,,,,,,SUV,No Special Function,false,South,Parked,,,,,,,,,,,,,,,,,,,,,false,false,true,,,,,,,,,,,,,,,,SUV,No Special Function,false,South,Parked,,,,,,,,,,,,,,,,,,,,