Casetrackingid,Accidentdate,Accidenttime,Numberkilled,Numberinjured,Totalvehicles,Totalnonmotorists,Juvenilesinvolvedindicator,Secondarycrashindicator,Constructionzoneindicator,Schoolzoneindicator,Latitude,Longitude,Onroadaddress,_Primarystreet,_Crossstreet,Location,Numberoflanesblocked,Laneposition,Harmfulevent1,Harmfulevent2,Harmfulevent3,Harmfulevent4,Mostharmfulevent,Roadcontourcurves,Roadcontourgrade,Approachovertakingturn,Lightingcondition,Roaddescription,Roadcondition,Weathercondition1,Weathercondition2,Hitandrun_V1,Noncontact_V1,Parked_V1,Unlicenseddriver_V1,Duiindicator_V1,Vehicledefectcondition_V1,Positioninvehicle_D1,Drivingrestrictions_D1,Drivingendorsements_D1,Ejectionpath_D1,Safetyequipmentuse_D1,Safetyequipmenthelmet_D1,Age_D1,Airbagdeployment_D1,Injuryseverity_D1,Alcoholsuspected_D1,Marijuanasuspected_D1,Otherdrugssuspected_D1,Testedforotherdrugs_D1,Personsexcode_D1,Deadatscene_D1,Vehicletype_V1,Specialfunction_V1,Emergencylightsactivated_V1,Directionoftravel_V1,Vehiclemovement_V1,Roadwayspeedlimit_V1,Estimatedvehiclespeed_V1,Driverstatedspeed_V1,Driveraction1_V1,Driveraction2_V1,Mostapprthumancontrfactor1_V1,Mostapprthumancontrfactor2_V1,Mostapprthumancontrfactor3_V1,Autonomousvehiclecapability_V1,Drivercededcontrol_V1,Nonmotoristtype_V1,Nonmotoristmovement_V1,Nonmotoristlocation_V1,Nonmotoristlegofint_V1,Nonmotoristtypeoffacility_V1,Nonmotoristaction1_V1,Nonmotoristaction2_V1,Nonmotoristcontrfctr1_V1,Nonmotoristcontrfctr2_V1,Nonmotoristcontrfctr3_V1,Hitandrun_V2,Noncontact_V2,Parked_V2,Unlicenseddriver_V2,Duiindicator_V2,Vehicledefectcondition_V2,Positioninvehicle_D2,Drivingrestrictions_D2,Drivingendorsements_D2,Ejectionpath_D2,Safetyequipmentuse_D2,Safetyequipmenthelmet_D2,Age_D2,Airbagdeployment_D2,Injuryseverity_D2,Alcoholsuspected_D2,Marijuanasuspected_D2,Otherdrugssuspected_D2,Testedforotherdrugs_D2,Personsexcode_D2,Vehicletype_V2,Specialfunction_V2,Emergencylightsactivated_V2,Directionoftravel_V2,Vehiclemovement_V2,Roadwayspeedlimit_V2,Estimatedvehiclespeed_V2,Driverstatedspeed_V2,Driveraction1_V2,Driveraction2_V2,Mostapprthumancontrfactor1_V2,Mostapprthumancontrfactor2_V2,Mostapprthumancontrfactor3_V2,Autonomousvehiclecapability_V2,Drivercededcontrol_V2,Nonmotoristtype_V2,Nonmotoristmovement_V2,Nonmotoristlocation_V2,Nonmotoristlegofint_V2,Nonmotoristtypeoffacility_V2,Nonmotoristaction1_V2,Nonmotoristaction2_V2,Nonmotoristcontrfctr1_V2,Nonmotoristcontrfctr2_V2,Nonmotoristcontrfctr3_V2,Hitandrun_V3,Noncontact_V3,Parked_V3,Unlicenseddriver_V3,Duiindicator_V3,Positioninvehicle_D3,Drivingrestrictions_D3,Drivingendorsements_D3,Ejection_D3,Safetyequipmentuse_D3,Age_D3,Airbagdeployment_D3,Injuryseverity_D3,Alcoholsuspected_D3,Marijuanasuspected_D3,Otherdrugssuspected_D3,Testedforotherdrugs_D3,Personsexcode_D3,Vehicletype_V3,Specialfunction_V3,Emergencylightsactivated_V3,Directionoftravel_V3,Vehiclemovement_V3,Roadwayspeedlimit_V3,Estimatedvehiclespeed_V3,Driverstatedspeed_V3,Driveraction1_V3,Driveraction2_V3,Mostapprthumancontrfactor1_V3,Mostapprthumancontrfactor2_V3,Mostapprthumancontrfactor3_V3,Autonomousvehiclecapability_V3,Drivercededcontrol_V3,Nonmotoristtype_V3,Nonmotoristmovement_V3,Nonmotoristlocation_V3,Nonmotoristlegofint_V3,Nonmotoristtypeoffacility_V3,Nonmotoristaction1_V3,Nonmotoristaction2_V3,Nonmotoristcontrfctr1_V3,Nonmotoristcontrfctr2_V3,Nonmotoristcontrfctr3_V3
250094978,10/25/2025 8:17:00 PM,10/25/2025 8:17:00 PM,0.00,0.00,2.00,0.00,true,false,false,false,39.55,-104.99,,HIGHLANDS RANCH PKWY,RIDGELINE BLVD,On-roadway,0.00,1,Front to Rear,,,,Front to Rear,Straight,Level,Not Applicable,Dark-lighted,Non-intersection,Dry,Clear,,false,false,false,false,false,No Vehicle Defects,Driver,None,None,Not Ejected/Not Applicable,Properly used,"N/A Cars, truck, etc.",17.00,Not Deployed,No Apparent Injury,No Observed,Marijuana Not Suspected,No Observed,Not Tested,m,,Pickup Truck/Utility Van,No Special Function,false,West,Going Straight,45.00,45.00,45.00,Followed Too Closely,,Driver Inexperience,,,No Automation,,,,,,,,,,,,false,false,false,false,false,No Vehicle Defects,Driver,None,None,Not Ejected/Not Applicable,Not used,"N/A Cars, truck, etc.",25.00,Not Deployed,No Apparent Injury,No SFST,Marijuana Not Suspected,No SFST,Not Tested,m,SUV,No Special Function,false,West,Stopped in Traffic,45.00,0.00,,No Contributing Action,,No apparent contributing factor,,,No Automation,,,,,,,,,,,,,,,,,,,,,,,,,,,,,,,,,,,,,,,,,,,,,,,,,,,,,,
250095216,10/26/2025 6:12:00 PM,10/26/2025 6:12:00 PM,0.00,0.00,2.00,0.00,false,false,false,false,39.54,-104.95,,HIGHLANDS RANCH PKWY,3676,On-roadway,0.00,1,Front to Rear,,,,Front to Rear,Straight,Level,Not Applicable,Dark-lighted,Intersection Related,Dry,Clear,,false,false,false,false,false,No Vehicle Defects,Driver,None,None,Not Ejected/Not Applicable,Properly used,"N/A Cars, truck, etc.",69.00,Not Deployed,No Apparent Injury,No Observed,Marijuana Not Suspected,No Observed,Not Tested,f,,SUV,No Special Function,false,West,Making Left Turn,45.00,15.00,5.00,Careless Driving,,Age / Driver Ability,,,No Automation,,,,,,,,,,,,false,false,false,false,false,No Vehicle Defects,Driver,None,None,Not Ejected/Not Applicable,Properly used,"N/A Cars, truck, etc.",28.00,Not Deployed,No Apparent Injury,No Observed,Marijuana Not Suspected,No Observed,Not Tested,f,SUV,No Special Function,false,West,Making Left Turn,45.00,5.00,5.00,No Contributing Action,,No apparent contributing factor,,,No Automation,,,,,,,,,,,,,,,,,,,,,,,,,,,,,,,,,,,,,,,,,,,,,,,,,,,,,,
250095604,10/27/2025 8:25:00 PM,10/27/2025 8:25:00 PM,0.00,0.00,2.00,0.00,false,false,false,false,39.54,-104.95,,HIGHLANDS RANCH PKWY,FAIRVIEW PKWY,On-roadway,1.00,3,Front to Rear,,,,Front to Rear,Straight,Uphill,Not Applicable,Dark-lighted,Intersection Related,Wet,Rain,,false,false,false,false,false,No Vehicle Defects,Driver,None,None,Not Ejected/Not Applicable,Properly used,"N/A Cars, truck, etc.",56.00,Deployed at pos. only,No Apparent Injury,No Observed,Marijuana Not Suspected,No Observed,Not Tested,f,,SUV,No Special Function,false,East,Going Straight,45.00,25.00,,Careless Driving,,Looked / Did Not See,,,No Automation,,,,,,,,,,,,false,false,false,false,false,No Vehicle Defects,Driver,None,None,Not Ejected/Not Applicable,Properly used,"N/A Cars, truck, etc.",56.00,Deployed at pos. only,No Apparent Injury,No Observed,Marijuana Not Suspected,No Observed,Not Tested,f,SUV,No Special Function,false,East,Going Straight,45.00,25.00,,Careless Driving,,Looked / Did Not See,,,No Automation,,,,,,,,,,,,,,,,,,,,,,,,,,,,,,,,,,,,,,,,,,,,,,,,,,,,,,
250095862,10/28/2025 3:00:00 PM,10/28/2025 3:00:00 PM,0.00,1.00,1.00,1.00,true,false,false,false,39.54,-104.93,,UNIVERSITY BLVD,CRESTHILL LN,On-roadway,4.00,5,Bicycle / Motorized Bicycle,Ground,,,Bicycle / Motorized Bicycle,Straight,Level,Not Applicable,Daylight,At Intersection,Dry,Clear,,false,false,false,false,false,No Vehicle Defects,Driver,None,None,Not Ejected/Not Applicable,Unknown,"N/A Cars, truck, etc.",18.00,Not Deployed,No Apparent Injury,No Other Method,Unknown,No Other Method,Not Tested,f,,Passenger Car/Passenger Van,No Special Function,false,West,Making Right Turn,45.00,5.00,5.00,Careless Driving,Failed to Yield ROW,Not Observed,Looked / Did Not See,,No Automation,,Bicyclist,Going Straight,Intersection-Marked Crosswalk,Northeast,Crosswalk,No Contributing Action,No Contributing Action,,,,,,,,,,,,,,,"Available, not used",12.00,,Suspected Minor Injury,No Observed,Marijuana Not Suspected,No Observed,Not Tested,f,,,,,,,,,,,,,,,,,,,,,,,,,,,,,,,,,,,,,,,,,,,,,,,,,,,,,,,,,,,,,,,,,,,,
250095929,10/28/2025 5:38:00 PM,10/28/2025 5:38:00 PM,0.00,1.00,3.00,0.00,true,false,false,false,39.56,-104.91,,POPLAR WAY,BUSINESS CENTER DR,On-roadway,3.00,1,Front to Side,Side to Side - Opposite Direction,,,Front to Side,Straight,Downhill,Not Applicable,Dawn or dusk,At Intersection,Dry,Clear,,false,false,false,false,false,No Vehicle Defects,Driver,None,None,Not Ejected/Not Applicable,Properly used,"N/A Cars, truck, etc.",70.00,Deployed at pos. and others,No Apparent Injury,No Observed,Marijuana Not Suspected,No Observed,Not Tested,m,,Passenger Car/Passenger Van,No Special Function,false,North,Going Straight,35.00,10.00,10.00,Careless Driving,Failed to Yield ROW,Looked / Did Not See,Age / Driver Ability,,No Automation,,,,,,,,,,,,false,false,false,false,false,No Vehicle Defects,Driver,None,None,Not Ejected/Not Applicable,Properly used,"N/A Cars, truck, etc.",53.00,Deployed at pos. and others,Suspected Minor Injury,No Observed,Marijuana Not Suspected,No Observed,Not Tested,f,Passenger Car/Passenger Van,No Special Function,false,West,Going Straight,35.00,20.00,20.00,No Contributing Action,,No apparent contributing factor,,,No Automation,,,,,,,,,,,,false,false,false,false,false,Driver,None,None,No,Properly used,19.00,Not Deployed,No Apparent Injury,No Observed,Marijuana Not Suspected,No Observed,Not Tested,m,Passenger Car/Passenger Van,No Special Function,false,South,Stopped in Traffic,35.00,0.00,0.00,No Contributing Action,,No apparent contributing factor,,,No Automation,,,,,,,,,,,
250095932,10/28/2025 5:43:00 PM,10/28/2025 5:43:00 PM,0.00,0.00,2.00,0.00,false,false,false,false,39.56,-104.86,355.00,INVERNESS DR SOUTH,,On-roadway,1.00,1,Front to Side,,,,Front to Side,Straight,Downhill,Not Applicable,Daylight,Driveway Access Related,Dry,Clear,,false,false,false,false,false,No Vehicle Defects,Driver,None,None,Not Ejected/Not Applicable,Properly used,"N/A Cars, truck, etc.",54.00,Not Deployed,No Apparent Injury,No Observed,Marijuana Not Suspected,No Observed,Not Tested,m,,Pickup Truck/Utility Van,No Special Function,false,North,Making Left Turn,15.00,5.00,5.00,Failed to Yield ROW,,Looked / Did Not See,,,No Automation,,,,,,,,,,,,false,false,false,false,false,No Vehicle Defects,Driver,None,None,Not Ejected/Not Applicable,Properly used,"N/A Cars, truck, etc.",67.00,Not Deployed,Possible Injury,No Observed,Marijuana Not Suspected,No Observed,Not Tested,f,Passenger Car/Passenger Van,No Special Function,false,East,Going Straight,30.00,30.00,30.00,No Contributing Action,,No apparent contributing factor,,,No Automation,,,,,,,,,,,,,,,,,,,,,,,,,,,,,,,,,,,,,,,,,,,,,,,,,,,,,,
250095973,10/28/2025 10:49:00 PM,10/28/2025 10:49:00 PM,0.00,0.00,1.00,0.00,false,false,false,false,39.49,-105.04,,WATERTON RD,EAGLE RIVER ST,On-roadway,0.00,1,Wild Animal,,,,Wild Animal,Curve Right,Uphill,Not Applicable,Dark-unlighted,At Intersection,Dry,Clear,,false,false,false,false,false,No Vehicle Defects,Driver,Complied With,None,Not Ejected/Not Applicable,Properly used,"N/A Cars, truck, etc.",59.00,Not Deployed,No Apparent Injury,No Observed,Marijuana Not Suspected,No Observed,Not Tested,m,,SUV,No Special Function,false,West,Going Straight,45.00,45.00,45.00,No Contributing Action,,No apparent contributing factor,,,No Automation,,,,,,,,,,,,,,,,,,,,,,,,,,,,,,,,,,,,,,,,,,,,,,,,,,,,,,,,,,,,,,,,,,,,,,,,,,,,,,,,,,,,,,,,,,,,,,,,,,,
250095998,10/29/2025 7:33:00 AM,10/29/2025 7:33:00 AM,0.00,0.00,2.00,0.00,true,false,false,false,39.53,-104.92,10500.00,QUEBEC ST,,On-roadway,0.00,1,Front to Rear,,,,Front to Rear,Curve Right,Level,Not Applicable,Daylight,Intersection Related,Dry,Clear,,false,false,false,false,false,No Vehicle Defects,Driver,None,None,Not Ejected/Not Applicable,Properly used,"N/A Cars, truck, etc.",16.00,Not Deployed,No Apparent Injury,No Observed,Marijuana Not Suspected,No Observed,Not Tested,f,,SUV,No Special Function,false,South,Going Straight,45.00,45.00,45.00,Followed Too Closely,,Driver Inexperience,,,No Automation,,,,,,,,,,,,false,false,false,false,false,No Vehicle Defects,Driver,None,None,Not Ejected/Not Applicable,Properly used,"N/A Cars, truck, etc.",17.00,Not Deployed,No Apparent Injury,No Observed,Marijuana Not Suspected,No Observed,Not Tested,f,SUV,No Special Function,false,South,Slowing,45.00,30.00,25.00,No Contributing Action,,No apparent contributing factor,,,No Automation,,,,,,,,,,,,,,,,,,,,,,,,,,,,,,,,,,,,,,,,,,,,,,,,,,,,,,
250096174,10/29/2025 1:56:00 PM,10/29/2025 1:56:00 PM,0.00,0.00,2.00,0.00,false,false,false,false,39.49,-105.07,,WATERTON RD,RAMPART RANGE RD,On-roadway,0.00,1,Front to Rear,,,,Front to Rear,Straight,Level,Not Applicable,Daylight,At Intersection,Dry,Clear,,false,false,false,false,false,No Vehicle Defects,Driver,Complied With,None,Not Ejected/Not Applicable,Properly used,"N/A Cars, truck, etc.",72.00,Not Equipped,No Apparent Injury,No Observed,Marijuana Not Suspected,No Observed,Not Tested,m,,Pickup Truck/Utility Van,No Special Function,false,East,Going Straight,40.00,1.00,1.00,Followed Too Closely,,Not Observed,,,No Automation,,,,,,,,,,,,false,false,false,false,false,No Vehicle Defects,Driver,Complied With,None,Not Ejected/Not Applicable,Properly used,"N/A Cars, truck, etc.",19.00,Not Deployed,No Apparent Injury,No Observed,Marijuana Not Suspected,No Observed,Not Tested,m,Pickup Truck/Utility Van,No Special Function,false,East,Stopped in Traffic,40.00,0.00,0.00,No Contributing Action,,No apparent contributing factor,,,No Automation,,,,,,,,,,,,,,,,,,,,,,,,,,,,,,,,,,,,,,,,,,,,,,,,,,,,,,
250096180,10/29/2025 2:44:00 PM,10/29/2025 2:44:00 PM,0.00,0.00,2.00,0.00,false,false,false,false,39.54,-105.04,12154.00,DUMONT WAY,,On-roadway,1.00,1,Front to Side,Ground,,,Front to Side,Curve Right,Downhill,Not Applicable,Daylight,Driveway Access Related,Dry,Clear,,false,false,false,false,false,No Vehicle Defects,Driver,None,None,Not Ejected/Not Applicable,Properly used,"N/A Cars, truck, etc.",67.00,Not Deployed,No Apparent Injury,No Observed,Marijuana Not Suspected,No Observed,Not Tested,f,,Passenger Car/Passenger Van,No Special Function,false,Southwest,Making Left Turn,15.00,0.00,0.00,Failed to Yield ROW,,Looked / Did Not See,,,No Automation,,,,,,,,,,,,false,false,false,false,false,No Vehicle Defects,Driver,None,Complied With,Motorcycle,Not used,Helmet Properly Used,22.00,Not Equipped,Possible Injury,No Observed,Marijuana Not Suspected,No Observed,Not Tested,m,Motorcycle,No Special Function,false,Northwest,Going Straight,25.00,32.00,35.00,No Contributing Action,,No apparent contributing factor,,,No Automation,,,,,,,,,,,,,,,,,,,,,,,,,,,,,,,,,,,,,,,,,,,,,,,,,,,,,,
250096195,10/29/2025 3:12:00 PM,10/29/2025 3:12:00 PM,0.00,0.00,2.00,0.00,false,false,false,false,39.54,-105.01,,HIGHLANDS RANCH PKWY,2283,On-roadway,1.00,2,Front to Side,,,,Front to Side,Straight,Downhill,Approach Turn,Daylight,At Intersection,Dry,Clear,,false,false,false,false,false,No Vehicle Defects,Driver,None,None,Not Ejected/Not Applicable,Properly used,"N/A Cars, truck, etc.",47.00,"Not deployed at pos., deployed at others",No Apparent Injury,No Observed,Marijuana Not Suspected,No Observed,Not Tested,m,,Passenger Car/Passenger Van,No Special Function,false,East,Going Straight,45.00,40.00,40.00,Failed to Stop at Signal,,Aggressive Driving,,,Driver Assistance,,,,,,,,,,,,false,false,false,false,false,No Vehicle Defects,Driver,None,None,Not Ejected/Not Applicable,Properly used,"N/A Cars, truck, etc.",20.00,Deployed at pos. and others,No Apparent Injury,No Observed,Marijuana Not Suspected,No Observed,Not Tested,m,SUV,No Special Function,false,North,Making Left Turn,20.00,5.00,5.00,No Contributing Action,,No apparent contributing factor,,,Driver Assistance,,,,,,,,,,,,,,,,,,,,,,,,,,,,,,,,,,,,,,,,,,,,,,,,,,,,,,
250096273,10/29/2025 6:00:00 PM,10/29/2025 6:00:00 PM,0.00,0.00,2.00,0.00,true,false,false,false,39.54,-104.82,,URBANA BLVD,LINCOLN AVE,On-roadway,1.00,1,Front to Rear,,,,Front to Rear,Curve Right,Uphill,Not Applicable,Daylight,At Intersection,Dry,Clear,,false,false,false,false,false,No Vehicle Defects,Driver,None,Complied With,Not Ejected/Not Applicable,Properly used,"N/A Cars, truck, etc.",16.00,Not Deployed,No Apparent Injury,No Observed,Marijuana Not Suspected,No Observed,Not Tested,m,,SUV,No Special Function,false,North,Making Right Turn,25.00,5.00,5.00,Followed Too Closely,,Age / Driver Ability,,,No Automation,,,,,,,,,,,,false,false,false,false,false,No Vehicle Defects,Driver,None,None,Not Ejected/Not Applicable,Properly used,"N/A Cars, truck, etc.",49.00,Not Deployed,No Apparent Injury,No Observed,Marijuana Not Suspected,No Observed,Not Tested,f,SUV,No Special Function,false,North,Making Right Turn,25.00,0.00,0.00,No Contributing Action,,No apparent contributing factor,,,No Automation,,,,,,,,,,,,,,,,,,,,,,,,,,,,,,,,,,,,,,,,,,,,,,,,,,,,,,
250096310,10/29/2025 7:58:00 PM,10/29/2025 7:58:00 PM,0.00,0.00,2.00,0.00,false,false,false,false,39.52,-104.92,5400.00,MCARTHUR RANCH RD,,On-roadway,2.00,1,Wild Animal,,,,Wild Animal,Straight,Uphill,Not Applicable,Dark-lighted,Non-intersection,Dry,Clear,,false,false,false,false,false,No Vehicle Defects,Driver,None,None,Not Ejected/Not Applicable,Properly used,"N/A Cars, truck, etc.",51.00,Not Deployed,No Apparent Injury,No Observed,Marijuana Not Suspected,No Observed,Not Tested,f,,SUV,No Special Function,false,West,Going Straight,45.00,45.00,45.00,No Contributing Action,,No apparent contributing factor,,,No Automation,,,,,,,,,,,,false,false,false,false,false,No Vehicle Defects,Driver,None,None,Not Ejected/Not Applicable,Properly used,"N/A Cars, truck, etc.",23.00,Not Deployed,No Apparent Injury,No Observed,Marijuana Not Suspected,No Observed,Not Tested,m,Passenger Car/Passenger Van,No Special Function,false,West,Going Straight,45.00,45.00,45.00,No Contributing Action,,No apparent contributing factor,,,Partial Automation,,,,,,,,,,,,,,,,,,,,,,,,,,,,,,,,,,,,,,,,,,,,,,,,,,,,,,
250096341,10/29/2025 10:35:00 PM,10/29/2025 10:35:00 PM,0.00,2.00,0.00,0.00,false,false,false,false,39.57,-104.94,,COUNTY LINE RD,COLORADO BLVD,On-roadway,2.00,4,Front to Side,,,,Front to Side,Straight,Level,Not Applicable,Dark-lighted,At Intersection,Dry,Clear,,false,false,false,false,false,No Vehicle Defects,Driver,None,None,Not Ejected/Not Applicable,Properly used,"N/A Cars, truck, etc.",19.00,Deployed at pos. and others,No Apparent Injury,No Observed,Marijuana Not Suspected,No Observed,Not Tested,m,,SUV,No Special Function,false,South,Going Straight,45.00,45.00,45.00,Failed to Stop at Signal,,Not Observed,,,No Automation,,,,,,,,,,,,false,false,false,false,false,No Vehicle Defects,Driver,None,None,Not Ejected/Not Applicable,Properly used,"N/A Cars, truck, etc.",48.00,Deployed at pos. and others,No Apparent Injury,No Observed,Marijuana Not Suspected,No Observed,Not Tested,m,Passenger Car/Passenger Van,No Special Function,false,East,Going Straight,45.00,45.00,20.00,No Contributing Action,,No apparent contributing factor,,,No Automation,,,,,,,,,,,,,,,,,,,,,,,,,,,,,,,,,,,,,,,,,,,,,,,,,,,,,,
250096403,10/30/2025 7:16:00 AM,10/30/2025 7:16:00 AM,0.00,0.00,2.00,0.00,false,false,false,false,39.51,-105.03,,MOORE RD,TITAN RD,On-roadway,1.00,2,Front to Rear,,,,Front to Rear,Straight,Level,Not Applicable,Dawn or dusk,At Intersection,Dry,Clear,,false,false,false,false,false,No Vehicle Defects,Driver,None,None,Not Ejected/Not Applicable,Properly used,"N/A Cars, truck, etc.",18.00,Not Deployed,No Apparent Injury,No Observed,Marijuana Not Suspected,No Observed,Not Tested,m,,Pickup Truck/Utility Van,No Special Function,false,North,Going Straight,45.00,55.00,5.00,Followed Too Closely,,Driver Inexperience,,,No Automation,,,,,,,,,,,,false,false,false,false,false,No Vehicle Defects,Driver,None,None,Not Ejected/Not Applicable,Properly used,"N/A Cars, truck, etc.",41.00,Not Deployed,No Apparent Injury,No Observed,Marijuana Not Suspected,No Observed,Not Tested,m,Passenger Car/Passenger Van,No Special Function,false,North,Stopped in Traffic,45.00,0.00,0.00,No Contributing Action,,No apparent contributing factor,,,No Automation,,,,,,,,,,,,,,,,,,,,,,,,,,,,,,,,,,,,,,,,,,,,,,,,,,,,,,
250096563,10/30/2025 2:13:00 PM,10/30/2025 2:13:00 PM,0.00,0.00,2.00,0.00,false,false,false,false,39.55,-105.01,,KENDRICK CASTILLO WAY,HIGHLANDS RANCH PKWY,On-roadway,1.00,1,Front to Rear,,,,Front to Rear,Straight,Level,Not Applicable,Daylight,At Intersection,Dry,Clear,,false,false,false,false,false,No Vehicle Defects,Driver,None,None,Not Ejected/Not Applicable,Properly used,"N/A Cars, truck, etc.",59.00,Not Deployed,No Apparent Injury,No Observed,Marijuana Not Suspected,No Observed,Not Tested,m,,Passenger Car/Passenger Van,No Special Function,false,South,Going Straight,45.00,5.00,5.00,Followed Too Closely,,No apparent contributing factor,,,No Automation,,,,,,,,,,,,false,false,false,false,false,No Vehicle Defects,Driver,None,None,Not Ejected/Not Applicable,Properly used,"N/A Cars, truck, etc.",44.00,Not Deployed,No Apparent Injury,No Observed,Marijuana Not Suspected,No Observed,Not Tested,f,SUV,No Special Function,false,South,Stopped in Traffic,45.00,0.00,0.00,No Contributing Action,,No apparent contributing factor,,,No Automation,,,,,,,,,,,,,,,,,,,,,,,,,,,,,,,,,,,,,,,,,,,,,,,,,,,,,,
250096629,10/30/2025 5:30:00 PM,10/30/2025 5:30:00 PM,0.00,0.00,1.00,0.00,true,false,false,false,39.54,-104.95,,CLAIRTON DR,CLAIRTON PL,On-roadway,0.00,,Fence,Wall or Building,,,Wall or Building,Straight,Level,Not Applicable,Daylight,Non-intersection,Dry,Clear,,true,false,false,false,false,No Vehicle Defects,Driver,None,None,Not Ejected/Not Applicable,Properly used,"N/A Cars, truck, etc.",30.00,Not Deployed,No Apparent Injury,No Observed,Marijuana Not Suspected,No Observed,Not Tested,f,,SUV,No Special Function,false,South,Out of Control,45.00,55.00,,Careless Driving,,Distracted/Other Interior,,,No Automation,,,,,,,,,,,,,,,,,,,,,,,,,,,,,,,,,,,,,,,,,,,,,,,,,,,,,,,,,,,,,,,,,,,,,,,,,,,,,,,,,,,,,,,,,,,,,,,,,,,
250096767,10/31/2025 9:00:00 AM,10/31/2025 9:00:00 AM,0.00,0.00,1.00,0.00,false,false,false,false,39.45,-104.92,6000.00,DANIELS PARK RD,,On-roadway,0.00,1,Wild Animal,,,,Wild Animal,Straight,Uphill,Not Applicable,Daylight,At Intersection,Dry,Clear,,false,false,false,false,false,No Vehicle Defects,Driver,None,None,Not Ejected/Not Applicable,Properly used,"N/A Cars, truck, etc.",59.00,Not Deployed,No Apparent Injury,No Observed,Marijuana Not Suspected,No Observed,Not Tested,m,,Pickup Truck/Utility Van,No Special Function,false,North,Going Straight,40.00,40.00,40.00,No Contributing Action,,No apparent contributing factor,,,No Automation,,,,,,,,,,,,,,,,,,,,,,,,,,,,,,,,,,,,,,,,,,,,,,,,,,,,,,,,,,,,,,,,,,,,,,,,,,,,,,,,,,,,,,,,,,,,,,,,,,,
250096775,10/31/2025 9:26:00 AM,10/31/2025 9:26:00 AM,0.00,0.00,1.00,0.00,false,false,false,false,39.55,-104.93,,GLENEAGLES VILLAGE PKWY,CRESTHILL LN,Ran off right side,0.00,,Fence,,,,Fence,Straight,Level,Not Applicable,Daylight,Intersection Related,Dry,Clear,,false,false,false,false,false,No Vehicle Defects,Driver,Complied With,None,Not Ejected/Not Applicable,Properly used,"N/A Cars, truck, etc.",58.00,Not Deployed,No Apparent Injury,No Observed,Marijuana Not Suspected,No Observed,Not Tested,f,,SUV,No Special Function,false,East,Making Right Turn,30.00,15.00,15.00,Over-Correcting / Over-Steering,,Driver Inexperience,,,No Automation,,,,,,,,,,,,,,,,,,,,,,,,,,,,,,,,,,,,,,,,,,,,,,,,,,,,,,,,,,,,,,,,,,,,,,,,,,,,,,,,,,,,,,,,,,,,,,,,,,,
250096838,10/31/2025 12:18:00 PM,10/31/2025 12:18:00 PM,0.00,0.00,2.00,0.00,false,false,false,false,39.44,-104.80,4846.00,CRESCENT MOON PL,,On-roadway,0.00,1,Parked Motor Vehicle,,,,Parked Motor Vehicle,Curve Right,Level,Not Applicable,Daylight,Driveway Access Related,Dry,Clear,,false,false,false,false,false,No Vehicle Defects,Driver,,,Not Ejected/Not Applicable,Properly used,"N/A Cars, truck, etc.",28.00,Not Deployed,No Apparent Injury,No Observed,Marijuana Not Suspected,No Observed,Not Tested,f,,Passenger Car/Passenger Van,No Special Function,false,South,Backing,25.00,5.00,5.00,Improper Backing,,Looked / Did Not See,,,No Automation,,,,,,,,,,,,false,false,false,false,false,No Vehicle Defects,Driver,None,None,Not Ejected/Not Applicable,Properly used,"N/A Cars, truck, etc.",30.00,Not Deployed,No Apparent Injury,No Observed,Marijuana Not Suspected,No Observed,Not Tested,m,Passenger Car/Passenger Van,No Special Function,false,East,Parked,25.00,0.00,0.00,No Contributing Action,,No apparent contributing factor,,,No Automation,,,,,,,,,,,,,,,,,,,,,,,,,,,,,,,,,,,,,,,,,,,,,,,,,,,,,,
250096917,10/31/2025 3:19:00 PM,10/31/2025 3:19:00 PM,0.00,0.00,2.00,0.00,false,false,false,false,39.57,-104.94,,COUNTY LINE RD,COLORADO BLVD,On-roadway,1.00,1,Front to Side,,,,Front to Side,Straight,Downhill,Not Applicable,Daylight,At Intersection,Dry,Clear,,false,false,false,false,false,No Vehicle Defects,Driver,None,None,Not Ejected/Not Applicable,Properly used,"N/A Cars, truck, etc.",69.00,Not Deployed,No Apparent Injury,No Observed,Marijuana Not Suspected,No Observed,Not Tested,m,,Passenger Car/Passenger Van,No Special Function,false,North,Changing lanes,45.00,15.00,15.00,Careless Driving,,Not Observed,,,No Automation,,,,,,,,,,,,false,false,false,false,false,No Vehicle Defects,Driver,None,None,Not Ejected/Not Applicable,Properly used,"N/A Cars, truck, etc.",64.00,Not Deployed,No Apparent Injury,No Observed,Marijuana Not Suspected,No Observed,Not Tested,f,SUV,No Special Function,false,North,Slowing,45.00,5.00,5.00,No Contributing Action,,No apparent contributing factor,,,No Automation,,,,,,,,,,,,,,,,,,,,,,,,,,,,,,,,,,,,,,,,,,,,,,,,,,,,,,