Casetrackingid,Accidentdate,Accidenttime,Numberkilled,Numberinjured,Totalvehicles,Totalnonmotorists,Juvenilesinvolvedindicator,Secondarycrashindicator,Constructionzoneindicator,Schoolzoneindicator,Latitude,Longitude,Onroadaddress,_Primarystreet,_Crossstreet,Location,Numberoflanesblocked,Laneposition,Harmfulevent1,Harmfulevent2,Harmfulevent3,Harmfulevent4,Mostharmfulevent,Roadcontourcurves,Roadcontourgrade,Approachovertakingturn,Lightingcondition,Roaddescription,Roadcondition,Weathercondition1,Weathercondition2,Hitandrun_V1,Noncontact_V1,Parked_V1,Unlicenseddriver_V1,Duiindicator_V1,Vehicledefectcondition_V1,Positioninvehicle_D1,Drivingrestrictions_D1,Drivingendorsements_D1,Ejectionpath_D1,Safetyequipmentuse_D1,Safetyequipmenthelmet_D1,Age_D1,Airbagdeployment_D1,Injuryseverity_D1,Alcoholsuspected_D1,Marijuanasuspected_D1,Otherdrugssuspected_D1,Testedforotherdrugs_D1,Personsexcode_D1,Deadatscene_D1,Vehicletype_V1,Specialfunction_V1,Emergencylightsactivated_V1,Directionoftravel_V1,Vehiclemovement_V1,Roadwayspeedlimit_V1,Estimatedvehiclespeed_V1,Driverstatedspeed_V1,Driveraction1_V1,Driveraction2_V1,Mostapprthumancontrfactor1_V1,Mostapprthumancontrfactor2_V1,Mostapprthumancontrfactor3_V1,Autonomousvehiclecapability_V1,Drivercededcontrol_V1,Nonmotoristtype_V1,Nonmotoristmovement_V1,Nonmotoristlocation_V1,Nonmotoristlegofint_V1,Nonmotoristtypeoffacility_V1,Nonmotoristaction1_V1,Nonmotoristaction2_V1,Nonmotoristcontrfctr1_V1,Nonmotoristcontrfctr2_V1,Nonmotoristcontrfctr3_V1,Hitandrun_V2,Noncontact_V2,Parked_V2,Unlicenseddriver_V2,Duiindicator_V2,Vehicledefectcondition_V2,Positioninvehicle_D2,Drivingrestrictions_D2,Drivingendorsements_D2,Ejectionpath_D2,Safetyequipmentuse_D2,Safetyequipmenthelmet_D2,Age_D2,Airbagdeployment_D2,Injuryseverity_D2,Alcoholsuspected_D2,Marijuanasuspected_D2,Otherdrugssuspected_D2,Testedforotherdrugs_D2,Personsexcode_D2,Vehicletype_V2,Specialfunction_V2,Emergencylightsactivated_V2,Directionoftravel_V2,Vehiclemovement_V2,Roadwayspeedlimit_V2,Estimatedvehiclespeed_V2,Driverstatedspeed_V2,Driveraction1_V2,Driveraction2_V2,Mostapprthumancontrfactor1_V2,Mostapprthumancontrfactor2_V2,Mostapprthumancontrfactor3_V2,Autonomousvehiclecapability_V2,Drivercededcontrol_V2,Nonmotoristtype_V2,Nonmotoristmovement_V2,Nonmotoristlocation_V2,Nonmotoristlegofint_V2,Nonmotoristtypeoffacility_V2,Nonmotoristaction1_V2,Nonmotoristaction2_V2,Nonmotoristcontrfctr1_V2,Nonmotoristcontrfctr2_V2,Nonmotoristcontrfctr3_V2,Hitandrun_V3,Noncontact_V3,Parked_V3,Unlicenseddriver_V3,Duiindicator_V3,Positioninvehicle_D3,Drivingrestrictions_D3,Drivingendorsements_D3,Ejection_D3,Safetyequipmentuse_D3,Age_D3,Airbagdeployment_D3,Injuryseverity_D3,Alcoholsuspected_D3,Marijuanasuspected_D3,Otherdrugssuspected_D3,Testedforotherdrugs_D3,Personsexcode_D3,Vehicletype_V3,Specialfunction_V3,Emergencylightsactivated_V3,Directionoftravel_V3,Vehiclemovement_V3,Roadwayspeedlimit_V3,Estimatedvehiclespeed_V3,Driverstatedspeed_V3,Driveraction1_V3,Driveraction2_V3,Mostapprthumancontrfactor1_V3,Mostapprthumancontrfactor2_V3,Mostapprthumancontrfactor3_V3,Autonomousvehiclecapability_V3,Drivercededcontrol_V3,Nonmotoristtype_V3,Nonmotoristmovement_V3,Nonmotoristlocation_V3,Nonmotoristlegofint_V3,Nonmotoristtypeoffacility_V3,Nonmotoristaction1_V3,Nonmotoristaction2_V3,Nonmotoristcontrfctr1_V3,Nonmotoristcontrfctr2_V3,Nonmotoristcontrfctr3_V3
250104214,11/23/2025 5:11:00 PM,11/23/2025 5:11:00 PM,0.00,0.00,1.00,0.00,false,false,false,false,39.49,-105.02,,WATERTON RD,MOORE RD,On-roadway,0.00,1,Wild Animal,,,,Wild Animal,Straight,Level,Not Applicable,Dark-unlighted,Non-intersection,Dry,Clear,,false,false,false,false,false,No Vehicle Defects,Driver,Complied With,None,Not Ejected/Not Applicable,Properly used,"N/A Cars, truck, etc.",46.00,Not Deployed,No Apparent Injury,No Observed,Marijuana Not Suspected,No Observed,Not Tested,m,,SUV,No Special Function,false,South,Going Straight,45.00,30.00,25.00,No Contributing Action,,No apparent contributing factor,,,No Automation,,,,,,,,,,,,,,,,,,,,,,,,,,,,,,,,,,,,,,,,,,,,,,,,,,,,,,,,,,,,,,,,,,,,,,,,,,,,,,,,,,,,,,,,,,,,,,,,,,,
250104326,11/24/2025 6:19:00 AM,11/24/2025 6:19:00 AM,0.00,0.00,1.00,0.00,false,false,false,false,39.30,-104.69,4300.00,RUSSELLVILLE RD,,On-roadway,0.00,1,Wild Animal,,,,Wild Animal,Straight,Downhill,Not Applicable,Dark-unlighted,Non-intersection,Dry,Clear,,false,false,false,false,false,No Vehicle Defects,Driver,None,None,Not Ejected/Not Applicable,Properly used,"N/A Cars, truck, etc.",55.00,Not Deployed,No Apparent Injury,No Observed,Marijuana Not Suspected,No Observed,Not Tested,m,,Passenger Car/Passenger Van,No Special Function,false,North,Swerve/Avoidance,50.00,50.00,40.00,Too Fast For Conditions,,No apparent contributing factor,,,No Automation,,,,,,,,,,,,,,,,,,,,,,,,,,,,,,,,,,,,,,,,,,,,,,,,,,,,,,,,,,,,,,,,,,,,,,,,,,,,,,,,,,,,,,,,,,,,,,,,,,,
250104329,11/24/2025 6:41:00 AM,11/24/2025 6:41:00 AM,0.00,0.00,1.00,0.00,false,false,false,false,39.54,-104.69,14000.00,SPRING CREEK RD,,On-roadway,0.00,1,Front to Side,,,,Front to Side,Straight,Uphill,Not Applicable,Daylight,Non-intersection,Dry,Clear,,false,false,false,false,false,No Vehicle Defects,Driver,Complied With,None,Not Ejected/Not Applicable,Properly used,"N/A Cars, truck, etc.",44.00,Not Deployed,No Apparent Injury,No Observed,Marijuana Not Suspected,No Observed,Not Tested,m,,Pickup Truck/Utility Van,No Special Function,false,East,Going Straight,30.00,35.00,35.00,No Contributing Action,,No apparent contributing factor,,,No Automation,,,,,,,,,,,,,,,,,,,,,,,,,,,,,,,,,,,,,,,,,,,,,,,,,,,,,,,,,,,,,,,,,,,,,,,,,,,,,,,,,,,,,,,,,,,,,,,,,,,
250104517,11/24/2025 3:20:00 PM,11/24/2025 3:20:00 PM,0.00,1.00,2.00,0.00,false,false,false,false,39.54,-105.01,,HIGHLANDS RANCH PKWY,FOOTHILLS CANYON BLVD,On-roadway,3.00,1,Front to Side,Overturning/Rollover,,,Front to Side,Straight,Uphill,Approach Turn,Daylight,At Intersection,Dry,Clear,,false,false,false,false,false,No Vehicle Defects,Driver,Complied With,None,Not Ejected/Not Applicable,Properly used,"N/A Cars, truck, etc.",78.00,Deployed at pos. and others,Possible Injury,No Observed,Marijuana Not Suspected,No Observed,Not Tested,f,,SUV,No Special Function,false,East,Making Left Turn,45.00,5.00,5.00,Failed to Yield ROW,,Age / Driver Ability,,,No Automation,,,,,,,,,,,,false,false,false,false,false,No Vehicle Defects,Driver,Complied With,None,Not Ejected/Not Applicable,Properly used,"N/A Cars, truck, etc.",20.00,Deployed at pos. and others,Suspected Minor Injury,No Observed,Marijuana Not Suspected,No Observed,Not Tested,m,SUV,No Special Function,false,West,Swerve/Avoidance,45.00,40.00,,No Contributing Action,,No apparent contributing factor,,,No Automation,,,,,,,,,,,,,,,,,,,,,,,,,,,,,,,,,,,,,,,,,,,,,,,,,,,,,,
250104547,11/24/2025 5:50:00 PM,11/24/2025 5:50:00 PM,0.00,0.00,1.00,0.00,false,false,false,false,39.52,-104.95,,WILDCAT RESERVE PKWY,RED CEDAR DR,On-roadway,0.00,2,Wild Animal,,,,Wild Animal,Curve Left,Level,Not Applicable,Dark-lighted,Non-intersection,Dry,Clear,,false,false,false,false,false,No Vehicle Defects,Driver,None,None,Not Ejected/Not Applicable,Properly used,"N/A Cars, truck, etc.",23.00,Not Deployed,No Apparent Injury,No Observed,Marijuana Not Suspected,No Observed,Not Tested,m,,Passenger Car/Passenger Van,No Special Function,false,East,Going Straight,45.00,45.00,45.00,No Contributing Action,,No apparent contributing factor,,,No Automation,,,,,,,,,,,,,,,,,,,,,,,,,,,,,,,,,,,,,,,,,,,,,,,,,,,,,,,,,,,,,,,,,,,,,,,,,,,,,,,,,,,,,,,,,,,,,,,,,,,
250104679,11/25/2025 9:35:00 AM,11/25/2025 9:35:00 AM,0.00,0.00,2.00,0.00,false,false,false,false,39.56,-105.01,,KENDRICK CASTILLO WAY,COUNTY LINE RD,On-roadway,0.00,1,Front to Side,,,,Front to Side,Straight,Level,Approach Turn,Daylight,At Intersection,Dry,Clear,,false,false,false,false,false,No Vehicle Defects,Driver,None,None,Not Ejected/Not Applicable,Properly used,"N/A Cars, truck, etc.",60.00,Not Deployed,No Apparent Injury,No Observed,Marijuana Not Suspected,No Observed,Not Tested,m,,Passenger Car/Passenger Van,No Special Function,false,West,Making Left Turn,40.00,10.00,10.00,Failed to Yield ROW,Lane Violation,No apparent contributing factor,,,Partial Automation,,,,,,,,,,,,false,false,false,false,false,No Vehicle Defects,Driver,None,None,Not Ejected/Not Applicable,Properly used,"N/A Cars, truck, etc.",39.00,Not Deployed,No Apparent Injury,No Observed,Marijuana Not Suspected,No Observed,Not Tested,m,SUV,No Special Function,false,East,Making Right Turn,40.00,10.00,10.00,No Contributing Action,,No apparent contributing factor,,,No Automation,,,,,,,,,,,,,,,,,,,,,,,,,,,,,,,,,,,,,,,,,,,,,,,,,,,,,,
250104870,11/25/2025 5:03:00 PM,11/25/2025 5:03:00 PM,0.00,0.00,2.00,0.00,true,false,false,false,39.53,-104.97,,WILDCAT RESERVE PKWY,GRACE BLVD,On-roadway,1.00,1,Front to Side,,,,Front to Side,Straight,Level,Approach Turn,Dawn or dusk,At Intersection,Dry,Clear,,false,false,false,false,false,No Vehicle Defects,Driver,Complied With,None,Not Ejected/Not Applicable,Properly used,"N/A Cars, truck, etc.",47.00,Not Deployed,No Apparent Injury,No Observed,Marijuana Not Suspected,No Other Method,Not Tested,m,,SUV,No Special Function,false,East,Making Left Turn,45.00,1.00,0.00,Failed to Yield ROW,,No apparent contributing factor,,,No Automation,,,,,,,,,,,,true,false,false,,,,,,,,,,,,,,,,,,SUV,No Special Function,false,West,Swerve/Avoidance,45.00,35.00,,No Contributing Action,,No apparent contributing factor,,,No Automation,,,,,,,,,,,,,,,,,,,,,,,,,,,,,,,,,,,,,,,,,,,,,,,,,,,,,,
250104884,11/25/2025 5:20:00 PM,11/25/2025 5:20:00 PM,0.00,0.00,2.00,0.00,true,false,false,false,39.54,-105.03,3684.00,BUCKNELL DR,,On-roadway,0.00,,Front to Side,,,,Front to Side,Straight,Level,Not Applicable,Dark-lighted,Non-intersection,Dry,Clear,,true,false,false,,,,,,,,,,,,,,,,,,,Pickup Truck/Utility Van,No Special Function,false,East,Going Straight,225.00,15.00,,Careless Driving,,Not Observed,,,Driver Assistance,,,,,,,,,,,,false,false,true,,,,,,,,,,,,,,,,,,Passenger Car/Passenger Van,No Special Function,false,East,Parked,,,,,,,,,,,,,,,,,,,,,,,,,,,,,,,,,,,,,,,,,,,,,,,,,,,,,,,,,,,,,,,
250104972,11/26/2025 6:08:00 AM,11/26/2025 6:08:00 AM,0.00,0.00,1.00,0.00,false,false,false,false,39.47,-104.71,9400.00,HILLTOP RD,,On-roadway,0.00,1,Wild Animal,,,,Wild Animal,Straight,Downhill,Not Applicable,Dawn or dusk,Non-intersection,Dry,Clear,,false,false,false,false,false,No Vehicle Defects,Driver,None,None,Not Ejected/Not Applicable,Properly used,"N/A Cars, truck, etc.",34.00,Deployed at pos. only,No Apparent Injury,No Observed,Marijuana Not Suspected,No Observed,Not Tested,m,,Passenger Car/Passenger Van,No Special Function,false,West,Going Straight,45.00,50.00,49.00,No Contributing Action,,No apparent contributing factor,,,No Automation,,,,,,,,,,,,,,,,,,,,,,,,,,,,,,,,,,,,,,,,,,,,,,,,,,,,,,,,,,,,,,,,,,,,,,,,,,,,,,,,,,,,,,,,,,,,,,,,,,,
250105197,11/26/2025 1:47:00 PM,11/26/2025 1:47:00 PM,0.00,0.00,2.00,0.00,false,false,false,false,39.49,-105.03,,WATERCRESS DR,YELLOWCRESS ST,On-roadway,0.00,1,Front to Rear,,,,Front to Rear,Straight,Level,Not Applicable,Daylight,At Intersection,Dry,Clear,,true,false,false,false,false,No Vehicle Defects,Driver,None,None,Not Ejected/Not Applicable,Properly used,"N/A Cars, truck, etc.",41.00,Not Deployed,No Apparent Injury,No Observed,Marijuana Not Suspected,No Observed,Not Tested,m,,"Medium/Heavy Trucks crossing state line, GVWR/GCWR 10,001 or over",Rental Truck,false,Northwest,Backing,25.00,5.00,2.00,Improper Backing,,No apparent contributing factor,,,No Automation,,,,,,,,,,,,false,false,false,false,false,No Vehicle Defects,Driver,None,None,Not Ejected/Not Applicable,Properly used,"N/A Cars, truck, etc.",59.00,Not Equipped,No Apparent Injury,No Observed,Marijuana Not Suspected,No Observed,Not Tested,f,Pickup Truck/Utility Van,No Special Function,false,Southeast,Other,25.00,0.00,0.00,No Contributing Action,,No apparent contributing factor,,,No Automation,,,,,,,,,,,,,,,,,,,,,,,,,,,,,,,,,,,,,,,,,,,,,,,,,,,,,,
250105303,11/26/2025 4:25:00 PM,11/26/2025 4:25:00 PM,0.00,0.00,2.00,0.00,false,false,false,false,39.34,-104.83,,LAKE GULCH RD,CRYSTAL VALLEY PKWY,On-roadway,1.00,2,Front to Rear,,,,Front to Rear,Straight,Level,Not Applicable,Daylight,At Intersection,Dry,Clear,,false,false,false,false,false,No Vehicle Defects,Driver,None,None,Not Ejected/Not Applicable,Properly used,"N/A Cars, truck, etc.",38.00,Not Deployed,No Apparent Injury,No Observed,Marijuana Not Suspected,No Observed,Not Tested,m,,Pickup Truck/Utility Van,No Special Function,false,South,Slowing,45.00,10.00,10.00,Followed Too Closely,,No apparent contributing factor,,,No Automation,,,,,,,,,,,,false,false,false,false,false,No Vehicle Defects,Driver,None,None,Not Ejected/Not Applicable,Properly used,"N/A Cars, truck, etc.",44.00,Not Deployed,No Apparent Injury,No Observed,Marijuana Not Suspected,No Observed,Not Tested,,Pickup Truck/Utility Van,No Special Function,false,South,Slowing,45.00,10.00,10.00,Followed Too Closely,,No apparent contributing factor,,,No Automation,,,,,,,,,,,,,,,,,,,,,,,,,,,,,,,,,,,,,,,,,,,,,,,,,,,,,,
250105341,11/26/2025 5:19:00 PM,11/26/2025 5:19:00 PM,0.00,0.00,1.00,0.00,false,false,false,false,39.44,-104.73,8300.00,SOUTH PINERY PKWY,,On-roadway,0.00,1,Wild Animal,,,,Wild Animal,Straight,Uphill,Not Applicable,Dark-lighted,Non-intersection,Dry,Clear,,false,false,false,false,false,No Vehicle Defects,Driver,Complied With,None,Not Ejected/Not Applicable,Properly used,"N/A Cars, truck, etc.",59.00,Not Deployed,No Apparent Injury,No Observed,Marijuana Not Suspected,No Observed,Not Tested,f,,SUV,No Special Function,false,East,Going Straight,40.00,40.00,40.00,No Contributing Action,,No apparent contributing factor,,,No Automation,,,,,,,,,,,,,,,,,,,,,,,,,,,,,,,,,,,,,,,,,,,,,,,,,,,,,,,,,,,,,,,,,,,,,,,,,,,,,,,,,,,,,,,,,,,,,,,,,,,
250105523,11/27/2025 10:43:00 AM,11/27/2025 10:43:00 AM,0.00,1.00,2.00,0.00,false,false,false,false,39.35,-104.83,900.00,LAKE GULCH RD,,On-roadway,2.00,1,Ditch,Front to Side,Overturning/Rollover,,Front to Side,Straight,Downhill,Not Applicable,Daylight,Non-intersection,Dry,Clear,,false,false,false,false,true,No Vehicle Defects,Driver,None,None,Not Ejected/Not Applicable,Properly used,"N/A Cars, truck, etc.",19.00,Deployed at pos. and others,No Apparent Injury,Yes SFST,Marijuana Not Suspected,Yes SFST,Blood,f,,SUV,No Special Function,false,North,Going Straight,45.00,50.00,,Careless Driving,,Other Factor,Driver Inexperience,,No Automation,,,,,,,,,,,,false,false,false,false,false,No Vehicle Defects,Driver,None,None,Not Ejected/Not Applicable,Properly used,"N/A Cars, truck, etc.",50.00,Deployed at pos. and others,Possible Injury,No Observed,Marijuana Not Suspected,No Observed,Not Tested,m,SUV,No Special Function,false,South,Going Straight,45.00,40.00,40.00,No Contributing Action,,No apparent contributing factor,,,Driver Assistance,,,,,,,,,,,,,,,,,,,,,,,,,,,,,,,,,,,,,,,,,,,,,,,,,,,,,,
250105537,11/27/2025 12:46:00 PM,11/27/2025 12:46:00 PM,0.00,0.00,2.00,0.00,true,false,false,false,39.54,-104.94,,GRACE BLVD,WILDCAT RESERVE PKWY,On-roadway,1.00,3,Front to Side,,,,Front to Side,Straight,Level,Not Applicable,Daylight,At Intersection,Dry,Clear,,false,false,false,false,false,No Vehicle Defects,Driver,None,None,Not Ejected/Not Applicable,Properly used,"N/A Cars, truck, etc.",18.00,Not Deployed,No Apparent Injury,No Observed,Marijuana Not Suspected,No Observed,Not Tested,f,,SUV,No Special Function,false,South,Going Straight,45.00,40.00,40.00,Failed to Stop at Signal,,Distracted / Other Occupant,,,No Automation,,,,,,,,,,,,false,false,false,false,false,No Vehicle Defects,Driver,None,None,Not Ejected/Not Applicable,Properly used,"N/A Cars, truck, etc.",36.00,Not Deployed,Suspected Minor Injury,No Observed,Marijuana Not Suspected,No Observed,Not Tested,m,Pickup Truck/Utility Van,No Special Function,false,East,Making Left Turn,45.00,10.00,10.00,No Contributing Action,,No apparent contributing factor,,,No Automation,,,,,,,,,,,,,,,,,,,,,,,,,,,,,,,,,,,,,,,,,,,,,,,,,,,,,,
250105546,11/27/2025 2:28:00 PM,11/27/2025 2:28:00 PM,0.00,1.00,2.00,0.00,false,false,false,false,39.56,-104.91,,QUEBEC ST,GLENEAGLES VILLAGE PKWY,On-roadway,3.00,2,Front to Side,,,,Front to Side,Straight,Uphill,Not Applicable,Daylight,At Intersection,Dry,Clear,,false,false,false,false,false,No Vehicle Defects,Driver,None,None,Not Ejected/Not Applicable,Properly used,"N/A Cars, truck, etc.",25.00,Deployed at pos. only,No Apparent Injury,No SFST,Marijuana Not Suspected,No SFST,Not Tested,m,,SUV,No Special Function,false,North,Going Straight,45.00,45.00,45.00,Failed to Stop at Signal,,Distracted/Other Interior,,,No Automation,,,,,,,,,,,,false,false,false,false,false,No Vehicle Defects,Driver,None,None,Not Ejected/Not Applicable,Properly used,"N/A Cars, truck, etc.",30.00,Deployed at pos. and others,Suspected Minor Injury,No Observed,Marijuana Not Suspected,No Observed,Not Tested,m,Pickup Truck/Utility Van,No Special Function,false,East,Making Left Turn,45.00,10.00,10.00,No Contributing Action,,No apparent contributing factor,,,No Automation,,,,,,,,,,,,,,,,,,,,,,,,,,,,,,,,,,,,,,,,,,,,,,,,,,,,,,
250105739,11/28/2025 11:57:00 AM,11/28/2025 11:57:00 AM,0.00,0.00,2.00,0.00,true,false,false,false,39.49,-104.81,,HESS RD,DOUBLE ANGEL RD,On-roadway,1.00,1,Front to Side,,,,Front to Side,Curve Right,Downhill,Not Applicable,Dark-lighted,At Intersection,Dry,Rain,,false,false,false,false,false,No Vehicle Defects,Driver,None,None,Not Ejected/Not Applicable,Properly used,"N/A Cars, truck, etc.",17.00,Not Deployed,No Apparent Injury,No Observed,Marijuana Not Suspected,No Observed,Not Tested,m,,Passenger Car/Passenger Van,No Special Function,false,South,Going Straight,50.00,5.00,,Failed to Yield ROW,,No apparent contributing factor,,,No Automation,,,,,,,,,,,,false,false,false,false,false,No Vehicle Defects,Driver,None,None,Not Ejected/Not Applicable,Properly used,"N/A Cars, truck, etc.",21.00,Deployed at pos. and others,No Apparent Injury,No Observed,Marijuana Not Suspected,No Observed,Not Tested,f,Passenger Car/Passenger Van,No Special Function,false,West,Negotiating a Curve,50.00,50.00,55.00,No Contributing Action,,No apparent contributing factor,,,No Automation,,,,,,,,,,,,,,,,,,,,,,,,,,,,,,,,,,,,,,,,,,,,,,,,,,,,,,
250105763,11/28/2025 1:55:00 PM,11/28/2025 1:55:00 PM,1.00,0.00,1.00,0.00,false,false,false,false,39.50,-104.87,11500.00,HAVANA ST,,Ran off right side,2.00,1,Ground,Overturning/Rollover,Ground,,Ground,Curve Left,Sag/Bottom,Not Applicable,Daylight,Non-intersection,Dry,Clear,,false,false,false,false,false,No Vehicle Defects,Driver,Complied With,Complied With,Motorcycle,Properly used,Helmet Properly Used,19.00,Not Equipped,Fatal Injury,No Other Method,Unknown,No Other Method,By Coroner - Unknown,m,,Motorcycle,No Special Function,false,North,Going Straight,45.00,90.00,,Speeding,Reckless Driving,Driver Inexperience,,,No Automation,,,,,,,,,,,,,,,,,,,,,,,,,,,,,,,,,,,,,,,,,,,,,,,,,,,,,,,,,,,,,,,,,,,,,,,,,,,,,,,,,,,,,,,,,,,,,,,,,,,
250105922,11/29/2025 5:13:00 AM,11/29/2025 5:13:00 AM,0.00,0.00,1.00,0.00,false,true,false,false,39.54,-105.01,-2000.00,HIGHLANDS RANCH PKWY,,Ran off right side,1.00,,Curb,Tree,Fence,,Tree,Straight,Uphill,Not Applicable,Dark-lighted,Non-intersection,Snowy W/Visible Icy Road Treatment,Snow,,false,false,false,false,false,No Vehicle Defects,Driver,None,None,Not Ejected/Not Applicable,Properly used,"N/A Cars, truck, etc.",19.00,Deployed at pos. and others,No Apparent Injury,No Observed,Marijuana Not Suspected,No Observed,Not Tested,m,,Passenger Car/Passenger Van,No Special Function,false,West,Going Straight,45.00,65.00,50.00,Too Fast For Conditions,Careless Driving,Driver Inexperience,,,No Automation,,,,,,,,,,,,,,,,,,,,,,,,,,,,,,,,,,,,,,,,,,,,,,,,,,,,,,,,,,,,,,,,,,,,,,,,,,,,,,,,,,,,,,,,,,,,,,,,,,,
250105924,11/29/2025 5:14:00 AM,11/29/2025 5:14:00 AM,0.00,0.00,2.00,0.00,false,false,false,false,39.53,-104.94,10364.00,RAVENSWOOD WAY,,On-roadway,0.00,,Parked Motor Vehicle,,,,Parked Motor Vehicle,Straight,Level,Not Applicable,Dark-lighted,Non-intersection,Snowy,Snow,Freezing Rain or Freezing Drizzle,true,false,false,,,,,,,,,,,,,,,,,,,Unknown Hit & Run Only,No Special Function,false,North,Going Straight,25.00,20.00,,Too Fast For Conditions,Other Contributing Action,Driver Unfamiliar With Area,,,,false,,,,,,,,,,,false,false,true,,,,,,,,,,,,,,,,,,Passenger Car/Passenger Van,No Special Function,false,South,Parked,,,,,,,,,,,,,,,,,,,,,,,,,,,,,,,,,,,,,,,,,,,,,,,,,,,,,,,,,,,,,,,
250105933,11/29/2025 7:38:00 AM,11/29/2025 7:38:00 AM,0.00,0.00,1.00,0.00,true,false,false,false,39.52,-104.92,10500.00,QUEBEC ST,,On-roadway,1.00,1,Curb,Tree,,,Tree,Curve Left,Level,Not Applicable,Daylight,Non-intersection,Icy,Clear,,false,false,false,false,false,No Vehicle Defects,Driver,Complied With,None,Not Ejected/Not Applicable,Properly used,"N/A Cars, truck, etc.",17.00,Deployed at pos. and others,No Apparent Injury,No Observed,Marijuana Not Suspected,No Observed,Not Tested,f,,SUV,No Special Function,false,North,Going Straight,45.00,40.00,,Too Fast For Conditions,,Driver Inexperience,,,No Automation,,,,,,,,,,,,,,,,,,,,,,,,,,,,,,,,,,,,,,,,,,,,,,,,,,,,,,,,,,,,,,,,,,,,,,,,,,,,,,,,,,,,,,,,,,,,,,,,,,,
250105947,11/29/2025 8:36:00 AM,11/29/2025 8:36:00 AM,0.00,0.00,2.00,0.00,false,false,false,false,39.44,-104.75,5040.00,BUR OAK LN,,On Private Property,0.00,,Rear to Rear,,,,Rear to Rear,Straight,Level,Not Applicable,Daylight,Driveway Access Related,Snowy,Clear,,false,false,false,false,false,No Vehicle Defects,Driver,None,None,Not Ejected/Not Applicable,Properly used,"N/A Cars, truck, etc.",57.00,Not Deployed,No Apparent Injury,No Observed,Marijuana Not Suspected,No Observed,Not Tested,m,,"Medium/Heavy Trucks crossing state line, GVWR/GCWR 10,001 or over",No Special Function,false,North,Backing,25.00,5.00,5.00,Improper Backing,,No apparent contributing factor,,,No Automation,,,,,,,,,,,,false,false,false,,,,,,,,,,,,,,,,,,Pickup Truck/Utility Van,No Special Function,false,North,Parked,,,,,,,,,,,,,,,,,,,,,,,,,,,,,,,,,,,,,,,,,,,,,,,,,,,,,,,,,,,,,,,
250105967,11/29/2025 10:38:00 AM,11/29/2025 10:38:00 AM,0.00,0.00,1.00,0.00,false,false,false,false,39.37,-105.10,700.00,HWY 67,,Ran off right side,1.00,1,Embankment,Overturning/Rollover,,,Overturning/Rollover,Curve Left,Downhill,Not Applicable,Daylight,Non-intersection,Icy,Clear,,false,false,false,false,false,No Vehicle Defects,Driver,None,None,Not Ejected/Not Applicable,Properly used,"N/A Cars, truck, etc.",52.00,Not Deployed,Suspected Minor Injury,No Observed,Marijuana Not Suspected,No Observed,Not Tested,f,,SUV,No Special Function,false,West,Going Straight,30.00,20.00,15.00,No Contributing Action,,Not Observed,,,No Automation,,,,,,,,,,,,,,,,,,,,,,,,,,,,,,,,,,,,,,,,,,,,,,,,,,,,,,,,,,,,,,,,,,,,,,,,,,,,,,,,,,,,,,,,,,,,,,,,,,,
250105974,11/29/2025 10:56:00 AM,11/29/2025 10:56:00 AM,0.00,0.00,1.00,0.00,true,false,false,false,39.48,-104.72,,HILLTOP RD,VILLAGE RD,Ran off right side,0.00,,Sign,,,,Sign,Straight,Downhill,Not Applicable,Daylight,At Intersection,Icy,Clear,,false,false,false,false,false,No Vehicle Defects,Driver,None,None,Not Ejected/Not Applicable,Properly used,"N/A Cars, truck, etc.",24.00,Not Equipped,No Apparent Injury,No Other Method,Marijuana Not Suspected,No Other Method,Not Tested,f,,SUV,No Special Function,false,North,Slowing,25.00,5.00,5.00,Too Fast For Conditions,,Age / Driver Ability,,,No Automation,,,,,,,,,,,,,,,,,,,,,,,,,,,,,,,,,,,,,,,,,,,,,,,,,,,,,,,,,,,,,,,,,,,,,,,,,,,,,,,,,,,,,,,,,,,,,,,,,,,
250105983,11/29/2025 12:03:00 PM,11/29/2025 12:03:00 PM,0.00,1.00,2.00,0.00,false,false,false,false,39.57,-104.90,,QUEBEC ST,COUNTY LINE RD,On-roadway,3.00,1,Front to Side,,,,Front to Side,Straight,Level,Not Applicable,Daylight,At Intersection,Dry,Clear,,false,false,false,false,false,No Vehicle Defects,Driver,None,None,Not Ejected/Not Applicable,Properly used,"N/A Cars, truck, etc.",19.00,Deployed at pos. and others,No Apparent Injury,No Observed,Marijuana Not Suspected,No Observed,Not Tested,f,,Passenger Car/Passenger Van,No Special Function,false,South,Going Straight,40.00,35.00,35.00,Failed to Stop at Signal,Careless Driving,No apparent contributing factor,,,No Automation,,,,,,,,,,,,false,false,false,false,false,No Vehicle Defects,Driver,None,None,Not Ejected/Not Applicable,Properly used,"N/A Cars, truck, etc.",66.00,Deployed at pos. and others,Suspected Minor Injury,No Observed,Marijuana Not Suspected,No Observed,Not Tested,f,Passenger Car/Passenger Van,No Special Function,false,East,Going Straight,45.00,15.00,15.00,No Contributing Action,,No apparent contributing factor,,,No Automation,,,,,,,,,,,,,,,,,,,,,,,,,,,,,,,,,,,,,,,,,,,,,,,,,,,,,,