Casetrackingid,Accidentdate,Accidenttime,Numberkilled,Numberinjured,Totalvehicles,Totalnonmotorists,Juvenilesinvolvedindicator,Secondarycrashindicator,Constructionzoneindicator,Schoolzoneindicator,Latitude,Longitude,Onroadaddress,_Primarystreet,_Crossstreet,Location,Numberoflanesblocked,Laneposition,Harmfulevent1,Harmfulevent2,Harmfulevent3,Harmfulevent4,Mostharmfulevent,Roadcontourcurves,Roadcontourgrade,Approachovertakingturn,Lightingcondition,Roaddescription,Roadcondition,Weathercondition1,Weathercondition2,Hitandrun_V1,Noncontact_V1,Parked_V1,Unlicenseddriver_V1,Duiindicator_V1,Vehicledefectcondition_V1,Positioninvehicle_D1,Drivingrestrictions_D1,Drivingendorsements_D1,Ejectionpath_D1,Safetyequipmentuse_D1,Safetyequipmenthelmet_D1,Age_D1,Airbagdeployment_D1,Injuryseverity_D1,Alcoholsuspected_D1,Marijuanasuspected_D1,Otherdrugssuspected_D1,Testedforotherdrugs_D1,Personsexcode_D1,Deadatscene_D1,Vehicletype_V1,Specialfunction_V1,Emergencylightsactivated_V1,Directionoftravel_V1,Vehiclemovement_V1,Roadwayspeedlimit_V1,Estimatedvehiclespeed_V1,Driverstatedspeed_V1,Driveraction1_V1,Driveraction2_V1,Mostapprthumancontrfactor1_V1,Mostapprthumancontrfactor2_V1,Mostapprthumancontrfactor3_V1,Autonomousvehiclecapability_V1,Drivercededcontrol_V1,Nonmotoristtype_V1,Nonmotoristmovement_V1,Nonmotoristlocation_V1,Nonmotoristlegofint_V1,Nonmotoristtypeoffacility_V1,Nonmotoristaction1_V1,Nonmotoristaction2_V1,Nonmotoristcontrfctr1_V1,Nonmotoristcontrfctr2_V1,Nonmotoristcontrfctr3_V1,Hitandrun_V2,Noncontact_V2,Parked_V2,Unlicenseddriver_V2,Duiindicator_V2,Vehicledefectcondition_V2,Positioninvehicle_D2,Drivingrestrictions_D2,Drivingendorsements_D2,Ejectionpath_D2,Safetyequipmentuse_D2,Safetyequipmenthelmet_D2,Age_D2,Airbagdeployment_D2,Injuryseverity_D2,Alcoholsuspected_D2,Marijuanasuspected_D2,Otherdrugssuspected_D2,Testedforotherdrugs_D2,Personsexcode_D2,Vehicletype_V2,Specialfunction_V2,Emergencylightsactivated_V2,Directionoftravel_V2,Vehiclemovement_V2,Roadwayspeedlimit_V2,Estimatedvehiclespeed_V2,Driverstatedspeed_V2,Driveraction1_V2,Driveraction2_V2,Mostapprthumancontrfactor1_V2,Mostapprthumancontrfactor2_V2,Mostapprthumancontrfactor3_V2,Autonomousvehiclecapability_V2,Drivercededcontrol_V2,Nonmotoristtype_V2,Nonmotoristmovement_V2,Nonmotoristlocation_V2,Nonmotoristlegofint_V2,Nonmotoristtypeoffacility_V2,Nonmotoristaction1_V2,Nonmotoristaction2_V2,Nonmotoristcontrfctr1_V2,Nonmotoristcontrfctr2_V2,Nonmotoristcontrfctr3_V2,Hitandrun_V3,Noncontact_V3,Parked_V3,Unlicenseddriver_V3,Duiindicator_V3,Positioninvehicle_D3,Drivingrestrictions_D3,Drivingendorsements_D3,Ejection_D3,Safetyequipmentuse_D3,Age_D3,Airbagdeployment_D3,Injuryseverity_D3,Alcoholsuspected_D3,Marijuanasuspected_D3,Otherdrugssuspected_D3,Testedforotherdrugs_D3,Personsexcode_D3,Vehicletype_V3,Specialfunction_V3,Emergencylightsactivated_V3,Directionoftravel_V3,Vehiclemovement_V3,Roadwayspeedlimit_V3,Estimatedvehiclespeed_V3,Driverstatedspeed_V3,Driveraction1_V3,Driveraction2_V3,Mostapprthumancontrfactor1_V3,Mostapprthumancontrfactor2_V3,Mostapprthumancontrfactor3_V3,Autonomousvehiclecapability_V3,Drivercededcontrol_V3,Nonmotoristtype_V3,Nonmotoristmovement_V3,Nonmotoristlocation_V3,Nonmotoristlegofint_V3,Nonmotoristtypeoffacility_V3,Nonmotoristaction1_V3,Nonmotoristaction2_V3,Nonmotoristcontrfctr1_V3,Nonmotoristcontrfctr2_V3,Nonmotoristcontrfctr3_V3
250106232,11/30/2025 12:32:00 PM,11/30/2025 12:32:00 PM,0.00,0.00,2.00,0.00,false,false,false,false,39.54,-104.91,,LINCOLN AVE,QUEBEC ST,On-roadway,1.00,1,Front to Rear,,,,Front to Rear,Straight,Downhill,Not Applicable,Daylight,Intersection Related,Dry,Clear,,false,false,false,false,false,No Vehicle Defects,Driver,Complied With,None,Not Ejected/Not Applicable,Properly used,"N/A Cars, truck, etc.",24.00,Not Deployed,No Apparent Injury,No Observed,Marijuana Not Suspected,No Observed,Not Tested,m,,Passenger Car/Passenger Van,No Special Function,false,West,Going Straight,45.00,5.00,5.00,Followed Too Closely,,Driver Inexperience,,,No Automation,,,,,,,,,,,,false,false,false,false,false,No Vehicle Defects,Driver,None,None,Not Ejected/Not Applicable,Properly used,"N/A Cars, truck, etc.",70.00,Not Deployed,Possible Injury,No Observed,Marijuana Not Suspected,No Observed,Not Tested,m,SUV,No Special Function,false,West,Stopped in Traffic,45.00,0.00,0.00,No Contributing Action,,No apparent contributing factor,,,No Automation,,,,,,,,,,,,,,,,,,,,,,,,,,,,,,,,,,,,,,,,,,,,,,,,,,,,,,
250106348,11/29/2025 8:30:00 PM,11/29/2025 8:30:00 PM,0.00,0.00,1.00,0.00,false,false,false,false,39.53,-104.75,7120.00,SAGEBRUSH DR,,Ran off right side,0.00,1,Other Fixed Object,,,,Other Fixed Object,Straight,Level,Not Applicable,Dark-unlighted,Non-intersection,Dry,Clear,,true,false,false,,,,,,,,,,,,,,,,,,,SUV,No Special Function,false,South,Going Straight,25.00,25.00,,Lane Violation,,Not Observed,,,No Automation,,,,,,,,,,,,,,,,,,,,,,,,,,,,,,,,,,,,,,,,,,,,,,,,,,,,,,,,,,,,,,,,,,,,,,,,,,,,,,,,,,,,,,,,,,,,,,,,,,,
250106520,12/1/2025 12:39:00 PM,12/1/2025 12:39:00 PM,0.00,0.00,2.00,0.00,false,false,false,false,39.54,-104.95,,FAIRVIEW PKWY,HIGHLANDS RANCH PKWY,On-roadway,0.00,5,Side to Side - Same Direction,,,,Side to Side - Same Direction,Straight,Downhill,Not Applicable,Daylight,Intersection Related,Dry,Clear,,true,false,false,false,false,No Vehicle Defects,Driver,Complied With,None,Not Ejected/Not Applicable,Properly used,"N/A Cars, truck, etc.",18.00,Not Deployed,No Apparent Injury,No Observed,Marijuana Not Suspected,No Observed,Not Tested,f,,SUV,No Special Function,false,East,Making Right Turn,45.00,15.00,15.00,Failed to Yield ROW,,Driver Inexperience,,,No Automation,,,,,,,,,,,,false,false,false,false,false,No Vehicle Defects,Driver,Complied With,None,Not Ejected/Not Applicable,Properly used,"N/A Cars, truck, etc.",18.00,Not Deployed,No Apparent Injury,No Observed,Marijuana Not Suspected,No Observed,Not Tested,m,SUV,No Special Function,false,West,Making Left Turn,45.00,15.00,15.00,No Contributing Action,,No apparent contributing factor,,,No Automation,,,,,,,,,,,,,,,,,,,,,,,,,,,,,,,,,,,,,,,,,,,,,,,,,,,,,,
250106530,12/1/2025 1:00:00 PM,12/1/2025 1:00:00 PM,0.00,0.00,2.00,0.00,false,false,false,false,39.54,-104.74,,PONDEROSA DR,SPRING CREEK RD,On-roadway,1.00,1,Side to Side - Opposite Direction,,,,Side to Side - Opposite Direction,Straight,Downhill,Not Applicable,Daylight,Non-intersection,Dry,Clear,,false,false,false,false,false,No Vehicle Defects,Driver,None,Complied With,Not Ejected/Not Applicable,Not used,"N/A Cars, truck, etc.",60.00,Not Deployed,No Apparent Injury,No Observed,Marijuana Not Suspected,No Observed,Not Tested,m,,"Medium/Heavy Trucks crossing state line, GVWR/GCWR 10,001 or over",Highway/Maintenance,true,East,Backing,25.00,2.00,,Improper Backing,,No apparent contributing factor,,,No Automation,,,,,,,,,,,,false,false,false,false,false,No Vehicle Defects,Driver,None,None,Not Ejected/Not Applicable,Properly used,"N/A Cars, truck, etc.",39.00,Not Deployed,No Apparent Injury,No Observed,Marijuana Not Suspected,No Observed,Not Tested,m,Pickup Truck/Utility Van,No Special Function,false,East,Backing,25.00,5.00,10.00,No Contributing Action,,No apparent contributing factor,,,No Automation,,,,,,,,,,,,,,,,,,,,,,,,,,,,,,,,,,,,,,,,,,,,,,,,,,,,,,
250106564,12/1/2025 12:58:00 PM,12/1/2025 12:58:00 PM,0.00,0.00,2.00,0.00,true,false,false,false,39.54,-104.81,,LINCOLN AVE,CHAMBERS RD,On-roadway,1.00,2,Front to Rear,,,,Front to Rear,Straight,Level,Not Applicable,Daylight,Intersection Related,Dry,Clear,,false,false,false,false,false,No Vehicle Defects,Driver,Compliance Not Known,None,Not Ejected/Not Applicable,Properly used,"N/A Cars, truck, etc.",37.00,Not Deployed,No Apparent Injury,No Observed,Marijuana Not Suspected,No Observed,Not Tested,f,,Passenger Car/Passenger Van,No Special Function,false,West,Going Straight,45.00,20.00,,Followed Too Closely,,No apparent contributing factor,,,No Automation,,,,,,,,,,,,true,false,false,,,,,,,,,,,,,,,,,,Passenger Car/Passenger Van,No Special Function,false,West,Slowing,45.00,20.00,,No Contributing Action,,No apparent contributing factor,,,No Automation,,,,,,,,,,,,,,,,,,,,,,,,,,,,,,,,,,,,,,,,,,,,,,,,,,,,,,
250106615,12/1/2025 4:01:00 PM,12/1/2025 4:01:00 PM,0.00,0.00,1.00,1.00,true,false,false,false,39.53,-104.80,,LINCOLN AVE,KEYSTONE BLVD,On-roadway,1.00,1,Wild Animal,Ground,,,Wild Animal,Straight,Uphill,Overtaking Turn,Daylight,At Intersection,Dry,Clear,,,,,,,,,,,,,Helmet Properly Used,13.00,,Possible Injury,No Observed,Marijuana Not Suspected,No Observed,Not Tested,m,,,,,,,,,,,,,,,,,Other Pedestrian,Going Straight,Intersection-Marked Crosswalk,South,Crosswalk,"Failure to Obey Traffic Signs, Signals, or Officer",Cross/Enter at Intersection,Inexperience,,,false,false,false,false,false,No Vehicle Defects,Driver,Complied With,None,Not Ejected/Not Applicable,Properly used,"N/A Cars, truck, etc.",53.00,Not Deployed,No Apparent Injury,No Observed,Marijuana Not Suspected,No Observed,Not Tested,f,SUV,No Special Function,false,West,Making Left Turn,45.00,15.00,15.00,No Contributing Action,,Looked / Did Not See,,,No Automation,,,,,,,,,,,,,,,,,,,,,,,,,,,,,,,,,,,,,,,,,,,,,,,,,,,,,,
250106654,12/1/2025 5:42:00 PM,12/1/2025 5:42:00 PM,0.00,0.00,2.00,0.00,false,false,false,false,39.55,-105.01,,KENDRICK CASTILLO WAY,SHEA CENTER DR,On-roadway,1.00,1,Front to Front,Front to Side,,,Front to Front,Straight,Level,Not Applicable,Dark-lighted,At Intersection,Dry,Clear,,false,false,false,false,false,No Vehicle Defects,Driver,None,None,Not Ejected/Not Applicable,Properly used,"N/A Cars, truck, etc.",37.00,Not Deployed,No Apparent Injury,No Observed,Marijuana Not Suspected,No Observed,Not Tested,f,,Passenger Car/Passenger Van,No Special Function,false,North,Making Left Turn,45.00,5.00,5.00,Failed to Yield ROW,,No apparent contributing factor,,,No Automation,,,,,,,,,,,,false,false,false,false,false,No Vehicle Defects,Driver,None,None,Not Ejected/Not Applicable,Properly used,"N/A Cars, truck, etc.",42.00,Not Deployed,No Apparent Injury,No Observed,Marijuana Not Suspected,No Observed,Not Tested,f,SUV,No Special Function,false,South,Going Straight,45.00,45.00,45.00,No Contributing Action,,No apparent contributing factor,,,No Automation,,,,,,,,,,,,,,,,,,,,,,,,,,,,,,,,,,,,,,,,,,,,,,,,,,,,,,
250106660,12/1/2025 6:11:00 PM,12/1/2025 6:11:00 PM,0.00,0.00,3.00,0.00,false,false,false,false,39.56,-104.90,13648.00,OMEGA CIR,,On-roadway,1.00,1,Front to Side,Front to Rear,,,Front to Rear,Curve Left,Uphill,Not Applicable,Dark-unlighted,Non-intersection,Dry,Clear,,false,false,false,false,false,No Vehicle Defects,Driver,Complied With,None,Not Ejected/Not Applicable,Properly used,"N/A Cars, truck, etc.",77.00,Not Deployed,No Apparent Injury,No Observed,Marijuana Not Suspected,No Observed,Not Tested,m,,SUV,No Special Function,false,Northeast,Negotiating a Curve,25.00,5.00,,Improper Turn,,Age / Driver Ability,Distracted/Other Exterior,,No Automation,,,,,,,,,,,,false,false,true,,,,,,,,,,,,,,,,,,Pickup Truck/Utility Van,No Special Function,false,Northwest,Parked,,,,,,,,,,,,,,,,,,,,,false,false,true,,,,,,,,,,,,,,,,SUV,No Special Function,false,Northwest,Parked,,,,,,,,,,,,,,,,,,,,
250106793,12/2/2025 8:10:00 AM,12/2/2025 8:10:00 AM,0.00,0.00,2.00,0.00,false,false,false,false,39.54,-104.81,,BROOKSTONE DR,STONEGATE PKWY,On-roadway,2.00,1,Front to Side,,,,Front to Side,Straight,Level,Not Applicable,Daylight,At Intersection,Dry,Clear,,false,false,false,false,false,No Vehicle Defects,Driver,None,None,Not Ejected/Not Applicable,Properly used,"N/A Cars, truck, etc.",30.00,Not Deployed,No Apparent Injury,No Observed,Marijuana Not Suspected,No Observed,Not Tested,m,,Pickup Truck/Utility Van,No Special Function,false,East,Making Left Turn,30.00,10.00,5.00,Failed to Yield ROW,,Looked / Did Not See,,,Partial Automation,,,,,,,,,,,,false,false,false,false,false,No Vehicle Defects,Driver,None,None,Not Ejected/Not Applicable,Properly used,"N/A Cars, truck, etc.",22.00,"Not deployed at pos., deployed at others",No Apparent Injury,No Observed,Marijuana Not Suspected,No Observed,Not Tested,m,Passenger Car/Passenger Van,No Special Function,false,South,Going Straight,30.00,30.00,25.00,No Contributing Action,,No apparent contributing factor,,,No Automation,,,,,,,,,,,,,,,,,,,,,,,,,,,,,,,,,,,,,,,,,,,,,,,,,,,,,,
250107042,12/2/2025 5:55:00 PM,12/2/2025 5:55:00 PM,0.00,1.00,0.00,0.00,false,false,false,false,39.50,-105.03,9500.00,MOORE RD,,On-roadway,0.00,1,Wild Animal,,,,Wild Animal,Straight,Level,Not Applicable,Dark-unlighted,Non-intersection,Dry,Clear,,false,false,false,false,false,No Vehicle Defects,Driver,None,None,Not Ejected/Not Applicable,Properly used,"N/A Cars, truck, etc.",18.00,Not Deployed,No Apparent Injury,No Observed,Marijuana Not Suspected,No Observed,Not Tested,m,,SUV,No Special Function,false,South,Going Straight,45.00,40.00,40.00,No Contributing Action,,No apparent contributing factor,,,No Automation,,,,,,,,,,,,,,,,,,,,,,,,,,,,,,,,,,,,,,,,,,,,,,,,,,,,,,,,,,,,,,,,,,,,,,,,,,,,,,,,,,,,,,,,,,,,,,,,,,,
250107159,12/3/2025 9:03:00 AM,12/3/2025 9:03:00 AM,0.00,0.00,2.00,0.00,true,false,false,false,39.56,-104.97,,DAD CLARK DR,NORTHRIDGE RD,On-roadway,0.00,1,Front to Rear,,,,Front to Rear,Straight,Level,Not Applicable,Daylight,At Intersection,Snowy,Snow,,false,false,false,false,false,No Vehicle Defects,Driver,None,None,Not Ejected/Not Applicable,Unknown,"N/A Cars, truck, etc.",42.00,Not Deployed,No Apparent Injury,,,,,m,,Passenger Car/Passenger Van,No Special Function,false,West,Going Straight,45.00,15.00,,Followed Too Closely,,No apparent contributing factor,,,No Automation,,,,,,,,,,,,false,false,false,false,false,No Vehicle Defects,Driver,None,None,Not Ejected/Not Applicable,Properly used,"N/A Cars, truck, etc.",44.00,Not Deployed,No Apparent Injury,No Observed,Marijuana Not Suspected,No Observed,Not Tested,m,Passenger Car/Passenger Van,No Special Function,false,West,Stopped in Traffic,45.00,0.00,0.00,No Contributing Action,,No apparent contributing factor,,,No Automation,,,,,,,,,,,,,,,,,,,,,,,,,,,,,,,,,,,,,,,,,,,,,,,,,,,,,,
250107184,12/3/2025 10:34:00 AM,12/3/2025 10:34:00 AM,0.00,0.00,1.00,0.00,false,false,false,false,39.28,-104.75,5775.00,LAKE GULCH RD,,Ran off left side,0.00,1,Other Non-Collision,Fence,,,Fence,Straight,Level,Not Applicable,Daylight,Non-intersection,Icy,Snow,,false,false,false,false,false,No Vehicle Defects,Driver,None,None,Not Ejected/Not Applicable,Properly used,"N/A Cars, truck, etc.",20.00,Not Deployed,No Apparent Injury,No Observed,Marijuana Not Suspected,No Observed,Not Tested,m,,Pickup Truck/Utility Van,No Special Function,false,West,Out of Control,35.00,30.00,25.00,Careless Driving,,Driver Inexperience,,,No Automation,,,,,,,,,,,,,,,,,,,,,,,,,,,,,,,,,,,,,,,,,,,,,,,,,,,,,,,,,,,,,,,,,,,,,,,,,,,,,,,,,,,,,,,,,,,,,,,,,,,
250107221,12/3/2025 12:41:00 PM,12/3/2025 12:41:00 PM,0.00,0.00,2.00,0.00,true,false,false,false,39.53,-104.99,,WILDCAT RESERVE PKWY,BROADWAY,On-roadway,0.00,1,Side to Side - Same Direction,,,,Side to Side - Same Direction,Straight,Level,Not Applicable,Daylight,At Intersection,Slushy,Snow,,false,false,false,false,false,No Vehicle Defects,Driver,None,None,Not Ejected/Not Applicable,Properly used,"N/A Cars, truck, etc.",16.00,Deployed at pos. only,No Apparent Injury,No Observed,Marijuana Not Suspected,No Observed,Not Tested,m,,SUV,No Special Function,false,West,Swerve/Avoidance,45.00,20.00,35.00,Over-Correcting / Over-Steering,Too Fast For Conditions,Driver Inexperience,,,No Automation,,,,,,,,,,,,false,false,false,false,false,No Vehicle Defects,Driver,Compliance Not Known,None,Not Ejected/Not Applicable,Properly used,"N/A Cars, truck, etc.",18.00,Not Equipped,No Apparent Injury,No Observed,Marijuana Not Suspected,No Observed,Not Tested,f,Passenger Car/Passenger Van,No Special Function,false,West,Stopped in Traffic,45.00,0.00,0.00,No Contributing Action,,No apparent contributing factor,,,No Automation,,,,,,,,,,,,,,,,,,,,,,,,,,,,,,,,,,,,,,,,,,,,,,,,,,,,,,
250107236,12/3/2025 8:45:00 AM,12/3/2025 8:45:00 AM,0.00,0.00,1.00,0.00,true,false,false,false,39.51,-105.06,9400.00,TITAN RD,,Ran off left side,0.00,,Other Non-Collision,Embankment,Fence,,Fence,Straight,Downhill,Not Applicable,Daylight,Non-intersection,Icy,Snow,,false,false,false,false,false,No Vehicle Defects,Driver,None,None,Not Ejected/Not Applicable,Properly used,"N/A Cars, truck, etc.",37.00,Not Deployed,No Apparent Injury,No Observed,Marijuana Not Suspected,No Observed,Not Tested,m,,Passenger Car/Passenger Van,No Special Function,false,West,Going Straight,50.00,20.00,20.00,No Contributing Action,,No apparent contributing factor,,,No Automation,,,,,,,,,,,,,,,,,,,,,,,,,,,,,,,,,,,,,,,,,,,,,,,,,,,,,,,,,,,,,,,,,,,,,,,,,,,,,,,,,,,,,,,,,,,,,,,,,,,
250107317,12/3/2025 6:28:00 PM,12/3/2025 6:28:00 PM,0.00,0.00,2.00,0.00,false,false,false,false,39.55,-105.01,,KENDRICK CASTILLO WAY,HIGHLANDS RANCH PKWY,On-roadway,0.00,2,Front to Side,,,,Front to Side,Straight,Level,Not Applicable,Dark-lighted,At Intersection,Snowy W/Visible Icy Road Treatment,Snow,,true,false,false,false,false,No Vehicle Defects,,,,,,,,,,,,,,,,SUV,No Special Function,false,West,Going Straight,40.00,30.00,,Failed to Stop at Signal,,Not Observed,,,Driver Assistance,,,,,,,,,,,,false,false,false,false,false,No Vehicle Defects,Driver,None,None,Not Ejected/Not Applicable,Properly used,"N/A Cars, truck, etc.",24.00,Not Deployed,No Apparent Injury,No Observed,Marijuana Not Suspected,No Observed,Not Tested,f,SUV,No Special Function,false,South,Going Straight,40.00,5.00,5.00,No Contributing Action,,No apparent contributing factor,,,No Automation,,,,,,,,,,,,,,,,,,,,,,,,,,,,,,,,,,,,,,,,,,,,,,,,,,,,,,
250107318,12/3/2025 6:15:00 PM,12/3/2025 6:15:00 PM,0.00,0.00,1.00,0.00,false,false,false,false,39.45,-104.76,6174.00,SADDLE CREEK TRL,,Ran off left side,0.00,,Curb,Electrical/Utility Box,Fence,Wall or Building,Wall or Building,Straight,Downhill,Not Applicable,Dark-unlighted,Driveway Access Related,Snowy,Snow,,false,false,false,false,false,No Vehicle Defects,Driver,None,None,Not Ejected/Not Applicable,Properly used,"N/A Cars, truck, etc.",20.00,Not Equipped,No Apparent Injury,No Observed,Marijuana Not Suspected,No Observed,Not Tested,m,,"Medium/Heavy Trucks crossing state line, GVWR/GCWR 10,001 or over",Other,false,North,Going Straight,25.00,25.00,35.00,Careless Driving,Too Fast For Conditions,Driver Inexperience,Driver Unfamiliar With Area,,No Automation,,,,,,,,,,,,,,,,,,,,,,,,,,,,,,,,,,,,,,,,,,,,,,,,,,,,,,,,,,,,,,,,,,,,,,,,,,,,,,,,,,,,,,,,,,,,,,,,,,,
250107356,12/3/2025 11:12:00 PM,12/3/2025 11:12:00 PM,0.00,0.00,3.00,0.00,false,false,false,false,39.56,-104.86,,LIBERTY BLVD,INVERNESS LN SOUTH,On-roadway,1.00,1,Front to Front,,,,Front to Front,Straight,Downhill,Not Applicable,Dark-lighted,Non-intersection,Icy,Clear,,false,false,false,false,false,No Vehicle Defects,Driver,None,None,Not Ejected/Not Applicable,Properly used,"N/A Cars, truck, etc.",24.00,Deployed at pos. only,No Apparent Injury,No Observed,Marijuana Not Suspected,No Observed,Not Tested,F,,SUV,No Special Function,false,West,Out of Control,35.00,20.00,20.00,Too Fast For Conditions,,Not Observed,,,No Automation,,,,,,,,,,,,false,false,false,false,false,No Vehicle Defects,Driver,None,None,Not Ejected/Not Applicable,Unknown,"N/A Cars, truck, etc.",22.00,Not Deployed,No Apparent Injury,No Observed,Marijuana Not Suspected,No Observed,Not Tested,m,"Medium/Heavy Trucks staying within the state, GVWR/GCWR 16,001 or over",Other,false,East,Stopped in Traffic,35.00,0.00,0.00,No Contributing Action,,No apparent contributing factor,,,No Automation,,,,,,,,,,,,false,false,false,true,false,Driver,None,None,No,Properly used,30.00,Not Deployed,No Apparent Injury,No Observed,Marijuana Not Suspected,No Observed,Not Tested,m,SUV,No Special Function,false,West,Going Straight,35.00,20.00,20.00,No Contributing Action,,No apparent contributing factor,,,No Automation,,,,,,,,,,,
250107379,12/4/2025 4:54:00 AM,12/4/2025 4:54:00 AM,0.00,1.00,1.00,0.00,false,false,false,false,39.53,-104.97,,GATEWAY DR,KISTLER CT,Ran off right side,0.00,1,Other Non-Collision,Curb,Overturning/Rollover,,Overturning/Rollover,Straight,Downhill,Not Applicable,Dark-unlighted,Non-intersection,Icy,Clear,,false,false,false,false,false,No Vehicle Defects,Driver,None,None,Not Ejected/Not Applicable,Properly used,"N/A Cars, truck, etc.",27.00,Not Equipped,Possible Injury,No Observed,Marijuana Not Suspected,No Observed,Not Tested,m,,Working Vehicle/Equipment,Public Utility,false,North,Going Straight,35.00,10.00,10.00,Other Contributing Action,,No apparent contributing factor,,,No Automation,,,,,,,,,,,,,,,,,,,,,,,,,,,,,,,,,,,,,,,,,,,,,,,,,,,,,,,,,,,,,,,,,,,,,,,,,,,,,,,,,,,,,,,,,,,,,,,,,,,
250107413,12/4/2025 5:30:00 AM,12/4/2025 5:30:00 AM,0.00,0.00,1.00,0.00,false,false,false,false,39.38,-105.02,800.00,OAK VALLEY RD,,Ran off right side,0.00,1,Fence,,,,Fence,Curve Left,Downhill,Not Applicable,Dark-unlighted,Intersection Related,Icy,Clear,,true,false,false,,,,,,,,,,,,,,,,,,,SUV,No Special Function,false,Southeast,Going Straight,30.00,20.00,,Too Fast For Conditions,,Not Observed,,,No Automation,,,,,,,,,,,,,,,,,,,,,,,,,,,,,,,,,,,,,,,,,,,,,,,,,,,,,,,,,,,,,,,,,,,,,,,,,,,,,,,,,,,,,,,,,,,,,,,,,,,
250107449,12/4/2025 11:09:00 AM,12/4/2025 11:09:00 AM,0.00,0.00,2.00,0.00,true,false,false,false,39.52,-104.93,5334.00,FULLERTON CIR,,Ran off left side,0.00,1,Curb,Tree,Parked Motor Vehicle,,Tree,Curve Right,Downhill,Not Applicable,Daylight,Non-intersection,Icy,Clear,,false,false,false,false,false,No Vehicle Defects,Driver,Complied With,None,Not Ejected/Not Applicable,Properly used,"N/A Cars, truck, etc.",16.00,Not Equipped,No Apparent Injury,No Observed,Marijuana Not Suspected,No Observed,Not Tested,m,,SUV,No Special Function,false,Northwest,Going Straight,25.00,25.00,12.00,Too Fast For Conditions,,Driver Inexperience,,,No Automation,,,,,,,,,,,,false,false,true,,,,,,,,,,,,,,,,,,Passenger Car/Passenger Van,No Special Function,false,Southeast,Parked,,,,,,,,,,,,,,,,,,,,,,,,,,,,,,,,,,,,,,,,,,,,,,,,,,,,,,,,,,,,,,,
250107880,12/5/2025 4:46:00 PM,12/5/2025 4:46:00 PM,0.00,0.00,2.00,0.00,true,false,false,false,39.54,-104.96,,VENNEFORD RANCH RD,HIGHLANDS RANCH PKWY,On-roadway,0.00,1,Front to Side,,,,Front to Side,Straight,Downhill,Not Applicable,Daylight,At Intersection,Dry,Clear,,false,false,false,false,false,No Vehicle Defects,Driver,None,None,Not Ejected/Not Applicable,Unknown,"N/A Cars, truck, etc.",44.00,Not Deployed,No Apparent Injury,Yes SFST,Marijuana Not Suspected,Yes SFST,Blood,f,,SUV,No Special Function,false,South,Making Right Turn,30.00,15.00,15.00,Improper Turn,Careless Driving,,,,No Automation,,,,,,,,,,,,false,false,false,false,false,No Vehicle Defects,Driver,None,None,Not Ejected/Not Applicable,Properly used,"N/A Cars, truck, etc.",44.00,Not Deployed,No Apparent Injury,No Observed,Marijuana Not Suspected,No Observed,Not Tested,f,SUV,No Special Function,false,North,Making Left Turn,30.00,15.00,15.00,No Contributing Action,,No apparent contributing factor,,,No Automation,,,,,,,,,,,,,,,,,,,,,,,,,,,,,,,,,,,,,,,,,,,,,,,,,,,,,,
250107893,12/5/2025 6:02:00 PM,12/5/2025 6:02:00 PM,0.00,1.00,1.00,0.00,false,false,false,false,39.57,-104.91,7110.00,COUNTY LINE RD,,Ran off right side,0.00,,Curb,Wall or Building,,,Wall or Building,Straight,Uphill,Not Applicable,Dark-lighted,Non-intersection,Dry,Clear,,false,false,false,false,false,No Vehicle Defects,Driver,None,None,Not Ejected/Not Applicable,Properly used,"N/A Cars, truck, etc.",51.00,Not Deployed,Suspected Minor Injury,Yes Observed,Marijuana Not Suspected,Yes Observed,Blood,m,,Pickup Truck/Utility Van,No Special Function,false,East,Out of Control,45.00,45.00,,Lane Violation,,Distracted/Other Interior,,,No Automation,,,,,,,,,,,,,,,,,,,,,,,,,,,,,,,,,,,,,,,,,,,,,,,,,,,,,,,,,,,,,,,,,,,,,,,,,,,,,,,,,,,,,,,,,,,,,,,,,,,
250107915,12/5/2025 7:20:00 PM,12/5/2025 7:20:00 PM,0.00,0.00,2.00,0.00,true,false,false,false,39.44,-104.78,,CRAFTSMAN DR,RUSTLER WAY,On-roadway,0.00,1,Front to Rear,,,,Front to Rear,Curve Left,Downhill,Not Applicable,,Non-intersection,Dry,Clear,,false,false,false,false,false,No Vehicle Defects,Driver,Complied With,None,Not Ejected/Not Applicable,Improperly used,"N/A Cars, truck, etc.",17.00,Deployed at pos. only,No Apparent Injury,No Observed,Marijuana Not Suspected,No Observed,Not Tested,m,,Passenger Car/Passenger Van,No Special Function,false,North,Going Straight,25.00,25.00,25.00,Other Contributing Action,,Talking on Phone / Holding,,,,false,,,,,,,,,,,false,false,true,,,No Vehicle Defects,,,,,,,,,,,,,,,Pickup Truck/Utility Van,No Special Function,false,North,Parked,,,,,,,,,,,,,,,,,,,,,,,,,,,,,,,,,,,,,,,,,,,,,,,,,,,,,,,,,,,,,,,
250108064,12/6/2025 2:14:00 PM,12/6/2025 2:14:00 PM,0.00,0.00,2.00,0.00,false,false,false,false,39.55,-105.00,,HIGHLANDS RANCH PKWY,TOWN CENTER DR,On-roadway,2.00,1,Front to Side,,,,Front to Side,Straight,Level,Not Applicable,Daylight,At Intersection,Dry,Clear,,false,false,false,false,false,No Vehicle Defects,Driver,None,None,Not Ejected/Not Applicable,Properly used,"N/A Cars, truck, etc.",80.00,Not Deployed,No Apparent Injury,No Observed,Marijuana Not Suspected,No Observed,Not Tested,f,,SUV,No Special Function,false,South,Making Left Turn,30.00,15.00,15.00,Failed to Yield ROW,,Age / Driver Ability,,,No Automation,,,,,,,,,,,,false,false,false,false,false,No Vehicle Defects,Driver,None,None,Not Ejected/Not Applicable,Properly used,"N/A Cars, truck, etc.",79.00,Not Deployed,No Apparent Injury,No Observed,Marijuana Not Suspected,No Observed,Not Tested,m,SUV,No Special Function,false,North,Going Straight,30.00,15.00,15.00,No Contributing Action,,No apparent contributing factor,,,No Automation,,,,,,,,,,,,,,,,,,,,,,,,,,,,,,,,,,,,,,,,,,,,,,,,,,,,,,