Casetrackingid,Accidentdate,Accidenttime,Numberkilled,Numberinjured,Totalvehicles,Totalnonmotorists,Juvenilesinvolvedindicator,Secondarycrashindicator,Constructionzoneindicator,Schoolzoneindicator,Latitude,Longitude,Onroadaddress,_Primarystreet,_Crossstreet,Location,Numberoflanesblocked,Laneposition,Harmfulevent1,Harmfulevent2,Harmfulevent3,Harmfulevent4,Mostharmfulevent,Roadcontourcurves,Roadcontourgrade,Approachovertakingturn,Lightingcondition,Roaddescription,Roadcondition,Weathercondition1,Weathercondition2,Hitandrun_V1,Noncontact_V1,Parked_V1,Unlicenseddriver_V1,Duiindicator_V1,Vehicledefectcondition_V1,Positioninvehicle_D1,Drivingrestrictions_D1,Drivingendorsements_D1,Ejectionpath_D1,Safetyequipmentuse_D1,Safetyequipmenthelmet_D1,Age_D1,Airbagdeployment_D1,Injuryseverity_D1,Alcoholsuspected_D1,Marijuanasuspected_D1,Otherdrugssuspected_D1,Testedforotherdrugs_D1,Personsexcode_D1,Deadatscene_D1,Vehicletype_V1,Specialfunction_V1,Emergencylightsactivated_V1,Directionoftravel_V1,Vehiclemovement_V1,Roadwayspeedlimit_V1,Estimatedvehiclespeed_V1,Driverstatedspeed_V1,Driveraction1_V1,Driveraction2_V1,Mostapprthumancontrfactor1_V1,Mostapprthumancontrfactor2_V1,Mostapprthumancontrfactor3_V1,Autonomousvehiclecapability_V1,Drivercededcontrol_V1,Nonmotoristtype_V1,Nonmotoristmovement_V1,Nonmotoristlocation_V1,Nonmotoristlegofint_V1,Nonmotoristtypeoffacility_V1,Nonmotoristaction1_V1,Nonmotoristaction2_V1,Nonmotoristcontrfctr1_V1,Nonmotoristcontrfctr2_V1,Nonmotoristcontrfctr3_V1,Hitandrun_V2,Noncontact_V2,Parked_V2,Unlicenseddriver_V2,Duiindicator_V2,Vehicledefectcondition_V2,Positioninvehicle_D2,Drivingrestrictions_D2,Drivingendorsements_D2,Ejectionpath_D2,Safetyequipmentuse_D2,Safetyequipmenthelmet_D2,Age_D2,Airbagdeployment_D2,Injuryseverity_D2,Alcoholsuspected_D2,Marijuanasuspected_D2,Otherdrugssuspected_D2,Testedforotherdrugs_D2,Personsexcode_D2,Vehicletype_V2,Specialfunction_V2,Emergencylightsactivated_V2,Directionoftravel_V2,Vehiclemovement_V2,Roadwayspeedlimit_V2,Estimatedvehiclespeed_V2,Driverstatedspeed_V2,Driveraction1_V2,Driveraction2_V2,Mostapprthumancontrfactor1_V2,Mostapprthumancontrfactor2_V2,Mostapprthumancontrfactor3_V2,Autonomousvehiclecapability_V2,Drivercededcontrol_V2,Nonmotoristtype_V2,Nonmotoristmovement_V2,Nonmotoristlocation_V2,Nonmotoristlegofint_V2,Nonmotoristtypeoffacility_V2,Nonmotoristaction1_V2,Nonmotoristaction2_V2,Nonmotoristcontrfctr1_V2,Nonmotoristcontrfctr2_V2,Nonmotoristcontrfctr3_V2,Hitandrun_V3,Noncontact_V3,Parked_V3,Unlicenseddriver_V3,Duiindicator_V3,Positioninvehicle_D3,Drivingrestrictions_D3,Drivingendorsements_D3,Ejection_D3,Safetyequipmentuse_D3,Age_D3,Airbagdeployment_D3,Injuryseverity_D3,Alcoholsuspected_D3,Marijuanasuspected_D3,Otherdrugssuspected_D3,Testedforotherdrugs_D3,Personsexcode_D3,Vehicletype_V3,Specialfunction_V3,Emergencylightsactivated_V3,Directionoftravel_V3,Vehiclemovement_V3,Roadwayspeedlimit_V3,Estimatedvehiclespeed_V3,Driverstatedspeed_V3,Driveraction1_V3,Driveraction2_V3,Mostapprthumancontrfactor1_V3,Mostapprthumancontrfactor2_V3,Mostapprthumancontrfactor3_V3,Autonomousvehiclecapability_V3,Drivercededcontrol_V3,Nonmotoristtype_V3,Nonmotoristmovement_V3,Nonmotoristlocation_V3,Nonmotoristlegofint_V3,Nonmotoristtypeoffacility_V3,Nonmotoristaction1_V3,Nonmotoristaction2_V3,Nonmotoristcontrfctr1_V3,Nonmotoristcontrfctr2_V3,Nonmotoristcontrfctr3_V3
250108106,12/6/2025 5:37:00 PM,12/6/2025 5:37:00 PM,0.00,0.00,2.00,0.00,false,false,false,false,39.43,-104.91,,DANIELS PARK RD,HWY 85,On-roadway,0.00,1,Front to Rear,,,,Front to Rear,Straight,Downhill,Not Applicable,Dark-unlighted,Intersection Related,Dry,Clear,,false,false,false,false,false,No Vehicle Defects,Driver,None,None,Not Ejected/Not Applicable,Properly used,"N/A Cars, truck, etc.",28.00,Not Deployed,No Apparent Injury,No Observed,Marijuana Not Suspected,No Observed,Not Tested,m,,SUV,No Special Function,false,South,Slowing,40.00,50.00,,Followed Too Closely,,Not Observed,,,No Automation,,,,,,,,,,,,true,false,false,,,,,,,,,,,,,,,,,,SUV,No Special Function,false,South,Slowing,40.00,0.00,,No Contributing Action,,No apparent contributing factor,,,No Automation,,,,,,,,,,,,,,,,,,,,,,,,,,,,,,,,,,,,,,,,,,,,,,,,,,,,,,
250108114,12/6/2025 6:02:00 PM,12/6/2025 6:02:00 PM,0.00,0.00,2.00,0.00,false,false,false,false,39.56,-104.83,,AMERICAN WAY,COMPARK BLVD,On-roadway,2.00,2,Front to Side,,,,Front to Side,Straight,Level,Not Applicable,Dark-lighted,At Intersection,Dry,Clear,,false,false,false,false,false,No Vehicle Defects,Driver,None,None,Not Ejected/Not Applicable,Properly used,"N/A Cars, truck, etc.",29.00,Not Deployed,No Apparent Injury,No Observed,Marijuana Not Suspected,No Observed,Not Tested,f,,Passenger Car/Passenger Van,No Special Function,false,North,Going Straight,20.00,20.00,20.00,Failed to Yield ROW,,Looked / Did Not See,,,No Automation,,,,,,,,,,,,false,false,false,false,false,No Vehicle Defects,Driver,None,None,Not Ejected/Not Applicable,Properly used,"N/A Cars, truck, etc.",23.00,Not Deployed,No Apparent Injury,No Observed,Marijuana Not Suspected,No Observed,Not Tested,f,Passenger Car/Passenger Van,No Special Function,false,West,Going Straight,40.00,15.00,15.00,No Contributing Action,,No apparent contributing factor,,,No Automation,,,,,,,,,,,,,,,,,,,,,,,,,,,,,,,,,,,,,,,,,,,,,,,,,,,,,,
250108149,12/6/2025 9:07:00 PM,12/6/2025 9:07:00 PM,0.00,0.00,1.00,0.00,false,false,false,false,39.57,-104.68,,SAMPSON GULCH WAY,PINEY LAKE RD,On-roadway,0.00,1,Sign,,,,Sign,Straight,Level,Not Applicable,Dark-lighted,At Intersection,Dry,Clear,,true,false,false,,,,,,,,,,,,,,,,,,,SUV,No Special Function,false,North,Going Straight,45.00,39.00,30.00,Careless Driving,,Not Observed,,,Unknown,,,,,,,,,,,,,,,,,,,,,,,,,,,,,,,,,,,,,,,,,,,,,,,,,,,,,,,,,,,,,,,,,,,,,,,,,,,,,,,,,,,,,,,,,,,,,,,,,,,
250108201,12/7/2025 1:46:00 AM,12/7/2025 1:46:00 AM,0.00,0.00,1.00,0.00,false,false,false,false,39.48,-104.72,8730.00,HILLTOP RD,,Ran off left side,0.00,,Fence,,,,Fence,Curve Left,Level,Not Applicable,Dark-lighted,Non-intersection,Dry,Clear,,false,false,false,false,false,No Vehicle Defects,Driver,None,None,Not Ejected/Not Applicable,Unknown,"N/A Cars, truck, etc.",28.00,Not Deployed,No Apparent Injury,No SFST,Marijuana Not Suspected,No Observed,Not Tested,m,,SUV,No Special Function,false,West,Negotiating a Curve,35.00,40.00,40.00,Careless Driving,,Manipulating Electronic Device,,,Unknown,,,,,,,,,,,,,,,,,,,,,,,,,,,,,,,,,,,,,,,,,,,,,,,,,,,,,,,,,,,,,,,,,,,,,,,,,,,,,,,,,,,,,,,,,,,,,,,,,,,
250108308,12/7/2025 12:49:00 PM,12/7/2025 12:49:00 PM,0.00,0.00,2.00,0.00,true,false,false,false,39.52,-104.96,2785.00,MIDDLEBURY DR,,On-roadway,0.00,1,Rear to Side,,,,Rear to Side,Straight,Level,Not Applicable,Daylight,Non-intersection,Dry,Clear,,false,false,false,false,false,No Vehicle Defects,Driver,None,None,Not Ejected/Not Applicable,Properly used,"N/A Cars, truck, etc.",45.00,Not Deployed,No Apparent Injury,No Observed,Marijuana Not Suspected,No Observed,Not Tested,m,,SUV,No Special Function,false,South,Backing,15.00,5.00,5.00,Improper Backing,,Looked / Did Not See,,,Driver Assistance,,,,,,,,,,,,false,false,false,false,false,No Vehicle Defects,Driver,None,None,Not Ejected/Not Applicable,Properly used,"N/A Cars, truck, etc.",25.00,Not Deployed,No Apparent Injury,No Observed,Marijuana Not Suspected,No Observed,Not Tested,m,Pickup Truck/Utility Van,No Special Function,false,East,Stopped in Traffic,15.00,0.00,0.00,No Contributing Action,,No apparent contributing factor,,,No Automation,,,,,,,,,,,,,,,,,,,,,,,,,,,,,,,,,,,,,,,,,,,,,,,,,,,,,,
250108337,12/7/2025 2:48:00 PM,12/7/2025 2:48:00 PM,0.00,0.00,2.00,0.00,true,false,false,false,39.52,-104.93,,MCARTHUR RANCH RD,VALLEYBROOK DR,On-roadway,0.00,1,Front to Side,,,,Front to Side,Straight,Level,Overtaking Turn,Daylight,Intersection Related,Dry,Clear,,false,false,false,false,false,No Vehicle Defects,Driver,None,None,Not Ejected/Not Applicable,Properly used,"N/A Cars, truck, etc.",32.00,Not Deployed,No Apparent Injury,No Observed,Marijuana Not Suspected,No Observed,Not Tested,f,,Passenger Car/Passenger Van,No Special Function,false,North,Making Right Turn,40.00,25.00,25.00,Improper Turn,,No apparent contributing factor,,,No Automation,,,,,,,,,,,,false,false,false,false,false,No Vehicle Defects,Driver,Complied With,None,Not Ejected/Not Applicable,Properly used,"N/A Cars, truck, etc.",17.00,Not Deployed,No Apparent Injury,No Observed,Marijuana Not Suspected,No Observed,Not Tested,f,SUV,No Special Function,false,South,Making Left Turn,40.00,5.00,5.00,No Contributing Action,,No apparent contributing factor,,,No Automation,,,,,,,,,,,,,,,,,,,,,,,,,,,,,,,,,,,,,,,,,,,,,,,,,,,,,,
250108669,12/8/2025 2:43:00 PM,12/8/2025 2:43:00 PM,0.00,0.00,2.00,0.00,false,false,false,false,39.54,-104.94,,UNIVERSITY BLVD,9495,On-roadway,0.00,4,Front to Side,,,,Front to Side,Straight,Level,Not Applicable,Daylight,At Intersection,Dry,Clear,,false,false,false,false,false,No Vehicle Defects,Driver,Compliance Not Known,None,Not Ejected/Not Applicable,Properly used,"N/A Cars, truck, etc.",52.00,Not Deployed,No Apparent Injury,No Observed,Marijuana Not Suspected,No Observed,Not Tested,F,,SUV,No Special Function,false,East,Making Right Turn,45.00,20.00,,Improper Turn,,No apparent contributing factor,,,No Automation,,,,,,,,,,,,false,false,false,false,false,No Vehicle Defects,Driver,Compliance Not Known,None,Not Ejected/Not Applicable,Properly used,"N/A Cars, truck, etc.",44.00,Not Deployed,No Apparent Injury,No Observed,Marijuana Not Suspected,No Observed,Not Tested,F,SUV,No Special Function,false,East,Going Straight,45.00,40.00,40.00,No Contributing Action,,No apparent contributing factor,,,No Automation,,,,,,,,,,,,,,,,,,,,,,,,,,,,,,,,,,,,,,,,,,,,,,,,,,,,,,
250108679,12/8/2025 3:11:00 PM,12/8/2025 3:11:00 PM,0.00,0.00,3.00,0.00,true,false,false,false,39.43,-104.75,7000.00,BAYOU GULCH RD,,On-roadway,1.00,1,Front to Rear,,,,Front to Rear,Straight,Level,Not Applicable,Daylight,Non-intersection,Dry,Clear,,false,false,false,false,false,No Vehicle Defects,Driver,Complied With,None,Not Ejected/Not Applicable,Properly used,"N/A Cars, truck, etc.",16.00,Not Deployed,No Apparent Injury,No Observed,Marijuana Not Suspected,No Observed,Not Tested,m,,SUV,No Special Function,false,West,Going Straight,45.00,25.00,15.00,Careless Driving,,Age / Driver Ability,,,High Automation,,,,,,,,,,,,false,false,false,false,false,No Vehicle Defects,Driver,None,None,Not Ejected/Not Applicable,Properly used,"N/A Cars, truck, etc.",53.00,Not Deployed,No Apparent Injury,No Observed,Marijuana Not Suspected,No Observed,Not Tested,f,SUV,No Special Function,false,West,Slowing,45.00,2.00,25.00,No Contributing Action,,,,,No Automation,,,,,,,,,,,,false,false,false,false,false,Driver,None,None,No,Not used,48.00,Not Deployed,Possible Injury,No Observed,Marijuana Not Suspected,No Observed,Not Tested,m,Pickup Truck/Utility Van,No Special Function,false,West,Going Straight,45.00,5.00,5.00,No Contributing Action,,No apparent contributing factor,,,No Automation,,,,,,,,,,,
250108719,12/8/2025 5:08:00 PM,12/8/2025 5:08:00 PM,0.00,0.00,1.00,0.00,true,false,false,false,39.45,-104.80,6200.00,CROWFOOT VALLEY RD,,On-roadway,0.00,1,Wild Animal,,,,Wild Animal,Straight,Downhill,Not Applicable,Dark-unlighted,Non-intersection,Dry,Clear,,false,false,false,false,false,No Vehicle Defects,Driver,None,None,Not Ejected/Not Applicable,Properly used,"N/A Cars, truck, etc.",41.00,Not Deployed,No Apparent Injury,No Observed,Marijuana Not Suspected,No Observed,Not Tested,f,,SUV,No Special Function,false,North,Going Straight,50.00,50.00,50.00,No Contributing Action,,No apparent contributing factor,,,No Automation,,,,,,,,,,,,,,,,,,,,,,,,,,,,,,,,,,,,,,,,,,,,,,,,,,,,,,,,,,,,,,,,,,,,,,,,,,,,,,,,,,,,,,,,,,,,,,,,,,,
250108736,12/8/2025 5:10:00 PM,12/8/2025 5:10:00 PM,0.00,0.00,1.00,0.00,false,false,false,false,39.55,-104.76,12700.00,PINE DR,,On-roadway,0.00,1,Wild Animal,,,,Wild Animal,Straight,Level,Not Applicable,Dark-unlighted,Non-intersection,Dry,Clear,,false,false,false,false,false,No Vehicle Defects,Driver,Complied With,None,Not Ejected/Not Applicable,Properly used,"N/A Cars, truck, etc.",19.00,Not Deployed,No Apparent Injury,No Observed,Marijuana Not Suspected,No Other Method,Not Tested,f,,SUV,No Special Function,false,South,Going Straight,40.00,30.00,39.00,No Contributing Action,,No apparent contributing factor,,,No Automation,,,,,,,,,,,,,,,,,,,,,,,,,,,,,,,,,,,,,,,,,,,,,,,,,,,,,,,,,,,,,,,,,,,,,,,,,,,,,,,,,,,,,,,,,,,,,,,,,,,
250108740,12/8/2025 6:27:00 PM,12/8/2025 6:27:00 PM,0.00,0.00,1.00,0.00,false,false,false,false,39.54,-104.76,11900.00,PINE DR,,On-roadway,0.00,1,Wild Animal,,,,Wild Animal,Straight,Downhill,Not Applicable,Dark-unlighted,Non-intersection,Dry,Clear,,false,false,false,false,false,No Vehicle Defects,Driver,None,None,Not Ejected/Not Applicable,Properly used,"N/A Cars, truck, etc.",67.00,Not Deployed,No Apparent Injury,No Observed,Marijuana Not Suspected,No Observed,Not Tested,m,,Pickup Truck/Utility Van,No Special Function,false,North,Going Straight,40.00,20.00,20.00,No Contributing Action,,No apparent contributing factor,,,No Automation,,,,,,,,,,,,,,,,,,,,,,,,,,,,,,,,,,,,,,,,,,,,,,,,,,,,,,,,,,,,,,,,,,,,,,,,,,,,,,,,,,,,,,,,,,,,,,,,,,,
250108741,12/8/2025 5:54:00 PM,12/8/2025 5:54:00 PM,0.00,0.00,2.00,1.00,false,false,false,false,39.54,-105.04,12400.00,DUMONT WAY,,On-roadway,0.00,1,Front to Rear,,,,Front to Rear,Straight,Level,Not Applicable,Dark-unlighted,Non-intersection,Dry,Clear,,false,false,false,false,false,No Vehicle Defects,Driver,Complied With,None,Not Ejected/Not Applicable,Properly used,"N/A Cars, truck, etc.",47.00,Not Deployed,No Apparent Injury,No Observed,Marijuana Not Suspected,No Observed,Not Tested,f,,Passenger Car/Passenger Van,No Special Function,false,South,Going Straight,25.00,15.00,15.00,Other Contributing Action,,Distracted/Other Interior,,,No Automation,,,,,,,,,,,,false,false,true,,,,,,,,,,,,,,,,,,Passenger Car/Passenger Van,No Special Function,false,South,Parked,,,,,,,,,,,,,,,,,,,,,,,,,,,,,,,,,,,,,,,,,,,,,,,,,,,,,,,,,,,,,,,
250108792,12/9/2025 2:57:00 AM,12/9/2025 2:57:00 AM,0.00,0.00,1.00,0.00,false,false,false,false,39.24,-104.96,8300.00,PERRY PARK RD,,Ran off left side,1.00,,Fence,,,,Fence,Straight,Uphill,Not Applicable,Dark-unlighted,Non-intersection,Dry,Clear,,true,false,false,false,false,No Vehicle Defects,Driver,None,None,Not Ejected/Not Applicable,Unknown,"N/A Cars, truck, etc.",29.00,Not Deployed,No Apparent Injury,No Observed,Marijuana Not Suspected,No Observed,Not Tested,m,,Pickup Truck/Utility Van,No Special Function,false,Southeast,Going Straight,50.00,50.00,,Other Contributing Action,,Medical,,,No Automation,,,,,,,,,,,,,,,,,,,,,,,,,,,,,,,,,,,,,,,,,,,,,,,,,,,,,,,,,,,,,,,,,,,,,,,,,,,,,,,,,,,,,,,,,,,,,,,,,,,
250108818,12/9/2025 7:50:00 AM,12/9/2025 7:50:00 AM,0.00,1.00,2.00,0.00,false,false,false,false,39.52,-104.72,,PARKER RD,MILLER RD,On-roadway,1.00,1,Front to Side,,,,Front to Side,Curve Left,Uphill,Approach Turn,Daylight,At Intersection,Dry,Cloudy,,false,false,false,false,false,No Vehicle Defects,Driver,None,None,Not Ejected/Not Applicable,Properly used,"N/A Cars, truck, etc.",57.00,Deployed at pos. and others,Suspected Serious Injury,No Observed,Marijuana Not Suspected,No Observed,Not Tested,f,,SUV,No Special Function,false,West,Making Left Turn,40.00,20.00,20.00,Failed to Yield ROW,,Looked / Did Not See,,,No Automation,,,,,,,,,,,,false,false,false,false,false,No Vehicle Defects,Driver,None,None,Not Ejected/Not Applicable,Properly used,"N/A Cars, truck, etc.",39.00,Deployed at pos. and others,No Apparent Injury,No Observed,Marijuana Not Suspected,No Observed,Not Tested,f,SUV,No Special Function,false,East,Going Straight,40.00,40.00,40.00,No Contributing Action,,No apparent contributing factor,,,No Automation,,,,,,,,,,,,,,,,,,,,,,,,,,,,,,,,,,,,,,,,,,,,,,,,,,,,,,
250108864,12/9/2025 9:35:00 AM,12/9/2025 9:35:00 AM,0.00,0.00,2.00,0.00,false,false,false,false,39.53,-104.79,17073.00,CORNERSTONE DR,,On-roadway,0.00,1,Parked Motor Vehicle,,,,Parked Motor Vehicle,Straight,Level,Not Applicable,Daylight,Non-intersection,Dry,Clear,,true,false,false,,,,,,,,,,,,,,,,,,,Unknown Hit & Run Only,No Special Function,false,East,Backing,25.00,5.00,,Improper Backing,,Not Observed,,,No Automation,,,,,,,,,,,,false,false,true,,,,,,,,,,,,,,,,,,SUV,No Special Function,false,West,Parked,25.00,0.00,0.00,,,,,,,,,,,,,,,,,,,,,,,,,,,,,,,,,,,,,,,,,,,,,,,,,,,,,,,,,,,,
250109017,12/8/2025 1:00:00 AM,12/8/2025 1:00:00 AM,0.00,0.00,2.00,0.00,false,false,false,false,39.56,-104.98,8714.00,WILDROSE CT,,On-roadway,0.00,,Parked Motor Vehicle,,,,Parked Motor Vehicle,Straight,Level,Not Applicable,Daylight,Non-intersection,Dry,Clear,,true,false,false,,,,,,,,,,,,,,,,,,,Unknown Hit & Run Only,No Special Function,false,North,Making Left Turn,25.00,10.00,,Careless Driving,,Not Observed,,,Unknown,,,,,,,,,,,,false,false,true,,,,,,,,,,,,,,,,,,Passenger Car/Passenger Van,No Special Function,false,Northwest,Parked,25.00,,,,,,,,,,,,,,,,,,,,,,,,,,,,,,,,,,,,,,,,,,,,,,,,,,,,,,,,,,,,,,
250109043,12/9/2025 4:36:00 PM,12/9/2025 4:36:00 PM,0.00,0.00,2.00,0.00,false,false,false,false,39.56,-104.86,,LIBERTY BLVD,INVERNESS LN SOUTH,On-roadway,2.00,1,Front to Side,Overturning/Rollover,,,Front to Side,Straight,Downhill,Not Applicable,Dawn or dusk,At Intersection,Dry,Wind,,false,false,false,false,false,No Vehicle Defects,Driver,Complied With,None,Not Ejected/Not Applicable,Properly used,"N/A Cars, truck, etc.",19.00,Not Deployed,No Apparent Injury,No Observed,Marijuana Not Suspected,No Observed,Not Tested,m,,Passenger Car/Passenger Van,No Special Function,false,South,Making Left Turn,30.00,15.00,10.00,Failed to Yield ROW,Careless Driving,Looked / Did Not See,Driver Inexperience,,No Automation,,,,,,,,,,,,false,false,false,false,false,No Vehicle Defects,Driver,None,None,Not Ejected/Not Applicable,Properly used,"N/A Cars, truck, etc.",31.00,Deployed at pos. and others,Possible Injury,No Observed,Marijuana Not Suspected,No Observed,Not Tested,f,Passenger Car/Passenger Van,No Special Function,false,West,Going Straight,35.00,35.00,,No Contributing Action,,No apparent contributing factor,,,No Automation,,,,,,,,,,,,,,,,,,,,,,,,,,,,,,,,,,,,,,,,,,,,,,,,,,,,,,
250109050,12/9/2025 5:03:00 PM,12/9/2025 5:03:00 PM,0.00,0.00,2.00,0.00,false,false,false,false,39.55,-104.81,,CHAMBERS RD,AVENTERRA PKWY,On-roadway,1.00,2,Front to Side,,,,Front to Side,Straight,Downhill,Not Applicable,Dark-unlighted,At Intersection,Dry,Clear,,false,false,false,false,false,No Vehicle Defects,Driver,None,None,Not Ejected/Not Applicable,Properly used,"N/A Cars, truck, etc.",24.00,Not Deployed,No Apparent Injury,No Observed,Marijuana Not Suspected,No Observed,Not Tested,f,,Passenger Car/Passenger Van,No Special Function,false,West,Making Left Turn,45.00,15.00,15.00,Failed to Yield ROW,Improper Passing on Right,No apparent contributing factor,,,No Automation,,,,,,,,,,,,false,false,false,false,false,No Vehicle Defects,Driver,None,None,Not Ejected/Not Applicable,Properly used,"N/A Cars, truck, etc.",57.00,Not Deployed,No Apparent Injury,No Observed,Marijuana Not Suspected,No Observed,Not Tested,f,SUV,No Special Function,false,South,Going Straight,45.00,45.00,45.00,No Contributing Action,,No apparent contributing factor,,,No Automation,,,,,,,,,,,,,,,,,,,,,,,,,,,,,,,,,,,,,,,,,,,,,,,,,,,,,,
250109058,12/9/2025 5:42:00 PM,12/9/2025 5:42:00 PM,0.00,0.00,3.00,0.00,false,false,false,false,39.54,-104.81,,CHAMBERS RD,LINCOLN AVE,On-roadway,1.00,1,Front to Rear,,,,Front to Rear,Straight,Level,Not Applicable,Dark-unlighted,Non-intersection,Dry,Clear,,false,false,false,false,true,No Vehicle Defects,Driver,,,Not Ejected/Not Applicable,Properly used,"N/A Cars, truck, etc.",29.00,Deployed at pos. only,No Apparent Injury,Yes Observed,Marijuana Not Suspected,Yes Observed,Blood,m,,Pickup Truck/Utility Van,No Special Function,false,South,Going Straight,45.00,45.00,40.00,Followed Too Closely,,Other Factor,,,No Automation,,,,,,,,,,,,false,false,false,false,false,No Vehicle Defects,Driver,None,None,Not Ejected/Not Applicable,Properly used,"N/A Cars, truck, etc.",61.00,Not Deployed,No Apparent Injury,No Observed,Marijuana Not Suspected,No Observed,Not Tested,f,Pickup Truck/Utility Van,No Special Function,false,South,Going Straight,45.00,45.00,40.00,Followed Too Closely,,Other Factor,,,No Automation,,,,,,,,,,,,false,false,false,false,false,Driver,,,No,Properly used,29.00,Deployed at pos. only,No Apparent Injury,Yes Observed,Marijuana Not Suspected,Yes Observed,Blood,m,Passenger Car/Passenger Van,No Special Function,false,South,Stopped in Traffic,45.00,0.00,0.00,No Contributing Action,,No apparent contributing factor,,,No Automation,,,,,,,,,,,
250109069,12/9/2025 6:06:00 PM,12/9/2025 6:06:00 PM,0.00,0.00,2.00,0.00,false,false,false,false,39.54,-104.81,,CHAMBERS RD,LINCOLN AVE,On-roadway,0.00,3,Front to Rear,,,,Front to Rear,Straight,Level,Not Applicable,Dark-lighted,Intersection Related,Dry,Clear,,true,false,false,false,false,No Vehicle Defects,Driver,Complied With,Complied With,Not Ejected/Not Applicable,Properly used,"N/A Cars, truck, etc.",55.00,Not Deployed,No Apparent Injury,No Other Method,Marijuana Not Suspected,No Other Method,Not Tested,m,,"Medium/Heavy Trucks staying within the state, GVWR/GCWR 16,001 or over",No Special Function,false,South,Backing,45.00,1.00,,Improper Backing,,No apparent contributing factor,,,No Automation,,,,,,,,,,,,false,false,false,false,false,No Vehicle Defects,Driver,Complied With,None,Not Ejected/Not Applicable,Properly used,"N/A Cars, truck, etc.",49.00,Not Deployed,No Apparent Injury,No Observed,Marijuana Not Suspected,No Observed,Not Tested,f,Passenger Car/Passenger Van,No Special Function,false,South,Backing,45.00,1.00,,No Contributing Action,,No apparent contributing factor,,,No Automation,,,,,,,,,,,,,,,,,,,,,,,,,,,,,,,,,,,,,,,,,,,,,,,,,,,,,,
250109087,12/9/2025 8:10:00 PM,12/9/2025 8:10:00 PM,0.00,0.00,1.00,0.00,false,false,false,false,39.54,-104.97,2000.00,HIGHLANDS RANCH PKWY,,On-roadway,0.00,3,Wild Animal,,,,Wild Animal,Straight,Level,Not Applicable,Dark-lighted,Non-intersection,Dry,Clear,,false,false,false,false,false,No Vehicle Defects,Driver,Compliance Not Known,None,Not Ejected/Not Applicable,Properly used,"N/A Cars, truck, etc.",65.00,Not Deployed,No Apparent Injury,No Observed,Marijuana Not Suspected,No Observed,Not Tested,f,,SUV,No Special Function,false,East,Going Straight,45.00,45.00,45.00,No Contributing Action,,No apparent contributing factor,,,No Automation,,,,,,,,,,,,,,,,,,,,,,,,,,,,,,,,,,,,,,,,,,,,,,,,,,,,,,,,,,,,,,,,,,,,,,,,,,,,,,,,,,,,,,,,,,,,,,,,,,,
250109090,12/9/2025 9:04:00 PM,12/9/2025 9:04:00 PM,0.00,0.00,1.00,0.00,false,false,false,false,39.45,-104.68,6300.00,FLINTWOOD RD,,On-roadway,0.00,1,Wild Animal,,,,Wild Animal,Straight,Uphill,Not Applicable,Dark-unlighted,Non-intersection,Dry,Clear,,false,false,false,false,false,No Vehicle Defects,Driver,None,None,Not Ejected/Not Applicable,Properly used,"N/A Cars, truck, etc.",53.00,Not Deployed,No Apparent Injury,No Observed,Marijuana Not Suspected,No Observed,Not Tested,m,,Pickup Truck/Utility Van,No Special Function,false,North,Going Straight,45.00,45.00,45.00,No Contributing Action,,No apparent contributing factor,,,No Automation,,,,,,,,,,,,,,,,,,,,,,,,,,,,,,,,,,,,,,,,,,,,,,,,,,,,,,,,,,,,,,,,,,,,,,,,,,,,,,,,,,,,,,,,,,,,,,,,,,,
250109163,12/10/2025 7:48:00 AM,12/10/2025 7:48:00 AM,0.00,0.00,2.00,0.00,true,false,false,false,39.55,-104.80,,ASHBURY CIR,MARKET ST,On-roadway,0.00,1,Front to Side,,,,Front to Side,Straight,Level,Not Applicable,Daylight,At Intersection,Dry W/Visible Icy Road Treatment,Clear,,false,false,false,false,false,No Vehicle Defects,Driver,None,None,Not Ejected/Not Applicable,Properly used,"N/A Cars, truck, etc.",41.00,Not Deployed,No Apparent Injury,No Observed,Marijuana Not Suspected,No Observed,Not Tested,f,,SUV,No Special Function,false,South,Going Straight,25.00,10.00,15.00,Failed to Yield ROW,,Not Observed,,,No Automation,,,,,,,,,,,,false,false,false,false,false,No Vehicle Defects,Driver,None,None,Not Ejected/Not Applicable,Properly used,"N/A Cars, truck, etc.",45.00,Not Deployed,Possible Injury,No Observed,Marijuana Not Suspected,No Observed,Not Tested,f,SUV,No Special Function,false,East,Going Straight,25.00,30.00,30.00,Speeding,,Sun Glare,,,No Automation,,,,,,,,,,,,,,,,,,,,,,,,,,,,,,,,,,,,,,,,,,,,,,,,,,,,,,